number,chapter,categories,strong_terms,weak_terms_in_verse,commentary_only_terms,n_categories,tamil,translation,explanation,commentary_mv,commentary_mk,label,science_concept,notes
1,1,cosmos_origin,"cosmos_origin:ஆதி*,பகவன்*,primal",direction_earth:உலகு*,direction_earth:உலகம் ; cosmos_origin:உயிர்,1,அகர முதல எழுத்தெல்லாம் ஆதி / பகவன் முதற்றே உலகு.,'A' leads letters; the Ancient Lord Leads and lords the entire world,"As the letter A is the first of all letters, so the eternal God is first in the world",எழுத்துக்கள் எல்லாம் அகரத்தை அடிப்படையாக கொண்டிருக்கின்றன. அதுபோல உலகம் கடவுளை அடிப்படையாக கொண்டிருக்கிறது.,"அகரம் எழுத்துக்களுக்கு முதன்மை; ஆதிபகவன், உலகில் வாழும் உயிர்களுக்கு முதன்மை",,,
3,1,direction_earth,direction_earth:earth,,,1,மலர்மிசை ஏகினான் மாணடி சேர்ந்தார் / நிலமிசை நீடுவாழ் வார்.,Long they live on earth who gain The feet of God in florid brain,"They who are united to the glorious feet of Him who passes swiftly over the flower of the mind, shall flourish long above all worlds","அன்பரின் அகமாகிய மலரில் வீற்றிருக்கும் கடவுளின் சிறந்த திருவடிகளை பொருந்தி நினைக்கின்றவர், இன்ப உலகில் நிலைத்து வாழ்வார்","மலர் போன்ற மனத்தில் நிறைந்தவனைப் பின்பற்றுவோரின் புகழ்வாழ்வு, உலகில் நெடுங்காலம் நிலைத்து நிற்கும்",,,
5,1,time_season|cosmos_origin,time_season:night ; cosmos_origin:இறை*,,light_fire:தீ,2,இருள்சேர் இருவினையும் சேரா இறைவன் / பொருள்சேர் புகழ்புரிந்தார் மாட்டு.,"God's praise who tell, are free from right And wrong, the twins of dreaming night",The two-fold deeds that spring from darkness shall not adhere to those who delight in the true praise of God,கடவுளின் உண்மைப் புகழை விரும்பி அன்பு செலுத்துகின்றவரிடம் அறியாமையால் விளையும் இருவகை வினையும் சேர்வதில்லை,"இறைவன் என்பதற்குரிய பொருளைப் புரிந்து கொண்டு புகழ் பெற விரும்புகிறவர்கள், நன்மை தீமைகளை ஒரே அளவில் எதிர் கொள்வார்கள்",,,
8,1,rain_water,rain_water:sea,,rain_water:கடல்,1,அறவாழி அந்தணன் தாள்சேர்ந்தார்க் கல்லால் / பிறவாழி நீந்தல் அரிது.,Who swims the sea of vice is he Who clasps the feet of Virtue's sea,"None can swim the sea of vice, but those who are united to the feet of that gracious Being who is a sea of virtue","அறக்கடலாக விளங்கும் கடவுளின் திருவடிகளைப் பொருந்தி நினைக்கின்றவர் அல்லாமல், மற்றவர் பொருளும் இன்பமுமாகிய மற்ற கடல்களைக் கடக்க முடியாது","அந்தணர் என்பதற்குப் பொருள் சான்றோர் என்பதால், அறக்கடலாகவே விளங்கும் அந்தச் சான்றோரின் அடியொற்றி நடப்பவர்க்கேயன்றி, மற்றவர்களுக்குப் பிற துன்பக் கடல்களைக் கடப்பது என்பது எளிதான காரியமல்ல",,,
10,1,rain_water|cosmos_origin,rain_water:sea ; cosmos_origin:இறை*,,,2,பிறவிப் பெருங்கடல் நீந்துவர் நீந்தார் / இறைவன் அடிசேரா தார்.,The sea of births they alone swim Who clench His feet and cleave to Him,None can swim the great sea of births but those who are united to the feet of God,இறைவனுடைய திருவடிகளை பொருந்தி நினைக்கின்றவர் பிறவியாகிய பெரிய கடலைக் கடக்க முடியும். மற்றவர் கடக்க முடியாது,"வாழ்க்கை எனும் பெருங்கடலை நீந்திக் கடக்க முனைவோர், தலையானவனாக இருப்பவனின் அடி தொடர்ந்து செல்லாவிடில் நீந்த முடியாமல் தவிக்க நேரிடும்",,,
11,2,rain_water,rain_water:rain,sky_stars:வான்* ; direction_earth:உலகம்*,rain_water:மழை ; cosmos_origin:உயிர்,1,வான்நின்று உலகம் வழங்கி வருதலால் / தான்அமிழ்தம் என்றுணரற் பாற்று.,The genial rain ambrosia call: The world but lasts while rain shall fall,By the continuance of rain the world is preserved in existence; it is therefore worthy to be called ambrosia,"மழை பெய்ய உலகம் வாழ்ந்து வருவதால், மழையானது உலகத்து வாழும் உயிர்களுக்கு அமிழ்தம் என்று உணரத்தக்கதாகும்",உலகத்தை வாழ வைப்பது மழையாக அமைந்திருப்பதால் அதுவே அமிழ்தம் எனப்படுகிறது,,,
12,2,rain_water,"rain_water:மழை*,rain",,,1,துப்பார்க்குத் துப்பாய துப்பாக்கித் துப்பார்க்குத் / துப்பாய தூஉம் மழை.,The rain begets the food we eat,"Rain produces good food, and is itself food","உண்பவர்க்குத் தக்க உணவுப் பொருள்களை விளைவித்துத் தருவதோடு, பருகுவோர்க்குத் தானும் ஓர் உணவாக இருப்பது மழையாகும்","யாருக்கு உணவுப் பொருள்களை விளைவித்துத்தர மழை பயன்படுகிறதோ, அவர்களுக்கே அந்த மழை அவர்கள் அருந்தும் உணவாகவும் ஆகி அரிய தியாகத்தைச் செய்கிறது",,,
13,2,sky_stars|rain_water|direction_earth,"sky_stars:விண்*,sky ; rain_water:rain,clouds?,ocean,sea ; direction_earth:earth",,"rain_water:மழை,கடல் ; cosmos_origin:உயிர்",3,விண்இன்று பொய்ப்பின் விரிநீர் வியனுலகத்து / உள்நின்று உடற்றும் பசி.,"Let clouds their visits stay, and dearth Distresses all the sea-girt earth","If the cloud, withholding rain, deceive (our hopes) hunger will long distress the sea-girt spacious world","மழை பெய்யாமல் பொய்படுமானால், கடல் சூழ்ந்த அகன்ற உலகமாக இருந்தும் பசி உள்ளே நிலைத்து நின்று உயிர்களை வருத்தும்","கடல்நீர் சூழ்ந்த உலகமாயினும், மழைநீர் பொய்த்து விட்டால் பசியின் கொடுமை வாட்டி வதைக்கும்",,,
14,2,rain_water|direction_earth,"rain_water:rain,clouds? ; direction_earth:earth",,rain_water:மழை,2,ஏரின் உழாஅர் உழவர் புயல்என்னும் / வாரி வளங்குன்றிக் கால்.,"Unless the fruitful shower descend, The ploughman's sacred toil must end","If the abundance of wealth imparting rain diminish, the labour of the plough must cease","மழை என்னும் வருவாய் வளம் குன்றி விட்டால், ( உணவுப் பொருள்களை உண்டாக்கும்) உழவரும் ஏர் கொண்டு உழமாட்டார்","மழை என்னும் வருவாய் வளம் குன்றிவிட்டால், உழவுத் தொழில் குன்றி விடும்",,,
15,2,rain_water,"rain_water:மழை*,rain",,cosmos_origin:உயிர்,1,கெடுப்பதூஉம் கெட்டார்க்குச் சார்வாய்மற் றாங்கே / எடுப்பதூஉம் எல்லாம் மழை.,Destruction it may sometimes pour But only rain can life restore,Rain by its absence ruins men; and by its existence restores them to fortune,பெய்யாமல் வாழ்வைக் கெடுக்க வல்லதும் மழை; மழையில்லாமல் வளம் கெட்டு நொந்தவர்க்கும் துணையாய் அவ்வாறே காக்க வல்லதும் மழையாகும்,"பெய்யாமல் விடுத்து உயிர்களின் வாழ்வைக் கெடுக்கக் கூடியதும், பெய்வதன் காரணமாக உயிர்களின் நலிந்த வாழ்வுக்கு வளம் சேர்ப்பதும் மழையே ஆகும்",,,
16,2,rain_water,"rain_water:rain,clouds?",,sky_stars:விண் ; rain_water:மழை ; direction_earth:மண்,1,விசும்பின் துளிவீழின் அல்லால்மற் றாங்கே / பசும்புல் தலைகாண்பு அரிது.,"No grassy blade its head will rear, If from the cloud no drop appear","If no drop falls from the clouds, not even the green blade of grass will be seen","வானத்திலிருந்து மழைத்துளி வீழ்ந்தால் அல்லாமல், உலகத்தில் ஓரறிவுயிராகிய பசும்புல்லின் தலையையும் காண முடியாது",விண்ணிலிருந்து மழைத்துளி விழுந்தாலன்றி மண்ணில் பசும்புல் தலை காண்பது அரிதான ஒன்றாகும்,,,
17,2,rain_water,"rain_water:rain,clouds?,ocean,sea",,"rain_water:மழை,மேகம்,கடல்",1,நெடுங்கடலும் தன்நீர்மை குன்றும் தடிந்தெழிலி / தான்நல்கா தாகி விடின்.,"The ocean's wealth will waste away, Except the cloud its stores repay","Even the wealth of the wide sea will be diminished, if the cloud that has drawn (its waters) up gives them not back again (in rain)","மேகம் கடலிலிருந்து நீரைக் கொண்டு அதனிடத்திலேயே பெய்யாமல் விடுமானால், பெரிய கடலும் தன் வளம் குன்றிப் போகும்",ஆவியான கடல்நீர் மேகமாகி அந்தக் கடலில் மழையாகப் பெய்தால்தான் கடல்கூட வற்றாமல் இருக்கும் மனித சமுதாயத்திலிருந்து புகழுடன் உயர்ந்தவர்களும் அந்தச் சமுதாயத்திற்கே பயன்பட்டால்தான் அந்தச் சமுதாயம் வாழும்,,,
18,2,sky_stars|time_season|direction_earth,"sky_stars:வானம்*,sky,heaven ; time_season:year ; direction_earth:earth",,"rain_water:மழை ; time_season:ஆண்டு,நாள்",3,சிறப்பொடு பூசனை செல்லாது வானம் / வறக்குமேல் வானோர்க்கும் ஈண்டு.,"The earth, beneath a barren sky, Would offerings for the gods deny","If the heaven dry up, neither yearly festivals, nor daily worship will be offered in this world, to the celestials",மழை பெய்யாமல் போகுமானால் இவ்வுலகத்தில் வானோர்க்காக நடைபெறும் திருவிழாவும் நடைபெறாது; நாள் வழிபாடும் நடைபெறாது,"வானமே பொய்த்து விடும்போது, அதன்பின்னர் அந்த வானத்தில் வாழ்வதாகச் சொல்லப்படுகிறவர்களுக்கு விழாக்கள் ஏது? வழிபாடுதான் ஏது?",,,
19,2,sky_stars|rain_water|direction_earth,"sky_stars:வானம்*,heaven ; rain_water:rain ; direction_earth:earth",,rain_water:மழை,3,தானம் தவம்இரண்டும் தங்கா வியன்உலகம் / வானம் வழங்கா தெனின்.,Were heaven above to fail below Nor alms nor penance earth would show,"If rain fall not, penance and alms-deeds will not dwell within this spacious world","மழை பெய்யவில்லையானால், இந்த பெரிய உலகத்தில் பிறர் பொருட்டு செய்யும் தானமும், தம் பொருட்டு செய்யும் தவமும் இல்லையாகும்.","இப்பேருலகில் மழை பொய்த்து விடுமானால் அது, பிறர் பொருட்டுச் செய்யும் தானத்திற்கும், தன்பொருட்டு மேற்கொள்ளும் நோன்புக்கும் தடங்கலாகும்",,,
20,2,rain_water,"rain_water:rain,water",sky_stars:வான்* ; rain_water:நீர்*,rain_water:மழை,1,நீர்இன்று அமையாது உலகெனின் யார்யார்க்கும் / வான்இன்று அமையாது ஒழுக்கு.,Water is life that comes from rain Sans rain our duties go in vain,"If it be said that the duties of life cannot be discharged by any person without water, so without rain there cannot be the flowing of water","எப்படிப்பட்டவர்க்கும் நீர் இல்லாமல் உலக வாழ்க்கை நடைபெறாது என்றால், மழை இல்லையானால் ஒழுக்கமும் நிலைபெறாமல் போகும்","உலகில் மழையே இல்லையென்றால் ஒழுக்கமே கெடக்கூடும் என்ற நிலை இருப்பதால், நீரின் இன்றியமையாமையை உணர்ந்து செயல்பட வேண்டும்",,,
22,3,direction_earth,direction_earth:earth,,,1,துறந்தார் பெருமை துணைக்கூறின் வையத்து / இறந்தாரை எண்ணிக்கொண் டற்று.,To con ascetic glory here Is to count the dead upon the sphere,"To describe the measure of the greatness of those who have forsaken the two-fold desires, is like counting the dead","பற்றுக்களைத் துறந்தவர்களின் பெருமையை அளந்து கூறுதல், உலகத்தில் இதுவரை பிறந்து இறந்தவர்களை கணக்கிடுவதைப்போன்றது.",உலகில் இறந்தவர்களின் எண்ணிக்கை எவ்வளவு என்று கூற முடியுமா? அதுபோலத்தான் உண்மையாகவே பற்றுகளைத் துறந்த உத்தமர்களின் பெருமையையும் அளவிடவே முடியாது,,,
23,3,direction_earth,direction_earth:earth,direction_earth:உலகு*,light_fire:தீ,1,இருமை வகைதெரிந்து ஈண்டுஅறம் பூண்டார் / பெருமை பிறங்கிற்று உலகு.,No lustre can with theirs compare Who know the right and virtue wear,"The greatness of those who have discovered the properties of both states of being, and renounced the world, shines forth on earth (beyond all others)",பிறப்பு வீடு என்பன போல் இரண்டிரண்டாக உள்ளவைகளின் கூறுபாடுகளை ஆராய்ந்தறிந்து அறத்தை மேற்கொண்டவரின் பெருமையே உலகத்தில் உயர்ந்தது,"நன்மை எது, தீமை எது என்பதை ஆய்ந்தறிந்து நன்மைகளை மேற்கொள்பவர்களே உலகில் பெருமைக்குரியவர்களாவார்கள்",,,
24,3,sky_stars,sky_stars:heaven,,light_fire:ஒளி ; vibration_sound:ஓசை,1,உரனென்னும் தோட்டியான் ஓரைந்தும் காப்பான் / வரனென்னும் வைப்பிற்கோர் வித்து.,"With hook of firmness to restrain The senses five, is heaven to gain",He who guides his five senses by the hook of wisdom will be a seed in the world of heaven,"அறிவு என்னும் கருவியினால் ஐம்பொறிகளாகிய யானைகளை அடக்கி காக்க வல்லவன், மேலான வீட்டிற்கு விதை போன்றவன்","உறுதியென்ற அங்குசம் கொண்டு, ஐம்பொறிகளையும் அடக்கிக் காப்பவன், துறவறம் எனும் நிலத்திற்கு ஏற்ற விதையாவான்",,,
25,3,sky_stars,sky_stars:heaven,,sky_stars:வான் ; cosmos_origin:இறை,1,ஐந்தவித்தான் ஆற்றல் அகல்விசும்பு ளார்கோமான் / இந்திரனே சாலுங் கரி.,Indra himself has cause to say How great the power ascetics' sway,"Indra, the king of the inhabitants of the spacious heaven, is himself, a sufficient proof of the strength of him who has subdued his five senses","ஐந்து புலன்களாலாகும் ஆசைகளை ஒழித்தவனுடைய வல்லமைக்கு, வானுலகத்தாரின் தலைவனாகிய இந்திரனே போதுமான சான்று ஆவான்","புலன்களை அடக்க முடியாமல் வழிதவறிச் சென்றிடும் மனிதனுக்குச் சான்றாக இந்திரன் விளங்கி, ஐம்புலன்களால் ஏற்படும் ஆசைகளைக் கட்டுப்படுத்தியதால் வான்புகழ் கொண்டவர்களின் ஆற்றலை எடுத்துக் காட்டுகிறான்",,,
27,3,light_fire|vibration_sound,light_fire:light ; vibration_sound:sound,direction_earth:உலகு*,light_fire:ஒளி ; direction_earth:உலகம் ; vibration_sound:ஓசை,2,சுவைஒளி ஊறுஓசை நாற்றமென ஐந்தின் / வகைதெரிவான் கட்டே உலகு.,"They gain the world, who grasp and tell Of taste, sight, hearing, touch and smell","The world is within the knowledge of him who knows the properties of taste, sight, touch, hearing and smell","சுவை, ஒளி, ஊறு, ஓசை, நாற்றம் என்று சொல்லப்படும் ஐந்தின் வகைகளையும் ஆராய்ந்து அறிய வல்லவனுடைய அறிவில் உள்ளது உலகம்.",ஐம்புலன்களின் இயல்பை உணர்ந்து அவற்றை அடக்கியாளும் திறன் கொண்டவனையே உலகம் போற்றும்,,,
28,3,direction_earth,direction_earth:earth,,,1,நிறைமொழி மாந்தர் பெருமை நிலத்து / மறைமொழி காட்டி விடும்.,"Full-worded men by what they say, Their greatness to the world display","The hidden words of the men whose words are full of effect, will shew their greatness to the world","பயன் நிறைந்த மொழிகளில் வல்ல சான்றோரின் பெருமையை, உலகத்தில் அழியாமல் விளங்கும் அவர்களுடைய மறைமொழிகளே காட்டிவிடும்.","சான்றோர்களின் பெருமையை, இந்த உலகில் அழியாமல் நிலைத்து நிற்கும் அவர்களது அறவழி நூல்களே எடுத்துக் காட்டும்",,,
29,3,direction_earth,direction_earth:mountain,,direction_earth:மலை,1,குணமென்னும் குன்றேறி நின்றார் வெகுளி / கணமேயும் காத்தல் அரிது.,"Their wrath, who've climb'd the mount of good, Though transient, cannot be withstood","The anger of those who have ascended the mountain of goodness, though it continue but for a moment, cannot be resisted","நல்ல பண்புகளாகிய மலையின்மேல் ஏறி நின்ற பெரியோர், ஒரு கணப்பொழுதே சினம் கொள்வார் ஆயினும் அதிலிருந்து ஒருவரைக் காத்தல் அரிதாகும்.",குணக்குன்றுகளான பெரியவர்கள் கோபம் கொண்டால் அந்தக் கோபம் அவர்கள் உள்ளத்தில் ஒரு கணம் கூட நிலைத்து நிற்காது,,,
31,4,sky_stars,sky_stars:heaven,cosmos_origin:உயிர்*,,1,சிறப்புஈனும் செல்வமும் ஈனும் அறத்தினூஉங்கு / ஆக்கம் எவனோ உயிர்க்கு.,From virtue weal and wealth outflow; What greater good can mankind know?,Virtue will confer heaven and wealth; what greater source of happiness can man possess ?,அறம் சிறப்பையும் அளிக்கும்: செல்வத்தையும் அளிக்கும்: ஆகையால் உயிர்க்கு அத்தகைய அறத்தை விட நன்மையானது வேறு யாது?,"சிறப்பையும், செழிப்பையும் தரக்கூடிய அறவழி ஒன்றைத்தவிர ஆக்கமளிக்கக் கூடிய வழி வேறென்ன இருக்கிறது?",,,
34,4,vibration_sound,vibration_sound:sound,,,1,மனத்துக்கண் மாசிலன் ஆதல் அனைத்தறன் / ஆகுல நீர பிற.,In spotless mind virtue is found And not in show and swelling sound,Let him who does virtuous deeds be of spotless mind; to that extent is virtue; all else is vain show,ஒருவன் தன்மனதில் குற்றம் இல்லாதவானாக இருக்க வேண்டும். அறம் அவ்வளவே: மனத்தூய்மை இல்லாத மற்றவை ஆரவாரத் தன்மை உடையவை.,மனம் தூய்மையாக இருப்பதே அறம்; மற்றவை ஆரவாரத்தைத் தவிர வேறொன்றுமில்லை,,,
36,4,time_season,time_season:day,,time_season:நாள்,1,அன்றறிவாம் என்னாது அறஞ்செய்க மற்றது / பொன்றுங்கால் பொன்றாத் துணை.,Do good enow; defer it not A deathless aid in death if sought,Defer not virtue to another day; receive her now; and at the dying hour she will be your undying friend,"இளைஞராக உள்ளவர், பிற்காலத்தில் பார்த்து கொள்ளலாம் என்று எண்ணாமல் அறம் செய்ய வேண்டும். அதுவே உடல் அழியும் காலத்தில் அழியா துணையாகும்.",பிறகு பார்த்துக்கொள்ளலாம் என்று நாள் கடத்தாமல் அறவழியை மேற்கொண்டால் அது ஒருவர் இறந்தபின் கூட அழியாப் புகழாய் நிலைத்துத் துணை நிற்கும்,,,
38,4,time_season,time_season:day,,time_season:நாள்,1,வீழ்நாள் படாஅமை நன்றாற்றின் அஃதொருவன் / வாழ்நாள் வழியடைக்கும் கல்.,Like stones that block rebirth and pain Are doing good and good again,"If one allows no day to pass without some good being done, his conduct will be a stone to block up the passage to other births",ஒருவன் அறம் செய்ய தவறிய நாள் ஏற்படாதவாறு அறத்தை செய்வானானால் அதுவே அவன் உடலோடு வாழும் நாள் வரும் பிறவி வழியை அடைக்கும் கல்லாகும்.,"பயனற்றதாக ஒருநாள்கூடக் கழிந்து போகாமல், தொடர்ந்து நற்செயல்களில் ஈடுபடுபவருக்கு வாழ்க்கைப் பாதையைச் சீராக்கி அமைத்துத் தரும் கல்லாக அந்த நற்செயல்களே விளங்கும்",,,
39,4,light_fire,light_fire:light,,,1,அறத்தான் வருவதே இன்பம் மற்றெல்லாம் / புறத்த புகழும் இல.,Weal flows only from virtue done The rest is rue and renown gone,"Only that pleasure which flows from domestic virtue is pleasure; all else is not pleasure, and it is without praise",அறநெறியில் வாழ்வதன் பயனாக வருவதே இன்பமாகும். அறத்தோடு பொருந்தாமல் வருவன எல்லாம் இன்பம் இல்லாதவை: புகழும் இல்லாதவை.,தூய்மையான நெஞ்சுடன் நடத்தும் அறவழி வாழ்க்கையில் வருகின்ற புகழால் ஏற்படுவதே இன்பமாகும் அதற்கு மாறான வழியில் வருவது புகழும் ஆகாது; இன்பமும் ஆகாது,,,
50,5,sky_stars|direction_earth,sky_stars:heaven ; direction_earth:earth,sky_stars:வான்*,moon:மதி,2,வையத்துள் வாழ்வாங்கு வாழ்பவன் வான்உறையும் / தெய்வத்துள் வைக்கப் படும்.,He is a man of divine worth Who lives in ideal home on earth,"He who on earth has lived in the conjugal state as he should live, will be placed among the Gods who dwell in heaven","உலகத்தில் வாழவேண்டிய அறநெறியில் நின்று வாழ்கிறவன், வானுலகத்தில் உள்ள தெய்வ முறையில் வைத்து மதிக்கப்படுவான்.",தெய்வத்துக்கென எத்தனையோ அருங்குணங்கள் கூறப்படுகின்றன உலகில் வாழ வேண்டிய அறநெறியில் நின்று வாழ்கிறவன் வானில் வாழ்வதாகச் சொல்லப்படும் தெய்வத்துக்கு இணையாக வைத்து மதிக்கப்படுவான்,,,
55,6,rain_water,"rain_water:மழை*,rain",,,1,தெய்வம் தொழாஅள் கொழுநன் தொழுதெழுவாள் / பெய்யெனப் பெய்யும் மழை.,"Her spouse before God who adores, Is like rain that at request pours","If she, who does not worship God, but who rising worships her husband, say, ""let it rain,"" it will rain",வேறு தெய்வம் தொழாதவளாய்த் தன் கணவனையே தெய்வமாகக் கொண்டு தொழுது துயிலெழுகின்றவள் பெய் என்றால் மழை பெய்யும்.,கணவன் வாக்கினைக் கடவுள் வாக்கினை விட மேலானதாகக் கருதி அவனையே தொழுதிடும் மனைவி பெய் என ஆணையிட்டவுடன் அஞ்சி நடுங்கிப் பெய்கின்ற மழையைப் போலத் தன்னை அடிமையாக எண்ணிக் கொள்பவளாவாள்,,,
62,7,light_fire,light_fire:தீ*,,,1,எழுபிறப்பும் தீயவை தீண்டா பழிபிறங்காப் / பண்புடை மக்கட் பெறின்.,No evil comes and no blemish; Noble sons bring all we wish,"The evils of the seven births shall not touch those who abtain children of a good disposition, free from vice",பழி இல்லாத நல்ல பண்பு உடைய மக்களைப்பெற்றால் ஒருவனுக்கு ஏழு பிறவியிலும் தீவினைப் பயனாகிய துன்பங்கள் சென்று சேரா.,"பெற்றெடுக்கும் மக்கள் பழிபடராத பண்புடையவர்களாக இருப்பின், ஏழேழு தலைமுறை எனும் அளவுக்குக் காலமெல்லாம் எந்தத் தீமையும் தீண்டாது",,,
65,7,light_fire|vibration_sound,light_fire:தீ* ; vibration_sound:music,,,2,மக்கள்மெய் தீண்டல் உடற்கின்பம் மற்றுஅவர் / சொற்கேட்டல் இன்பம் செவிக்கு.,Children's touch delights the body Sweet to ears are their words lovely,"The touch of children gives pleasure to the body, and the hearing of their words, pleasure to the ear",மக்களின் உடம்பைத் தொடுதல் உடம்பிற்கு இன்பம் தருவதாகும்: அம் மக்களின் மழலைச் சொற்களைக் கேட்டால் செவிக்கு இன்பம் தருவதாகும்.,"தம் குழந்தைகளைத் தழுவி மகிழ்வது உடலுக்கு இன்பத்தையும், அந்தக் குழந்தைகளின் மழலை மொழி கேட்பது செவிக்கு இன்பத்தையும் வழங்கும்",,,
66,7,vibration_sound,vibration_sound:music,,vibration_sound:இசை,1,குழல்இனிது யாழ்இனிது என்பதம் மக்கள் / மழலைச்சொல் கேளா தவர்.,The flute and lute are sweet they say Deaf to baby's babble's lay!,"""The pipe is sweet, the lute is sweet,"" say those who have not heard the prattle of their own children",தம் மக்களின் மழலைச் சொல்லைக் கேட்டு அதன் இனிமையை நுகராதவரே குழலின் இசை இனியது யாழின் இசை இனியது என்று கூறுவர்.,"தங்கள் குழந்தைகளின் மழலைச் சொல்லைக் கேட்காதவர்கள்தான் குழலோசை, யாழோசை ஆகிய இரண்டும் இனிமையானவை என்று கூறுவார்கள்",,,
68,7,direction_earth,direction_earth:earth,,cosmos_origin:உயிர்,1,தம்மின்தம் மக்கள் அறிவுடைமை மாநிலத்து / மன்னுயிர்க் கெல்லாம் இனிது.,With joy the hearts of parents swell To see their children themselves excel,That their children should possess knowledge is more pleasing to all men of this great earth than to themselves,தம் மக்களின் அறிவுடைமை தமக்கு இன்பம் பயப்பதை விட உலகத்து உயிர்களுக்கேல்லாம் மிகுந்த இன்பம் பயப்பதாகும்.,"பெற்றோரைக் காட்டிலும் பிள்ளைகள் அறிவிற் சிறந்து விளங்கினால், அது பெற்றோருக்கு மட்டுமேயன்றி உலகில் வாழும் அனைவருக்கும் அக மகிழ்ச்சி தருவதாகும்",,,
74,8,time_season,time_season:year,,,1,அன்புஈனும் ஆர்வம் உடைமை அதுஈனும் / நண்பு என்னும் நாடாச் சிறப்பு.,Love yields aspiration and thence Friendship springs up in excellence,Love begets desire: and that (desire) begets the immeasureable excellence of friendship,அன்பு பிறரிடம் விருப்பம் உடையவராக வாழும் தன்மையைத் தரும்: அஃது எல்லாரிடத்தும் நட்பு என்றுசொல்லப்படும் அளவற்ற சிறப்பைத் தரும்,"அன்பு பிறரிடம் பற்றுள்ளம் கொள்ளச் செய்யும் அந்த உள்ளம், நட்பு எனும் பெருஞ்சிறப்பை உருவாக்கும்",,,
75,8,direction_earth,direction_earth:earth,,,1,அன்புற்று அமர்ந்த வழக்கென்ப வையகத்து / இன்புற்றார் எய்தும் சிறப்பு.,The crowning joy of home life flows From peaceful psychic love always,These are the fruits of tranquil life of love,"உலகத்தில் இன்பம் உற்று வாழ்கின்றவர் அடையும் சிறப்பு, அன்பு உடையவராகிப் பொருந்தி வாழும் வாழ்கையின் பயன் என்று கூறுவர்","உலகில் இன்புற்று வாழ்கின்றவர்க்கு வாய்க்கும் சிறப்பு, அவர் அன்புள்ளம் கொண்டவராக விளங்குவதன் பயனே என்று கூறலாம்",,,
77,8,sun,"sun:sun,solar",,,1,என்பி லதனை வெயில்போலக் காயுமே / அன்பி லதனை அறம்.,Justice burns the loveless form Like solar blaze the boneless worm,"Virtue will burn up the soul which is without love, even as the sun burns up the creature which is without bone, ie worms",எலும்பு இல்லாத உடம்போடு வாழும் புழுவை வெயில் காய்ந்து வருத்துவது போல் அன்பு இல்லாத உயிரை அறம் வருத்தும்.,"அறம் எதுவென அறிந்தும் அதனைக் கடைப்பிடிக்காதவரை, அவரது மனச்சாட்சியே வாட்டி வதைக்கும் அது வெயிலின் வெம்மை புழுவை வாட்டுவதுபோல இருக்கும்",,,
83,9,time_season,time_season:day,,time_season:நாள்,1,வருவிருந்து வைகலும் ஓம்புவான் வாழ்க்கை / பருவந்து பாழ்படுதல் இன்று.,Who tends his guests day in and out His life in want never wears out,The domestic life of the man that daily entertains the guests who come to him shall not be laid waste by poverty,"தன்னை நோக்கி வரும் விருந்தினரை நாள் தோறும் போற்றுகின்றவனுடைய வாழ்க்கை, துன்பத்தால் வருந்திக் கெட்டுப் போவதில்லை.","விருந்தினரை நாள்தோறும் வரவேற்று மகிழ்பவரின் வாழ்க்கை, அதன் காரணமாகத் துன்பமுற்றுக் கெட்டொழிவதில்லை",,,
86,9,sky_stars,sky_stars:heaven,,,1,செல்விருந்து ஓம்பி வருவிருந்து பார்த்திருப்பான் / நல்வருந்து வானத் தவர்க்கு.,Who tends a guest and looks for next Is a welcome guest in heaven's feast,"He who, having entertained the guests that have come, looks out for others who may yet come, will be a welcome guest to the inhabitants of heaven","வந்த விருந்தினரைப் போற்றி, இனிவரும் விருந்தினரை எதிர் பார்த்திருப்பவன், வானுலகத்தில் உள்ள தேவர்க்கும் நல்ல விருந்தினனாவான்","வந்த விருந்தினரை உபசரித்து அவர்களை வழியனுப்பி வைக்கும்போதே, மேலும் வரக்கூடிய விருந்தினரை ஆவலுடன் எதிர்நோக்கி நிற்பவனை, புகழ்வானில் இருப்போர் நல்ல விருந்தினன் என்று வரவேற்றுப் போற்றுவர்",,,
88,9,time_season,time_season:day,,,1,பரிந்தோம்பிப் பற்றற்றேம் என்பர் விருந்தோம்பி / வேள்வி தலைப்படா தார்.,"Who loathe guest-service one day cry: \""We toil and store; but life is dry\""","Those who have taken no part in the benevolence of hospitality shall (at length lament) saying, ""we have laboured and laid up wealth and are now without support.""",விருந்தினரை ஓம்பி அந்த வேள்வியில் ஈடுபடாதவர் பொருள்களை வருந்திக்காத்துப் (பின்பு இழந்து) பற்றுக்கொடு இழந்தோமே என்று இரங்குவர்,"செல்வத்தைச் சேர்த்துவைத்து அதனை இழக்கும்போது, விருந்தோம்பல் எனும் வேள்விக்கு அது பயன்படுத்தப்படாமற் போயிற்றே என வருந்துவார்கள்",,,
93,10,light_fire,light_fire:light,,,1,முகத்தான் அமர்ந்து இனிதுநோக்கி அகத்தானாம் / இன்சொ லினதே அறம்.,"Calm face, sweet look, kind words from heart Such is the gracious virtue's part","Sweet speech, flowing from the heart (uttered) with a cheerful countenance and a sweet look, is true virtue",முகத்தால் விரும்பி- இனிமையுடன் நோக்கி- உள்ளம் கலந்து இன்சொற்களைக் கூறும் தன்மையில் உள்ளதே அறமாகும்.,"முகம் மலர நோக்கி, அகம் மலர இனிய சொற்களைக் கூறுவதே அறவழியில் அமைந்த பண்பாகும்",,,
95,10,direction_earth,direction_earth:earth,,,1,பணிவுடையன் இன்சொலன் ஆதல் ஒருவற்கு / அணியல்ல மற்றுப் பிற.,To be humble and sweet words speak No other jewel do wise men seek,Humility and sweetness of speech are the ornaments of man; all others are not (ornaments),வணக்கம் உடையவனாகவும் இன்சொல் வழங்குவோனாகவும் ஆதலே ஒருவனுக்கு அணிகலனாகும் மற்றவை அணிகள் அல்ல.,"அடக்கமான பண்பும், இனிமையாகப் பேசும் இயல்பும் தவிர, ஒருவருக்குச் சிறந்த அணிகலன் வேறு இருக்க முடியாது",,,
98,10,direction_earth,direction_earth:earth,,,1,சிறுமையுவு நீங்கிய இன்சொல் மறுமையும் / இம்மையும் இன்பம் தரும்.,Kind words free from meanness delight This life on earth and life the next,"Sweet speech, free from harm to others, will give pleasure both in this world and in the next",பிறர்க்குத் துன்பம் விளைக்கும் சிறுமையிலிருந்து நீங்கிய இனிய சொற்கள் மறுமைக்கும் இம்மைக்கும் வழங்குவோனுக்கு இன்பம் தரும் .,"சிறுமைத்தனமற்ற இனியசொல் ஒருவனுக்கு அவன் வாழும் போதும், வாழ்ந்து மறைந்த பிறகும் புகழைத் தரக்கூடியதாகும்",,,
101,11,sky_stars|direction_earth,sky_stars:heaven ; direction_earth:earth,,sky_stars:விண் ; direction_earth:மண்,2,செய்யாமல் செய்த உதவிக்கு வையகமும் / வானகமும் ஆற்றல் அரிது.,Unhelped in turn good help given Exceeds in worth earth and heaven,(The gift of) heaven and earth is not an equivalent for a benefit which is conferred where none had been received,தான் ஓர் உதவியும் முன் செய்யாதிருக்கப் பிறன் தனக்கு செய்த உதவிக்கு மண்ணுலகத்தையும் விண்ணுலகத்தையும் கைமாறாகக் கொடுத்தாலும் ஈடு ஆக முடியாது.,"``வாராது வந்த மாமணி'' என்பதுபோல், ``செய்யாமற் செய்த உதவி'' என்று புகழத்தக்க அரிய உதவி வழங்கப்பட்டால், அதற்கு இந்த வானமும் பூமியும் கூட ஈடாக மாட்டா",,,
102,11,direction_earth,direction_earth:earth,,moon:மதி,1,காலத்தி னாற்செய்த நன்றி சிறிதெனினும் / ஞாலத்தின் மாணப் பெரிது.,A help rendered in hour of need Though small is greater than the world,"A favour conferred in the time of need, though it be small (in itself), is (in value) much larger than the world","உற்ற காலத்தில் ஒருவன் செய்த உதவி சிறிதளவாக இருந்தாலும், அதன் தன்மையை அறிந்தால் உலகைவிட மிகப் பெரிதாகும்.","தேவைப்படும் காலத்தில் செய்யப்படும் உதவி சிறிதளவாக இருந்தாலும், அது உலகத்தைவிடப் பெரிதாக மதிக்கப்படும்",,,
103,11,rain_water,rain_water:sea,,,1,பயன்தூக்கார் செய்த உதவி நயன்தூக்கின் / நன்மை கடலின் பெரிது.,Help rendered without weighing fruits Outweighs the sea in grand effects,"If we weigh the excellence of a benefit which is conferred without weighing the return, it is larger than the sea",இன்ன பயன் கிடைக்கும் என்றுஆராயாமல் ஒருவன் செய்த உதவியின் அன்புடைமையை ஆராய்ந்தால் அதன் நன்மை கடலைவிட பெரியதாகும் .,"என்ன பயன் கிடைக்கும் என்று எண்ணிப் பார்க்காமலே, அன்பின் காரணமாக ஒருவர் செய்த உதவியின் சிறப்பு கடலை விடப் பெரிது",,,
107,11,direction_earth,direction_earth:earth,,,1,எழுமை எழுபிறப்பும் உள்ளுவர் தங்கண் / விழுமந் துடைத்தவர் நட்பு.,"Through sevenfold births, in memory fares The willing friend who wiped one's tears",(The wise) will remember throughout their seven-fold births the love of those who have wiped away their affliction,தம்முடைய துன்பத்தைப் போக்கி உதவியவரின் நட்பைப் பல்வேறு வகையான பிறவியிலும் மறவாமல் போற்றுவர் பெரியோர்.,"ஏழேழு தலைமுறைக்கு என்றும் ஏழேழு பிறவிக்கு என்றும் மிகைப்படுத்திச் சொல்வதுபோல, ஒருவருடைய துன்பத்தைப் போக்கியவரின் தூய்மையான நட்பை நினைத்துப் போற்றுவதற்குக் கால எல்லையே கிடையாது",,,
108,11,time_season,time_season:day,,light_fire:தீ,1,நன்றி மறப்பது நன்றன்று நன்றல்லது / அன்றே மறப்பது நன்று.,To forget good turns is not good Good it is over wrong not to brood,It is not good to forget a benefit; it is good to forget an injury even in the very moment (in which it is inflicted),ஒருவரர்முன்செய்த நன்மையை மறப்பது அறம் அன்று; அவர் செய்த தீமையைச் செய்த அப்‌பொழுதே மறந்து விடுவது அறம்.,ஒருவர் நமக்குச் செய்த நன்மையை மறப்பது நல்லதல்ல; அவர் தீமை செய்திருந்தால் அதை மட்டும் அக்கணமே மறந்து விடுவது நல்லது,,,
113,12,time_season,time_season:day,,light_fire:தீ,1,நன்றே தரினும் நடுவிகந்தாம் ஆக்கத்தை / அன்றே யொழிய விடல்.,"Though profitable, turn away From unjust gains without delay","Forsake in the very moment (of acquisition) that gain which, though it should bring advantage, is without equity",தீமை பயக்காமல் நன்மையே தருவதானாலும் நடுவு நி‌லைமை தவறி உண்டாகும் ஆக்கத்தை அப்போதே கைவிட வேண்டும்.,"நடுவுநிலை தவறுவதால் ஏற்படக்கூடிய பயன் நன்மையையே தரக் கூடியதாக இருந்தாலும், அந்தப் பயனைக் கைவிட்டு நடுவுநிலையைத்தான் கடைப்பிடிக்க வேண்டும்",,,
121,13,time_season,time_season:night,,light_fire:தீ,1,அடக்கம் அமரருள் உய்க்கும் அடங்காமை / ஆரிருள் உய்த்து விடும்.,Self-rule leads to realms of gods Indulgence leads to gloomy hades,Self-control will place (a man) among the Gods; the want of it will drive (him) into the thickest darkness (of hell),"அடக்கம் ஒருவனை உயர்த்தித் தேவருள் சேர்க்கும்; அடக்கம் இல்லாதிருத்தல், பொல்லாத இருள் போன்ற தீய வாழ்க்கையில் செலுத்தி விடும்.",அடக்கம் அழியாத புகழைக் கொடுக்கும் அடங்காமை வாழ்வையே இருளாக்கி விடும்,,,
124,13,direction_earth,"direction_earth:மலை*,mountain",,,1,நிலையின் திரியாது அடங்கியான் தோற்றம் / மலையினும் மாணப் பெரிது.,Firmly fixed in self serene The sage looks grander than mountain,"More lofty than a mountain will be the greatness of that man who without swerving from his domestic state, controls himself","தன் நிலையிலிருந்து மாறுபடாமல் அடங்கி ஒழுகுவோனுடைய உயர்வு, மலையின் உயர்வை விட மிகவும் பெரிதாகும்.","உறுதியான உள்ளமும், அத்துடன் ஆர்ப்பாட்டமற்ற அடக்க உணர்வும் கொண்டவரின் உயர்வு, மலையைவிடச் சிறந்தது எனப் போற்றப்படும்",,,
128,13,light_fire,light_fire:தீ*,,,1,ஒன்றானுந் தீச்சொல் பொருட்பயன் உண்டாயின் / நன்றாகா தாகி விடும்.,Even a single evil word Will turn all good results to bad,"If a man's speech be productive of a single evil, all the good by him will be turned into evil","தீய ‌சொற்களின் பொருளால் விளையும் தீமை ஒன்றாயினும் ஒருவனிடம் உண்டானால், அதனால் மற்ற அறங்களாலும் நன்மை விளையாமல் போகும்.","ஒரு குடம் பாலில் துளி நஞ்சுபோல், பேசும் சொற்களில் ஒரு சொல் தீய சொல்லாக இருந்து துன்பம் விளைவிக்குமானாலும், அந்தப் பேச்சில் உள்ள நல்ல சொற்கள் அனைத்தும் தீயவாகிவிடும்",,,
129,13,light_fire,"light_fire:தீ*,fire",,,1,தீயினாற் சுட்டபுண் உள்ளாறும் ஆறாதே / நாவினாற் சுட்ட வடு.,The fire-burnt wounds do find a cure Tongue-burnt wound rests a running sore,"The wound which has been burnt in by fire may heal, but a wound burnt in by the tongue will never heal",தீயினால் சுட்ட புண் புறத்தே வடு இருந்தாலும் உள்ளே ஆறிவிடும்; ஆனால் நாவினால் தீய சொல் கூறிச் சுடும் வடு என்றும் ஆறாது.,நெருப்பு சுட்ட புண்கூட ஆறி விடும்; ஆனால் வெறுப்புக் கொண்டு திட்டிய சொற்கள் விளைத்த துன்பம் ஆறவே ஆறாது,,,
133,14,direction_earth,direction_earth:earth,,,1,ஒழுக்கம் உடைமை குடிமை இழுக்கம் / இழிந்த பிறப்பாய் விடும்.,Good conduct shows good family Low manners mark anomaly,"Propriety of conduct is true greatness of birth, and impropriety will sink into a mean birth",ஒழுக்கம் உடையவராக வாழ்வதே உயர்ந்த குடிப்பிறப்பின் தன்மையாகும்; ஒழுக்கம் தவறுதல் இழிந்த குடிப்பிறப்பின் தன்மையாகி விடும்.,ஒழுக்கம் உடையவராக வாழ்வதுதான் உயர்ந்த குடிப்பிறப்புக்கு எடுத்துக் காட்டாகும் ஒழுக்கம் தவறுகிறவர்கள் யாராயினும் அவர்கள் இழிந்த குடியில் பிறந்தவர்களாகவே கருதப்படுவர்,,,
138,14,light_fire,light_fire:தீ*,,,1,நன்றிக்கு வித்தாகும் நல்லொழுக்கம் தீயொழுக்கம் / என்றும் இடும்பை தரும்.,Good conduct sows seeds of blessings Bad conduct endless evil brings,Propriety of conduct is the seed of virtue; impropriety will ever cause sorrow,நல்லொழுக்கம் இன்பமான நல்வாழ்க்கைக்குக் காரணமாக இருக்கும்; தீயொழுக்கம் எப்போதும் துன்பத்தைக் கொடுக்கும்.,"நல்லொழுக்கம், வாழ்க்கையில் நன்மைக்கு வித்தாக அமையும் தீயொழுக்கம், தீராத துன்பம் தரும்",,,
139,14,light_fire,light_fire:தீ*,,,1,ஒழுக்க முடையவர்க்கு ஒல்லாவே தீய / வழுக்கியும் வாயாற் சொலல்.,Foul words will never fall from lips Of righteous men even by slips,"Those who study propriety of conduct will not speak evil, even forgetfully","தீய சொற்களைத் தவறியும் தம்முடைய வாயால் சொல்லும் குற்றம், ஒழுக்கம் உடையவர்க்குப் பொருந்தாததாகும்.",தவறியும்கூடத் தம் வாயால் தகாத சொற்களைச் சொல்வது ஒழுக்கம் உடையவர்களிடம் இல்லாத பண்பாகும்,,,
143,15,light_fire,light_fire:தீ*,,cosmos_origin:உயிர்,1,விளிந்தாரின் வேறல்லர் மன்ற தெளிந்தாரில் / தீமை புரிந்து ஒழுகு வார்.,The vile are dead who evil aim And put faithful friends' wives to shame,Certainly they are no better than dead men who desire evil towards the wife of those who,"ஐயமில்லாமல் தெளிந்து நம்பியவருடைய மனைவியிடத்தே விருப்பம் கொண்டு தீமையைச் செய்து நடப்பவர், செத்தவரை விட வேறுபட்டவர் அல்லர்.","நம்பிக் பழகியவர் வீட்டில், அவரது மனைவியிடம் தகாத செயலில் ஈடுபட முனைகிறவன், உயிர் இருந்தும் பிணத்திற்கு ஒப்பானவனேயாவான்",,,
149,15,rain_water|direction_earth,"rain_water:ocean,sea ; direction_earth:earth",,rain_water:கடல் ; light_fire:தீ,2,நலக்குரியார் யாரெனின் நாமநீர் வைப்பின் / பிறர்க்குரியாள் தோள்தோயா தார்.,Good in storm bound earth is with those Who clasp not arms of another's spouse,"Is it asked, ""who are those who shall obtain good in this world surrounded by the terror-producing sea ?"" Those who touch not the shoulder of her who belongs to another",கடல் சூழ்ந்த உலகத்தில் நன்மைக்கு உரியவர் யார் என்றொல் பிறனுக்கு உரிமையானவளின் தோளைப் பொருந்தாதவரே ஆவர்,பிறன் மனைவியின் தோளைத் தீண்டாதவரே கடல் சூழ் இவ்வுலகின் பெருமைகளை அடைவதற்குத் தகுதியுடையவர்,,,
151,16,direction_earth,"direction_earth:நிலம்*,earth",,moon:மதி,1,அகழ்வாரைத் தாங்கும் நிலம்போலத் தம்மை / இகழ்வார்ப் பொறுத்தல் தலை.,As earth bears up with diggers too To bear revilers is prime virtue,"To bear with those who revile us, just as the earth bears up those who dig it, is the first of virtues","தன்னை வெட்டுவோரையும் விழாமல் தாங்குகின்ற நிலம் போல், தம்மை இகழ்வாரையும் பொறுப்பதே தலையான பண்பாகும்",தன்மீது குழி பறிப்போரையே தாங்குகின்ற பூமியைப் போல் தம்மை இகழ்ந்து பேசுகிறவர்களின் செயலையும் பொறுத்துக் கொள்வதே தலைசிறந்த பண்பாகும்,,,
156,16,time_season|direction_earth,time_season:day ; direction_earth:earth,,light_fire:தீ ; time_season:நாள் ; direction_earth:உலகம்,2,ஒறுத்தார்க்கு ஒருநாளை இன்பம் பொறுத்தார்க்குப் / பொன்றுந் துணையும் புகழ்.,Revenge accords but one day's joy Patience carries its praise for aye,The pleasure of the resentful continues for a day The praise of the patient will continue until (the final destruction of) the world,தீங்கு செய்தவரைப் பொறுக்காமல் வருத்தினவர்க்கு ஒருநாள் இன்பமே; பொறுத்தவர்க்கு உலகம் அழியும் வரைக்கும் புகழ் உண்டு.,"தமக்குக் கேடு செய்தவரை மன்னித்திடாமல் தண்டிப்பவர்க்கு அந்த ஒரு நாள் மட்டுமே இன்பமாக அமையும் மறப்போம் மன்னிப்போம் எனப் பொறுமை கடைப் பிடிப்பபோருக்கோ, வாழ்நாள் முழுதும் புகழ்மிக்கதாக அமையும்",,,
162,17,direction_earth,direction_earth:earth,,,1,விழுப்பேற்றின் அஃதொப்பது இல்லையார் மாட்டும் / அழுக்காற்றின் அன்மை பெறின்.,No excellence excels the one That by nature envies none,Amongst all attainable excellences there is none equal to that of being free from envy towords others,"யாரிடத்திலும் பொறாமை இல்லாதிருக்கப் பெற்றால், ஒருவன் பெறத்தக்க மேம்பாடான பேறுகளில் அதற்கு ஒப்பானது வேறொன்றும் இல்லை.",யாரிடமும் பொறாமை கொள்ளாத பண்பு ஒருவர்க்கு வாய்க்கப் பெறுமேயானால் அதற்கு மேலான பேறு அவருக்கு வேறு எதுவுமில்லை,,,
166,17,rain_water,rain_water:rain,sky_stars:உடு*,light_fire:தீ ; vibration_sound:அலை,1,கொடுப்பது அழுக்கறுப்பான் சுற்றம் உடுப்பதூஉம் / உண்பதூஉம் இன்றிக் கெடும்.,Who envies gifts shall suffer ruin Without food and clothes with his kin,He who is envious at a gift (made to another) will with his relations utterly perish destitute of food and rainment,"பிறர்க்கு உதவியாகக் கொடுக்கப்படும் பொருளைக் கண்டு பொறாமைப்படுகின்றவனுடைய சுற்றம், உடையும் உணவும் இல்லாமல் கெடும்.","உதவியாக ஒருவருக்குக் கொடுக்கப்படுவதைப் பார்த்துப் பொறாமை கொண்டால் அந்தத் தீய குணம், அவனை மட்டுமின்றி அவனைச் சார்ந்திருப்போரையும் உணவுக்கும், உடைக்கும்கூட வழியில்லாமல் ஆக்கிவிடும்",,,
168,17,light_fire,"light_fire:தீ*,fire",,,1,அழுக்காறு எனஒரு பாவி திருச்செற்றுத் / தீயுழி உய்த்து விடும்.,Caitiff envy despoils wealth And drags one into evil path,Envy will destroy (a man's) wealth (in his world) and drive him into the pit of fire (in the world to come.),"பொறாமை என்று கூறப்படும் ஒப்பற்ற பாவி, ஒருவனுடைய செல்வத்தைக் கெடுத்துத் தீய வழியில் அவனைச் செலுத்தி விடும்.",பொறாமை எனும் தீமை ஒருவனுடைய செல்வத்தையும் சிதைத்துத் தீய வழியிலும் அவனை விட்டுவிடும்,,,
170,17,light_fire,light_fire:தீ*,,,1,அழுக்கற்று அகன்றாரும் இல்லை அஃதுஇல்லார் / பெருக்கத்தில் தீர்ந்தாரும் இல்.,The envious prosper never The envyless prosper ever,Never have the envious become great; never have those who are free from envy been without greatness,பொறாமைப்பட்டுப் பெருமையுற்றவரும் உலகத்தில் இல்லை; பொறாமை இல்லாதவராய் மேம்பாட்டிலிருந்து நீங்கியவரும் இல்லை.,பொறாமை கொண்டதால் புகழ் பெற்று உயர்ந்தோரும் இல்லை; பொறாமை இல்லாத காரணத்தால் புகழ் மங்கி வீழ்ந்தோரும் இல்லை,,,
173,18,sky_stars,sky_stars:heaven,,,1,சிற்றின்பம் வெஃகி அறனல்ல செய்யாரே / மற்றின்பம் வேண்டு பவர்.,For spiritual bliss who long For fleeting joy commit no wrong,Those who desire the higher pleasures (of heaven) will not act unjustly through desire of the trifling joy. (in this life.),"அறநெறியால் பெறும் இன்பத்தை விரும்புகின்றவர், நிலையில்லாத சிறிய இன்பத்தை விரும்பி அறம் அல்லாதவற்றைச் செய்யார்.",அறவழியில் நிலையான பயனை விரும்புகிறவர் உடனடிப் பயன் கிடைக்கிறது என்பதற்காக அறவழி தவறி நடக்க மாட்டார்,,,
175,18,direction_earth,direction_earth:earth,,,1,அஃகி அகன்ற அறிவென்னாம் யார்மாட்டும் / வெஃகி வெறிய செயின்.,What is one's subtle wisdom worth If it deals ill with all on earth,What is the advantage of extensive and accurate knowledge if a man through covetousness act senselessly towards all ?,"யாரிடத்திலும் பொருளைக் கவர விரும்பிப் பொருந்தாதவற்றைச் செய்தால், நுட்பமானதாய் விரிவுடையதாய் வளர்ந்த அறிவால் பயன் என்ன?",யாராயிருப்பினும் அவரது உடைமையை அறவழிக்குப் புறம்பாகக் கவர விரும்பினால் ஒருவருக்குப் பகுத்துணரும் நுண்ணிய அறிவு இருந்துதான் என்ன பயன்?,,,
182,19,light_fire,light_fire:தீ*,,,1,அறனழீஇ அல்லவை செய்தலின் தீதே / புறனழீஇப் பொய்த்து நகை.,"Who bite behind, and before smile Are worse than open traitors vile",To smile deceitfully (in another's presence) after having reviled him to his destruction (behind his back) is a greater evil than the commission of (every other) sin and the destruction of (every) virtue,"அறத்தை அழித்துப் பேசி அறமல்லாதவைகளைச் செய்வதை விட, ஒருவன் இல்லாதவிடத்தில் அவனைப் பழித்துப் பேசி நேரில் பொய்யாக முகமலர்ந்து பேசுதல் தீமையாகும்.","ஒருவரை நேரில் பார்க்கும் பொழுது பொய்யாகச் சிரித்துப் பேசிவிட்டு, அவர் இல்லாத இடத்தில் அவரைப் பற்றிப் பொல்லாங்கு பேசுவது அறவழியைப் புறக்கணித்து விட்டு, அதற்கு மாறான காரியங்களைச் செய்வதைவிடக் கொடுமையானது",,,
189,19,direction_earth,direction_earth:earth,,direction_earth:நிலம்,1,அறன்நோக்கி ஆற்றுங்கொல் வையம் புறன்நோக்கிப் / புன்சொல் உரைப்பான் பொறை.,The world in mercy bears his load Who rants behind words untoward,The world through charity supports the weight of those who reproach others observing their absence,"ஒருவர் நேரில் இல்லாதது கண்டு பழிச்‌சொல் கூறுவோனுடைய உடல் பாரத்தை, இவனையும் சுமப்பதே எனக்கு அறம் என்று கருதி நிலம் சுமக்கின்றதோ?",ஒருவர் நேரில் இல்லாதபோது பழிச்சொல் கூறுவோனுடைய உடலை `இவனைச் சுமப்பதும் அறமே' என்று கருதித்தான் நிலம் சுமக்கிறது,,,
190,19,light_fire,light_fire:தீ*,cosmos_origin:உயிர்*,,1,ஏதிலார் குற்றம்போல் தங்குற்றங் காண்கிற்பின் / தீதுண்டோ மன்னும் உயிர்க்கு.,No harm would fall to any man If each his own defect could scan,"If they observed their own faults as they observe the faults of others, would any evil happen to men ?","அயலாருடைய குற்றத்தைக் காண்பது போல் தம் குற்றத்தையும் காண வல்லவரானால், நிலைபெற்ற உயிர் வாழ்க்கைக்குத் துன்பம் உண்ட‌ோ?",பிறர் குற்றத்தைக் காண்பவர்கள் தமது குற்றத்தையும் எண்ணிப் பார்ப்பார்களேயானால் புறங்கூறும் பழக்கமும் போகும்; வாழ்க்கையும் நிம்மதியாக அமையும்,,,
201,21,light_fire,light_fire:தீ*,,,1,தீவினையார் அஞ்சார் விழுமியார் அஞ்சுவர் / தீவினை என்னும் செருக்கு.,Sinners fear not the pride of sin The worthy dread the ill within,"Those who have experience of evil deeds will not fear, but the excellent will fear the pride of sin","தீயவை செய்தலாகிய செருக்கைத் தீவினை உடைய பாவிகள் அஞ்சார், தீவினை இல்லாத மேலோர் மட்டுமே அஞ்சுவர்.",தீயவர்கள் தீவினை செய்ய அஞ்சமாட்டார்கள்; தீவினையால் மகிழ்ச்சி ஏற்படுவதாயினும் அதனைச் செய்திடச் சான்றோர் அஞ்சி நடுங்குவார்கள்,,,
202,21,light_fire,"light_fire:தீ*,fire",,,1,தீயவை தீய பயத்தலால் தீயவை / தீயினும் அஞ்சப் படும்.,Since evil begets evil dire Fear ye evil more than fire,"Because evil produces evil, therefore should evil be feared more than fire","தீயசெயல்கள் தீமையை விளைவிக்கும் தன்மை உடையனவாக இருத்தலால், அத் தீயச் செயல்கள் தீயைவிடக் கொடியனவாகக் கருதி அஞ்சப்படும்.",தீய செயல்களால் தீமையே விளையும் என்பதால் அச்செயல்களைத் தீயை விடக் கொடுமையானவையாகக் கருதி அவற்றைச் செய்திட அஞ்சிட வேண்டும்,,,
203,21,light_fire,light_fire:தீ*,,,1,அறிவினுள் எல்லாந் தலையென்ப தீய / செறுவார்க்கும் செய்யா விடல்.,The wisest of the wise are those Who injure not even their foes,"So shalt thou wisdom's highest law, 'tis said, fulfil","தம்மை வருத்துவோர்க்கும் தீய செயல்களைச் செய்யாமலிருத்தலை, அறிவு எல்லாவற்றிலும் தலையான அறிவு என்று கூறுவர்.","தீமை செய்தவர்க்கு அதையே திருப்பிச் செய்யாமலிருத்தலை, எல்லா அறிவிலும் முதன்மையான அறிவு என்று போற்றுவர்",,,
205,21,light_fire,light_fire:தீ*,,,1,இலன்என்று தீயவை செய்யற்க செய்யின் / இலனாகும் மற்றும் பெயர்த்து.,Who makes poverty plea for ill Shall reduce himself poorer still,"Commit not evil, saying, ""I am poor"": if you do, you will become poorer still","யான் வறியவன் என்று நினைத்துத் தீய செயல்களைச் செய்யக்கூடாது, செய்தால் மீண்டும் வறியவன் ஆகி வருந்துவான்.",வறுமையின் காரணமாக ஒருவன் தீய செயல்களில் ஈடுபடக்கூடாது; அப்படி ஈடுபட்டால் மீண்டும் அவன் வறுமையிலேயே வாட வேண்டியிருக்கும்,,,
206,21,light_fire,light_fire:தீ*,,,1,தீப்பால தான்பிறர்கண் செய்யற்க நோய்ப்பால / தன்னை அடல்வேண்டா தான்.,From wounding others let him refrain Who would from harm himself remain,Let him not do evil to others who desires not that sorrows should pursue him,"துன்பம் செய்யும் தீவினைகள் தன்னை வருத்துதலை விரும்பாதவன், தீயசெயல்களைத் தான் பிறருக்குச் செய்யாமலிருக்க வேண்டும்.",வேதனை விளைவிக்கும் தீய செயல்கள் தன்னைத் தாக்கலாகாது என எண்ணுகிறவன் அவனும் அத்தீங்குகளைப் பிறருக்குச் செய்யாமல் இருக்க வேண்டும்,,,
208,21,light_fire,light_fire:தீ*,,,1,தீயவை செய்தார் கெடுதல் நிழல்தன்னை / வீயாது அஇஉறைந் தற்று.,Ruin follows who evil do As shadow follows as they go,Destruction will dwell at the heels of those who commit evil even as their shadow that leaves them not,"தீய செயல்களைச் செய்தவர் கேட்டை அடைதல், ஒருவனுடைய நிழல் அவனை விடாமல் வந்து அடியில் தங்கியிருத்தலைப் போன்றது.","ஒருவருடைய நிழல் அவருடனேயே ஒன்றியிருப்பதைப்போல், தீய செயல்களில் ஈடுபடுகிறவர்களை விட்டுத் தீமையும் விலகாமல், தொடர்ந்து ஒட்டிக் கொண்டிருக்கும்",,,
209,21,light_fire,light_fire:தீ*,,,1,தன்னைத்தான் காதல னாயின் எனைத்தொன்றும் / துன்னற்க தீவினைப் பால்.,Let none who loves himself at all Think of evil however small,"If a man love himself, let him not commit any sin however small","ஒருவன் தன்னைத் தான் விரும்பி வாழ்பவனாயின், தீய செயலாகிய பகுதியை எவ்வளவு சிறியதாயினும் பொருந்தாமல் நீங்க வேண்டும்.",தனது நலத்தை விரும்புகிறவன் தீய செயல்களின் பக்கம் சிறிதளவுகூட நெருங்கலாகாது,,,
210,21,light_fire,light_fire:தீ*,,,1,அருங்கேடன் என்பது அறிக மருங்கோடித் / தீவினை செய்யான் எனின்.,"He is secure, know ye, from ills Who slips not right path to do evils","Know ye that he is freed from destruction who commits no evil, going to neither side of the right path",ஒருவன் தவறான நெறியில் சென்று தீயசெயல் செய்யாதிருப்பானானால் அவன் கேடு இல்லாதவன் என்று அறியலாம்.,வழிதவறிச் சென்று பிறர்க்குத் தீங்கு விளைவிக்காதவர்க்கு எந்தக் கேடும் ஏற்படாது என்பதை அறிந்து கொள்க,,,
211,22,sky_stars|rain_water|direction_earth,"sky_stars:heaven ; rain_water:rain,clouds? ; direction_earth:earth",direction_earth:உலகு*,rain_water:மழை ; direction_earth:உலகம்,3,கைம்மாறு வேண்டா கடப்பாடு மாரிமாட்டு / என் ஆற்றுங் கொல்லோ உலகு.,Duty demands nothing in turn; How can the world recompense rain?,Benevolence seeks not a return. What does the world give back to the clouds ?,"இந்த உலகத்தார் மழைக்கு என்ன கைமாறு செய்கின்றனர்;, மழை போன்றவர் செய்யும் உதவிகளும் கைமாறு வேண்டாதவை.",கைம்மாறு கருதி மழை பொழிவதில்லை; அந்த மழையைப் போன்றவர்கள் கைம்மாறு கருதி எந்த உதவியும் செய்பவர்கள் அல்லர்,,,
213,22,direction_earth,direction_earth:earth,,,1,புத்தே ளுலகத்தும் ஈண்டும் பெறலரிதே / ஒப்புரவின் நல்ல பிற.,In heav'n and earth 'tis hard to find A greater good than being kind,It is difficult to obtain another good equal to benevolence either in this world or in that of the gods,பிறர்க்கு உதவி செய்து வாழும் ஒப்புரவைப் போல நல்லனவாகிய வேறு அறப்பகுதிகளைத் தேவருலகத்திலும் இவ்வுலகத்திலும் பெறுதல் இயலாது.,"பிறர்க்கு உதவிடும் பண்பாகிய ``ஒப்புரவு'' என்பதைவிடச் சிறந்த பண்பினை இன்றைய உலகிலும், இனிவரும் புதிய உலகிலும் காண்பது அரிது",,,
215,22,rain_water,rain_water:water,rain_water:நீர்*,direction_earth:உலகம்,1,ஊருணி நீர்நிறைந் தற்றே உலகவாம் / பேரறி வாளன் திரு.,The wealth that wise and kind do make Is like water that fills a lake,"The wealth of that man of eminent knowledge who desires to exercise the benevolence approved of by the world, is like the full waters of a city-tank","ஒப்புரவினால் உலகம் வாழுமாறு விரும்பும் பேரறிவாளியின் செல்வம், ஊரார் நீருண்ணும் குளம் நீரால் நிறைந்தாற் போன்றது.",பொதுநல நோக்குடன் வாழ்கின்ற பேரறிவாளனின் செல்வமானது ஊர் மக்கள் அனைவருக்கும் பயன் தரும் நீர் நிறைந்த ஊருணியைப் போன்றதாகும்,,,
222,23,sky_stars,sky_stars:heaven,,sky_stars:விண் ; light_fire:தீ,1,நல்லாறு எனினும் கொளல்தீது மேலுலகம் / இல்லெனினும் ஈதலே நன்று.,"To beg is bad e'en from the good To give is good, were heaven forbid","To beg is evil, even though it were said that it is a good path (to heaven) To give is good, even though it were said that those who do so cannot obtain heaven","பிறரிடம் பொருள் பெற்றுக் கொள்ளுதல் நல்ல நெறி என்றாலும் கொள்ளல் தீமையானது, மேலுலகம் இல்லை என்றாலும் பிறக்குக் கொடுப்பதே சிறந்தது.",பிறரிடமிருந்து நல்வழியில் பொருளைப் பெற்றாலும் அது பெருமையல்ல; சிறுமையே ஆகும் கொடை வழங்குவதால் மேலுலகம் என்று சொல்லப்படுவது கிட்டிவிடப் போவதில்லை; எனினும் பிறர்க்குக் கொடுத்து வாழ்வதே சிறந்த வாழ்க்கையாகும்,,,
226,23,light_fire,light_fire:தீ*,,,1,அற்றார் அழிபசி தீர்த்தல் அஃதொருவன் / பெற்றான் பொருள்வைப் புழி.,Drive from the poor their gnawing pains If room you seek to store your gains,The removal of the killing hunger of the poor is the place for one to lay up his wealth,வறியவரின் கடும்பசியைத் தீர்க்க வேண்டும் அதுவே பொருள் பெற்ற ஒருவன் அப் பொருளைத் தனக்குப் பிற்காலத்தில் உதவுமாறு சேர்த்து வைக்கும் இடமாகும்.,"பட்டினி எனச் சொல்லி வந்தவரின் பசியைத் தீர்ப்பது வீண் போகாது அதுவே, தான் தேடிய பொருளைப் பிற்காலத்தில் உதவுவதற்கு ஏற்பச் சேமித்து வைக்கக்கூடிய கருவூலமாகும்",,,
227,23,light_fire,light_fire:தீ*,,,1,பாத்தூண் மரீஇ யவனைப் பசியென்னும் / தீப்பிணி தீண்டல் அரிது.,Who shares his food with those who need Hunger shall not harm his creed,The fiery disease of hunger shall never touch him who habitually distributes his food to others,தான் பெற்ற உணவை பலரோடும் பகிர்ந்து உண்ணும் பழக்கம் உடையவனை பசி என்று கூறப்படும் தீயநோய் அணுகுதல் இல்லை.,பகிர்ந்து உண்ணும் பழக்கம் உடையவர்களைப் பசியென்னும் கொடிய நோய் அணுகுவதில்லை,,,
233,24,direction_earth,direction_earth:earth,,,1,ஒன்றா உலகத்து உயர்ந்த புகழல்லால் / பொன்றாது நிற்பதொன் றில்.,Nothing else lasts on earth for e'er Saving high fame of the giver!,"There is nothing that stands forth in the world imperishable, except fame, exalted in solitary greatness",உயர்ந்த புகழ் அல்லாமல் உலகத்தில் ஒப்பற்ற ஒரு பொருளாக அழியாமல் நிலைநிற்க வல்லது வேறொன்றும் இல்லை.,"ஒப்பற்றதாகவும், அழிவில்லாததாகவும் இந்த உலகத்தில் நிலைத்திருப்பது புகழைத் தவிர வேறு எதுவுமே இல்லை",,,
234,24,sky_stars|direction_earth,sky_stars:heaven ; direction_earth:earth,direction_earth:உலகு*,direction_earth:உலகம்,2,நிலவரை நீள்புகழ் ஆற்றின் புலவரைப் / போற்றாது புத்தேள் உலகு.,From hailing gods heavens will cease To hail the men of lasting praise,"If one has acquired extensive fame within the limits of this earth, the world of the Gods will no longer praise those sages who have attained that world","நிலவுலகின் எல்லையில் நெடுங்காலம் நிற்கவல்ல புகழைச் செய்தால், வானுலகம் (அவ்வாறு புகழ் செய்தாரைப் போற்றுமே அல்லாமல்) தேவரைப் போற்றாது..","இனிவரும் புதிய உலகம்கூட இன்றைய உலகில் தன்னலம் துறந்து புகழ் ஈட்டிய பெருமக்களை விடுத்து, அறிவாற்றல் உடையவரை மட்டும் போற்றிக் கொண்டிராது",,,
238,24,direction_earth,direction_earth:earth,vibration_sound:இசை*,,1,வசையென்ப வையத்தார்க் கெல்லாம் இசையென்னும் / எச்சம் பெறாஅ விடின்.,To men on earth it is a shame Not to beget the child of fame,Not to beget fame will be esteemed a disgrace by the wise in this world,தமக்குப் பின் எஞ்சி நிற்பதாகியப் புகழைப் பெறாவிட்டால் உலகத்தார் எல்லார்க்கும் அத்தகைய வாழ்க்கை பழி என்று சொல்லுவர்.,"தமக்குப் பிறகும் எஞ்சி நிற்கக் கூடிய புகழைப் பெறாவிட்டால், அது அந்த வாழ்க்கைக்கே வந்த பழியென்று வையம் கூறும்",,,
239,24,direction_earth,"direction_earth:நிலம்*,earth",vibration_sound:இசை*,cosmos_origin:உயிர்,1,வசையிலா வண்பயன் குன்றும் இசையிலா / யாக்கை பொறுத்த நிலம்.,The land will shrink in yield if men O'erburden it without renown,The ground which supports a body without fame will diminish in its rich produce,"புகழ் பெறாமல் வாழ்வைக் கழித்தவருடைய உடம்பைச் சுமந்த நிலம், வசையற்ற வளமான பயனாகிய விளைவு இல்லாமல் குன்றிவிடும்.","புகழ் எனப்படும் உயிர் இல்லாத வெறும் மனித உடலைச் சுமந்தால், இந்தப்பூமி நல்ல விளைவில்லாத நிலமாகக் கருதப்படும்",,,
242,25,sky_stars|vibration_sound,sky_stars:heaven ; vibration_sound:sound,,,2,நல்லாற்றாள் நாடி அருளாள்க பல்லாற்றால் / தேரினும் அஃதே துணை.,Seek by sound ways good compassion; All faiths mark that for-salvation,"(Stand) in the good path, consider, and be kind. Even considering according to the conflicting tenets of the different sects, kindness will be your best aid, (in the acquisition of heavenly bliss.)",நல்ல வழியால் ஆராய்ந்து அருளுடையவர்களாக விளங்க வேண்டும்; பலவழிகளால் ஆராய்ந்து கண்டாலும் அருளே வாழ்க்கைக்குத் துணையாக இருக்கும்.,பலவழிகளால் ஆராய்ந்து கண்டாலும் அருள் உடைமையே வாழ்க்கைக்குத் துணையாய் விளங்கும் நல்வழி எனக் கொள்ளல் வேண்டும்,,,
245,25,direction_earth,direction_earth:earth,,,1,அல்லல் அருளாள்வார்க்கு இல்லை வளிவழங்கும் / மல்லன்மா ஞாலங் கரி.,The wide wind-fed world witness bears: Men of mercy meet not sorrows,"This great rich earth over which the wind blows, is a witness that sorrow never comes upon the kindhearted","அருளுடையவராக வாழ்கின்றவர்களுக்குத் துன்பம் இல்லை, காற்று இயங்குகின்ற வளம் பெரிய உலகத்தில் வாழ்வோரே இதற்குச் சான்று ஆவர்.","உள்ளத்தில் ஊறிடும் அருளின் இயக்கத்தினால் துன்பத்தை உணராமல் கடமையாற்றலாம் என்பதற்கு, காற்றின் இயக்கத்தினால் வலிமையுடன் திகழும் இந்தப் பெரிய உலகமே சான்று",,,
248,25,time_season,"time_season:season,day",,,1,பொருளற்றார் பூப்பர் ஒருகால் அருளற்றார் / அற்றார்மற் றாதல் அரிது.,The wealthless may prosper one day; The graceless never bloom agay,"Those who are without wealth may, at some future time, become prosperous; those who are destitute of kindness are utterly destitute; for them there is no change","பொருள் இல்லாதவர் ஒரு காலத்தில் வளம் பெற்று விளங்குவர், அருள் இல்லாதவர் வாழ்க்கையின் பயம் அற்றவரே அவர் ஒரு காலத்திலும் சிறந்து விளங்குதல் இல்லை.",பொருளை இழந்தவர் அதனை மீண்டும் தேடிப் பெறலாம் அருளை இழந்தால் இழந்ததுதான்; மீண்டும் பெற இயலாது,,,
250,25,vibration_sound,vibration_sound:trembl,,,1,வலியார்முன் தன்னை நினைக்கதான் தன்னின் / மெலியார்மேல் செல்லு மிடத்து.,Think how you feel before the strong When to the feeble you do wrong,"When a man is about to rush upon those who are weaker than himself, let him remember how he has stood (trembling) before those who are stronger than himself","(அருள் இல்லாதவன் ) தன்னை விட மெலிந்தவர் மேல் துன்புறுத்த செல்லும் போது, தன்னை விட வலியவரின் முன் தான் அஞ்சி நிற்கும் நிலைமையை நினைக்க வேண்டும்.","தன்னைவிட மெலிந்தவர்களைத் துன்புறுத்த நினைக்கும் போது, தன்னைவிட வலியவர் முன்னால் அஞ்சி நிற்கும் நிலைமை தனக்கு இருப்பதை மறந்துவிடக் கூடாது",,,
265,27,direction_earth,direction_earth:earth,,,1,வேண்டிய வேண்டியாங் கெய்தலால் செய்தவம் / ஈண்டு முயலப் படும்.,What they wish as they wish is won Here hence by men penance is done,"Religious dislipline is practised in this world, because it secures the attainment of whatever one may wish to enjoy (in the world to come)",விரும்பிய பயன்களை விரும்பியவாறே அடைய முடியுமாகையால் செய்யத்தக்க தவம் இந்நிலையிலும் (இல்லற வாழ்க்கையிலும்) முயன்று செய்யப்படும்.,"உறுதிமிக்க நோன்பினால் விரும்பியதை விரும்பியவாறு அடைய முடியுமாதலால், அது விரைந்து முயன்று செய்யப்படுவதாகும்",,,
267,27,light_fire,"light_fire:fire,glow",light_fire:ஒளி*,,1,சுடச்சுடரும் பொன்போல் ஒளிவிடும் துன்பஞ் / சுடச்சுட நோற்கிற் பவர்க்கு.,Pure and bright gets the gold in fire; and so the life by pain austere,"Just as gold is purified as heated in the fire, will those shine, who have endured the burning of pain (in frequent austerities)",புடமிட்டு சுடச்சுட ஒளிவிடுகின்ற பொன்னைப் போல் தவம் செய்கின்றவரை துன்பம் வருத்த வருத்த மெய்யுணர்வு மிகும்,தம்மைத் தாமே வருத்திக் கொண்டு ஒரு குறிக்கோளுக்காக நோன்பு நோற்பவர்களை எந்தத் துன்பங்கள் தாக்கினாலும் அவர்கள் சுடச்சுட ஒளிவிடும் பொன்னைப் போல் புகழ் பெற்றே உயர்வார்கள்,,,
271,28,cosmos_origin,cosmos_origin:element,,rain_water:நீர் ; light_fire:தீ ; direction_earth:நிலம்,1,வஞ்ச மனத்தான் படிற்றொழுக்கம் பூதங்கள் / ஐந்தும் அகத்தே நகும்.,Elements five of feigned life Of a sly hypocrite within laugh,The five elements (of his body) will laugh within him at the feigned conduct of the deceitful minded man,வஞ்சமனம் உடையவனது பொய்யொழுக்கத்தை அவனுடைய உடம்பில் கலந்து நிற்க்கும் ஐந்து பூதங்களும் கண்டு தம்முள் சிரிக்கும்.,"ஒழுக்க சீலரைப் போல உலகத்தை ஏமாற்றும் வஞ்சகரைப் பார்த்து அவரது உடலில் கலந்துள்ள நிலம், நீர், தீ, காற்று, வெளி எனப்படும் பஞ்சபூதங்களும் தமக்குள் சிரித்துக் கொள்ளும்",,,
272,28,sky_stars,"sky_stars:sky,heaven",,,1,வானுயர் தோற்றம் எவன்செய்யும் தன்னெஞ்சம் / தான்அறி குற்றப் படின்.,Of what avail are sky-high shows When guild the conscience gnaws and knows,"What avails an appearance (of sanctity) high as heaven, if his mind suffers (the indulgence) of conscious sin",தன் மனம் தான் அறிந்த குற்றத்தில் தங்குமானால் வானத்தைப் போல் உயர்ந்துள்ள தவக்கோலம் ஒருவனுக்கு என்ன பயன் செய்யும்.,"தன் மனத்திற்குக் குற்றம் என்று தெரிந்தும்கூட அதைச் செய்பவர், துறவுக்கோலம் பூண்டிருப்பதால் எந்தப் பயனும் இல்லை",,,
275,28,time_season,time_season:day,,,1,பற்றற்றேம் என்பார் படிற்றொழுக்கம் எற்றெற்றென்று / ஏதம் பலவுந் தரும்.,"Who false within but freedom feign Shall moan \""What have we done\"" with pain","The false conduct of those who say they have renounced all desire will one day bring them sorrows that will make them cry out, ""Oh! what have we done, what have we done.""",பற்றுக்களைத் துறந்தோம் என்று சொல்கின்றவரின் பொய்யொழுக்கம் என்ன செய்தோம் என்ன செய்தோம் என்று வருந்தும் படியான துன்பம் பலவும் தரும்.,"எத்தகைய செயல் புரிந்துவிட்டோம் என்று தமக்குத் தாமே வருந்த வேண்டிய துன்பம், பற்றுகளை விட்டு விட்டதாகப் பொய்கூறி, உலகை ஏமாற்றுவோர்க்கு வந்து சேரும்",,,
277,28,time_season,time_season:night,,,1,புறங்குன்றி கண்டனைய ரேனும் அகங்குன்றி / முக்கிற் கரியார் உடைத்து.,"Berry-red is his outward view, Black like its nose his inward hue","(The world) contains persons whose outside appears (as fair) as the (red) berry of the Abrus, but whose inside is as black as the nose of that berry",புறத்தில் குன்றிமணிப்போல் செம்மையானவராய் காணப்பட்டாராயினும் அகத்தில் குன்றிமணியின் மூக்குப்போல் கருத்திருப்பவர் உலகில் உணடு.,"வெளித்தோற்றத்துக்குக் குன்றிமணி போல் சிவப்பாக இருந்தாலும், குன்றிமணியின் முனைபோலக் கறுத்த மனம் படைத்தவர்களும் உலகில் உண்டு",,,
281,29,sky_stars,sky_stars:heaven,,,1,எள்ளாமை வேண்டுவான் என்பான் எனைத்தொன்றும் / கள்ளாமை காக்கதன் நெஞ்சு.,Let him who would reproachless be From all frauds guard his conscience free,"Let him, who desires not to be despised, keep his mind from (the desire of) defrauding another of the smallest thing","பிறரால் இகழப்படால் வாழ விரும்புகிறவன், எத்தன்மையானப் பொருளையும் பிறரிடமிருந்து வஞ்சித்துக்கொள்ள எண்ணாதபடி தன் நெஞ்சைக் காக்க வேண்டும்.",எந்தப் பொருளையும் களவாடும் நினைவு தன் நெஞ்சை அணுகாமல் பார்த்துக் (காத்துக்) கொள்பவனே இகழ்ச்சிக்கு ஆட்படாமல் வாழ முடியும்,,,
282,29,light_fire,light_fire:தீ*,,,1,உள்ளத்தால் உள்ளலும் தீதே பிறன்பொருளைக் / கள்ளத்தால் கள்வேம் எனல்.,"\""We will by fraud win other's wealth\"" Even this thought is sin and stealth",Even the thought (of sin) is sin; think not then of crafiily stealing the property of another,"குற்றமானதை உள்ளத்தால் எண்ணுவதும் குற்றமே, அதானால் பிறன் பொருளை அவன் அறியாதப் வகையால் வஞ்சித்துக்கொள்வோம் என்று எண்ணாதிருக்க வேண்டும்.",பிறருக்குரிய பொருளைச் சூழ்ச்சியினால் கவர்ந்து கொள்ளலாமா என்று ஒருவன் நினைப்பதேகூடக் குற்றமாகும்,,,
290,29,sky_stars,sky_stars:heaven,cosmos_origin:உயிர்*,,1,கள்வார்க்குத் தள்ளும் உயிர்நிலை கள்வார்க்குத் / தள்ளாது புத்தே ளுளகு.,"Even the body rejects thieves; The honest men, heaven receives",Even their body will fail the fraudulent; but even the world of the gods will not fail those who are free from fraud,"களவு செய்வார்க்கு உடலில் உயிர் வாழும் வாழ்வும் தவறிப் போகும், களவு செய்யாமல் வாழ்வோர்க்கு தேவருலகும் வாய்க்கத் தவறாது.","களவாடுபவர்க்கு உயிர் வாழ்வதேகூடத் தவறிப்போகும்; களவை நினைத்தும் பார்க்காதவர்க்கோ, புகழுலக வாழ்க்கை தவறவே தவறாது",,,
291,30,light_fire,light_fire:தீ*,,,1,வாய்மை எனப்படுவது யாதெனின் யாதொன்றும் / தீமை இலாத சொலல்.,"If \""What is truth\""? the question be, It is to speak out evil-free",Truth is the speaking of such words as are free from the least degree of evil (to others),"வாய்மை என்று கூறப்படுவது எது என்றால், அது மற்றவர்க்கு ஒரு சிறிதும் தீங்கு இல்லாத சொற்களைக் சொல்லுதல் ஆகும்.",பிறருக்கு எள்முனையளவு தீமையும் ஏற்படாத ஒரு சொல்லைச் சொல்வதுதான் வாய்மை எனப்படும்,,,
293,30,light_fire,"light_fire:fire,glow",,direction_earth:உலகு,1,தன்நெஞ் சறிவது பொய்யற்க பொய்த்தபின் / தன்நெஞ்சே தன்னைச் சுடும்.,Let not a man knowingly lie; Conscience will scorch and make him sigh,"Let not a man knowingly tell a lie; for after he has told the lie, his mind will burn him (with the memory of his guilt)","ஒருவன் தன் நெஞ்சம் அறிவதாகிய ஒன்றைக்குறித்துப் பொய்ச் சொல்லக்கூடாது, பொய் சொன்னால் அதைக்குறித்துத் தன் நெஞ்சமே தன்னை வருத்தும்.","மனச்சாட்சிக்கு எதிராகப் பொய் சொல்லக்கூடாது; அப்படிச் சொன்னால், சொன்னவரின் மனமே அவரைத் தண்டிக்கும்",,,
298,30,rain_water,rain_water:water,,,1,புறள்தூய்மை நீரான் அமையும் அகந்தூய்மை / வாய்மையால் காணப் படும்.,Water makes you pure outward Truth renders you pure inward,Purity of body is produced by water and purity of mind by truthfulness,"புறத்தே தூய்மையாக விளங்குதல் நீரினால் ஏற்ப்படும், அதுபோல அகத்தே தூய்மையாக விளங்குதல் வாய்மையால் உண்டாகும்.","நீரில் குளிப்பதால் உடலின் அழுக்கு மட்டுமே நீங்கும்; மனம் அழுக்குப்படாமல் தூய்மையுடன் விளங்கிட, சொல்லிலும் செயலிலும் வாய்மை வேண்டும்",,,
299,30,sun|light_fire,"sun:sun ; light_fire:light,radian,lamp",light_fire:விளக்கு*,light_fire:ஒளி,2,எல்லா விளக்கும் விளக்கல்ல சான்றோர்க்குப் / பொய்யா விளக்கே விளக்கு.,All lights are not lights for the wise; Truth light is light bright like Sun-light,All lamps of nature are not lamps; the lamp of truth is the lamp of the wise,"(புறத்தில் உள்ள இருளை நீக்கும்) விளக்குகள் எல்லாம் விளக்குகள் அல்ல, சான்றோர்க்கு (அகத்து இருள் நீக்கும்) பொய்யாமையாகிய விளக்கே விளக்கு ஆகும்.",புறத்தின் இருளைப் போக்கும் விளக்குகளைவிட அகத்தின் இருளைப் போக்கும் பொய்யாமை எனும் விளக்கே ஒருவனை உயர்ந்தோன் எனக் காட்டும் ஒளிமிக்க விளக்காகும்,,,
302,31,light_fire,light_fire:தீ*,,,1,செல்லா இடத்துச் சினந்தீது செல்லிடத்தும் / இல்அதனின் தீய பிற.,Vain is wrath against men of force Against the meek it is still worse,"Anger is bad, even when it cannot injure; when it can injure; there is no greater evil",பலிக்காத இடத்தில் (தன்னை விட வலியவரிடத்தில்) சினம் கொள்வது தீங்கு. பலிக்கும் இடத்திலும் (மெலியவரித்திலும்) சினத்தைவிடத் தீயவை வேறு இல்லை.,"வலியோரிடம் சினம் கொண்டால், அதனால் கேடு விளையும் மெலியோரிடம் சினம் கொண்டாலும் அதைவிடக் கேடு வேறொன்றுமில்லை",,,
303,31,light_fire,light_fire:தீ*,,,1,மறத்தல் வெகுளியை யார்மாட்டும் தீய / பிறத்தல் அதனான் வரும்.,Off with wrath with any one It is the source of sin and pain,"Forget anger towards every one, as fountains of evil spring from it","யாரிடத்திலும் சினம் கொள்ளாமல் அதை மறந்து விட வேண்டும், தீமையான விளைவுகள் அச் சினத்தாலேயே ஏற்படும்.",யார்மீது சினம் கொண்டாலும் அதை மறந்துவிட வேண்டும் இல்லாவிட்டால் அந்தச் சினமே தீய விளைவுகளுக்குக் காரணமாகும்,,,
306,31,light_fire,light_fire:fire,,light_fire:தீ,1,சினமென்னும் சேர்ந்தாரைக் கொல்லி இனமென்னும் / ஏமப் புணையைச் சுடும்.,Friend-killer is the fatal rage It burns the helpful kinship-barge,The fire of anger will burn up even the pleasant raft of friendship,சினம் என்னும் சேர்ந்தவரை அழிக்கும் நெருப்பு ஒருவனுக்கு இனம் இன்பத் தெப்பத்தையும் சுட்டழிக்கும்.,"சினங்கொண்டவரை அழிக்கக் கூடியதாகச் சினமென்னும் தீயே இருப்பதால், அது அவரை மட்டுமின்றி, அவரைப் பாதுகாக்கும் தோணி போன்ற சுற்றத்தையும் அழித்துவிடும்",,,
307,31,direction_earth,direction_earth:earth,,,1,சினத்தைப் பொருளென்று கொண்டவன் கேடு / நிலத்தறைந்தான் கைபிழையா தற்று.,The wrath-lover to doom is bound Like failless-hand that strikes the ground,"Destruction will come upon him who ragards anger as a good thing, as surely as the hand of him who strikes the ground will not fail","(தன் வல்லமை புலப்படுத்தச்) சினத்தை பொருளென்று கொண்டவன் அழிதல், நிலத்தை அறைந்தவனுடைய கை தப்பாதது போல் ஆகும்.",நிலத்தைக் கையால் அறைந்தவனுக்கு அவன் கைதான் வலிக்கும் அது போலத்தான் சினத்தைப் பண்பாகக் கொண்டவன் நிலையும் ஆகும்,,,
308,31,light_fire,light_fire:fire,,"light_fire:சுடர்,தீ",1,இணர்எரி தோய்வன்ன இன்னா செயினும் / புணரின் வெகுளாமை நன்று.,Save thy soul from burning ire Though tortured like the touch of fire,"Though one commit things against you as painful (to bear) as if a bundle of fire had been thrust upon you, it will be well, to refrain, if possible, from anger",பலச் சுடர்களை உடைய பெரு நெருப்பில் தோய்வது போன்ற துன்பத்தை ஒருவன் செய்த போதிலும் கூடுமானால் அவன் மேல் சினங் கொள்ளாதிருத்தல் நல்லது.,தீயினால் சுட்டெரிப்பது போன்ற துன்பங்களை ஒருவன் தொடர்ந்து செய்தாலும் அதற்காக வருந்தி அவன் உறவு கொள்ள வரும் போது சினங்கொள்ளாமல் இருப்பதே நல்லது,,,
313,32,light_fire,light_fire:heat,,light_fire:தீ,1,செய்யாமல் செற்றார்க்கும் இன்னாத செய்தபின் / உய்யா விழுமந் தரும்.,Revenging even causeless hate Bad-blood breeds and baneful heat,"In an ascetic inflict suffering even on those who hate him, when he has not done them any evil, it will afterwards give him irretrievable sorrow",தான் ஒன்றும் செய்யாதிருக்கத் தனக்குத் தீங்கு செய்தவர்க்கும் துன்பமானாவற்றைச் செய்தால் செய்தபிறகு தப்பமுடியாத துன்பத்தையே கொடுக்கும்.,யாருக்கும் கேடு செய்யாமல் இருப்பவருக்குப் பகைவர் கேடு செய்துவிட்டால் அதற்குப் பதிலாக அவருக்கு வரும் கேடு மீளாத் துன்பம் தரக் கூடியதாகும்,,,
324,33,light_fire,light_fire:heat,,,1,நல்லாறு எனப்படுவது யாதெனின் யாதொன்றும் / கொல்லாமை சூழும் நெறி.,What way is good? That we can say The way away from heat to slay,Good path is that which considers how it may avoid killing any creature,"நல்ல வழி என்று அறநூல்களால் சொல்லப்படுவது எது என்றால், எந்த உயிரையும் கொல்லாத அறத்தைப் போற்றும் நெறியாகும்.",எந்த உயிரையும் கொல்லக் கூடாது எனும் நெறி காப்பதுதான் நல்லற வழி எனப்படும்,,,
334,34,time_season,time_season:day,cosmos_origin:உயிர்*,"time_season:காலம்,நாள் ; cosmos_origin:தோன்று",1,நாளென ஒன்றுபோற் காட்டி உயிர்ஈரும் / வாளது உணர்வார்ப் பெறின்.,"The showy day is but a saw Your life, know that, to file and gnaw","Time, which shows itself (to the ignorant) as if it were something (real) is in the estimation of the wise (only) a saw which cuts down life","வாழ்க்கையை ஆராய்ந்து உணர்வாரைப் பெற்றால் நாள் என்பது ஒரு கால அளவுகோல்காட்டி, உயிரை உடம்பிலிருந்து பிரித்து அறுக்கும் வாளாக உள்ளது.","வாழ்க்கையைப் பற்றி உணர்ந்தவர்கள், நாள் என்பது ஒருவரின் ஆயுளை அறுத்துக் குறைத்துக் கொண்டேயிருக்கும் வாள் என்று அறிவார்கள்",,,
337,34,time_season,time_season:day,,,1,ஒருபொழுதும் வாழ்வது அறியார் கருதுப / கோடியும் அல்ல பல.,Man knows not his next moment On crores of things he is intent,"Innumerable are the thoughts which occupy the mind of (the unwise), who know not that they shall live another moment","அறிவில்லாதவர் ஒரு வேளையாவது வாழ்க்கையின் தன்மையை ஆராய்ந்து அறிவதில்லை.ஆனால் வீணீல் எண்ணுவனவோ ஒரு கோடியும் அல்ல, மிகப்பல எண்ணங்கள்.","ஒரு பொழுதுகூட வாழ்க்கையைப் பற்றி உண்மையைச் சிந்தித்து அறியாதவர்களே, ஆசைக்கோர் அளவின்றி மனக் கோட்டைகள் கட்டுவார்கள்",,,
338,34,time_season,time_season:day,,cosmos_origin:உயிர்,1,குடம்பை தனித்துஒழியப் புள்பறந் தற்றே / உடம்பொடு உயிரிடை நட்பு.,The soul from body any day Like bird from egg-shell flies away,The love of the soul to the body is like (the love of) a bird to its egg which it flies away from and leaves empty,"உடம்போடு உயிர்க்கு உள்ள உறவு, தான் இருந்த கூடு தனியே இருக்க அதை விட்டு வேறிடத்திற்குப் பறவை பறந்தாற் போன்றது.",உடலுக்கும் உயிருக்கும் உள்ள உறவு முட்டைக்கும் பறவைக் குஞ்சுக்கும் உண்டான உறவு போன்றதுதான்,,,
348,35,light_fire,light_fire:தீ*,,,1,தலைப்பட்டார் தீரத் துறந்தார் மயங்கி / வலைப்பட்டார் மற்றை யவர்.,Who renounce all are free from care Others suffer delusive snare,"Those who have entirely renounced (all things and all desire) have obtained (absorption into God); all others wander in confusion, entangled in the net of (many) births","முற்றத் துறந்தவறே உயர்ந்த நிலையினர் ஆவர், அவ்வாறு துறக்காத மற்றவர் அறியாமையாகிய வலையில் அகப்பட்டவர் ஆவர்.",அரைகுறையாக இல்லாமல் அனைத்தும் துறந்தவர்களே உயர்ந்த நிலையை அடைவார்கள் அவ்வாறு துறவாதவர்கள் அறியாமையென்னும் வலையில் சிக்கியவர்களாவார்கள்,,,
352,36,sky_stars|time_season,sky_stars:heaven ; time_season:night,,cosmos_origin:தோன்று,2,இருள்நீங்கி இன்பம் பயக்கும் மருள்நீங்கி / மாசறு காட்சி யவர்க்கு.,Men of spotless pure insight Enjoy delight devoid of night,"A clear, undimmed vision of things will deliver its possessors from the darkness of future births, and confer the felicity (of heaven)","மயக்கம் நீங்கிக் குற்றம் அற்ற மெய்யுணர்வை உடையவர்க்கு, அம் மெய்யுணர்வு அறியாமையை நீக்கி இன்ப நிலையைக்கொடுக்கும்.",மயக்கம் தெளிந்து மாசற்ற உண்மையை உணர்ந்தால் அறியாமை அகன்று நலம் தோன்றும்,,,
353,36,sky_stars|direction_earth,"sky_stars:வானம்*,heaven ; direction_earth:earth",,light_fire:தீ ; direction_earth:உலகம்,2,ஐயத்தின் நீங்கித் தெளிந்தார்க்கு வையத்தின் / வானம் நணிய துடைத்து.,To doubtless minds whose heart is clear More than earth heaven is near,Heaven is nearer than earth to those men of purified minds who are freed from from doubt,ஐயத்திலிருந்து நீங்கி மெய்யுணர்வு பெற்றவர்க்கு அடைந்துள்ள இவ்வுலகை விட அடைய வேண்டிய மேலுலகம் அண்மையில் உள்ளதாகும்.,ஐயப்பாடுகளைத் தெளிந்த ஆராய்ச்சி வாயிலாகத் தீர்த்துக் கொண்டவர்களுக்குப் பூமியைவிட வானம் மிக அருகில் இருப்பதாகக் கருதுகின்ற ஊக்கம் ஏற்படும்,,,
358,36,sky_stars,sky_stars:heaven,,,1,பிறப்பென்னும் பேதைமை நீங்கச் சிறப்பென்னும் / செம்பொருள் காண்பது அறிவு.,It is knowledge to know Self-Truth And remove the folly of birth,"True knowledge consists in the removal of ignorance; which is (the cause of) births, and the perception of the True Being who is (the bestower of) heaven",பிறவித்துன்பத்திற்கு காரணமான அறியாமை நீங்குமாறு முக்தி எனும் சிறந்த நிலைக்குக் காரணமான செம் பொருளைக் காண்பதே மெய்யுணர்வு.,அடுத்த பிறப்பு எனக் கூறப்படும் அறியாமையைப் போக்கித் தெளிந்த உண்மையை நிலைநாட்டுவதுதான் அறிவுடைமையாகும்,,,
362,37,direction_earth,direction_earth:earth,,,1,வேண்டுங்கால் வேண்டும் பிறவாமை மற்றது / வேண்டாமை வேண்ட வரும்.,"If long thou must, long for non-birth It comes by longing no more for earth","If anything be desired, freedom from births should be desired; that (freedom from births) will be attained by desiring to be without desire","ஒருவன் ஒன்றை விரும்புவதனால் பிறவா நிலைமையை விரும்ப வேண்டும், அது அவா அற்ற நிலையை விரும்பினால் உண்டாகும்.","விரும்புவதானால் பிறக்காமலே இருந்திருக்கவேண்டும் என்று ஒருவன் எண்ணுகிற அளவுக்கு ஏற்படுகிற துன்ப நிலை, ஆசைகளை ஒழிக்காவிடில் வரும்",,,
363,37,time_season,time_season:ஆண்டு*,,sky_stars:வான் ; light_fire:தீ,1,வேண்டாமை அன்ன விழுச்செல்வம் ஈண்டில்லை / ஆண்டும் அஃதொப்பது இல்.,No such wealth is here and there As peerless wealth of non-desire,"There is in this world no excellence equal to freedom from desire; and even in that world, there is nothing like it","அவா அற்ற நிலைமை போன்ற சிறந்த செல்வம் இவ்வுலகில் இல்லை, வேறு எங்கும் அதற்க்கு நிகரான ஒன்று இல்லை.",தீமை விளைவிக்கும் ஆசைகளை வேண்டாம் என்று புறக்கணிப்பதைப் போன்ற செல்வம் இங்கு எதுவுமில்லை; வேறு எங்கும் கூட அத்தகைய ஒப்பற்ற செல்வம் இல்லையென்றே கூறலாம்,,,
364,37,time_season,time_season:year,,,1,தூஉய்மை என்பது அவாவின்மை மற்றது / வாஅய்மை வேண்ட வரும்.,To nothing crave is purity That is the fruit of verity,Purity (of mind) consists in freedom from desire; and that (freedom from desire) is the fruit of the love of truth,"தூயநிலை என்றுக் கூறப்படுவது அவா இல்லா திருத்தலே யாகும், அவா அற்ற அத்தன்மை மெய்ப்பொருளை விரும்புவதால் உண்டாகும்.",தூய்மை என்பது பேராசையற்ற தன்மையாகும் அத்தூய்மை வாய்மையை நாடுவோர்க்கே வாய்க்கும்,,,
369,37,light_fire,light_fire:தீ*,,,1,இன்பம் இடையறா தீண்டும் அவாவென்னும் / துன்பத்துள் துன்பங் கெடின்.,"Desire, the woe of woes destroy Joy of joys here you enjoy","Even while in this body, joy will never depart (from the mind, in which) desire, that sorrow of sorrows, has been destroyed",அவா என்று சொல்லப்படுகின்ற துன்பங்களுள் பொல்லாதத் துன்பம் கெடுமானால் இவ் வுலகில் இன்பம் இடையறாமல் வாய்க்கும்.,பெருந்துன்பம் தரக்கூடிய பேராசை ஒழிந்தால் வாழ்வில் இன்பம் விடாமல் தொடரும்,,,
371,38,sky_stars,sky_stars:stars?,cosmos_origin:தோன்று*,,1,ஆகூழால் தோன்றும் அசைவின்மை கைப்பொருள் / போகூழால் தோன்றும் மடி.,Efforts succeed by waxing star Wealth-losing brings waning star,"Perseverance comes from a prosperous fate, and idleness from an adverse fate","கைப்பொருள் ஆவதற்க்கு காரணமான ஊழால் சோர்வில்லாத முயற்சி உண்டாகும், கைப்பொருள் போவதற்க்கு காரணமான ஊழால் சோம்பல் ஏற்படும்.",ஆக்கத்திற்கான இயற்கை நிலை சோர்வு தலை காட்டாத ஊக்கத்தைக் கொடுக்கும் ஊக்கத்தின் அழிவுக்கான இயற்கைநிலை சோம்பலை ஏற்படுத்தும்,,,
374,38,light_fire,"light_fire:light,radian",,,1,இருவேறு உலகத்து இயற்கை திருவேறு / தெள்ளிய ராதலும் வேறு.,Two natures in the world obtain Some wealth and others wisdom gain,"There are (through fate) two different natures in the world, hence the difference (observable in men) in (their acquisition of) wealth, and in their attainment of knowledge","உலகத்தின் இயற்க்கை ஊழின் காரணமாக இரு வேறு வகைப்படும், செல்வம் உடையவராதலும் வேறு அறிவு உடையவராதலும் வேறு.","உலகின் இயற்கை நிலை இரு வேறுபட்டதாகும் ஒருவர் செல்வமுடையவராகவும், ஒருவர் அறிவுடையவராகவும் இருப்பதே அந்த வேறுபாடாகும்",,,
375,38,light_fire,light_fire:தீ*,,time_season:காலம்,1,நல்லவை எல்லாஅந் தீயவாம் தீயவும் / நல்லவாம் செல்வம் செயற்கு.,In making wealth fate changes mood; The good as bad and bad as good,"In the acquisition of property, every thing favourable becomes unfavourable, and (on the other hand) everything unfavourable becomes favourable, (through the power of fate)","செல்வத்தை ஈட்டும் முயற்சிக்கு ஊழ்வகையால் நல்லவை எல்லாம் தீயவை ஆதலும் உண்டு, தீயவை நல்லவை ஆதலும் உண்டு.","நல்ல செயல்களை ஆற்ற முற்படும்போது அவை தீமையில் போய் முடிந்துவிடுவதும், தீய செயல்களை ஆற்றிட முனையும்போது அவை நல்லவைகளாக முடிந்து விடுவதும் இயற்கை நிலை எனப்படும்",,,
386,39,direction_earth,direction_earth:நிலம்*,,direction_earth:உலகம்,1,காட்சிக் கெளியன் கடுஞ்சொல்லன் அல்லனேல் / மீக்கூறும் மன்னன் நிலம்,"That land prospers where the king is Easy to see, not harsh of words","The whole world will exalt the country of the king who is easy of access, and who is free from harsh language",காண்பதற்கு எளியவனாய்க் கடுஞ்சொல் கூறாதவாய் இருந்தால் அந்த மன்னனுடைய ஆட்சிக்கு உட்பட்ட நாட்டை உலகம் புகழும்.,"காட்சிக்கு எளிமையும், கடுஞ்சொல் கூறாத இனிய பண்பாடும் உடைய அரசைத்தான் உலகம் புகழும்",,,
388,39,vibration_sound|cosmos_origin,vibration_sound:sound ; cosmos_origin:இறை*,,moon:மதி,2,முறைசெய்து காப்பாற்றும் மன்னவன் மக்கட்கு / இறையென்று வைக்கப் படும்.,He is the Lord of men who does Sound justice and saves his race,"That king, will be esteemed a God among men, who performs his own duties, and protects (his subjects).","நீதி முறை செய்து குடிமக்களைக் காப்பாற்றும் மன்னவன், மக்களுக்கு தலைவன் என்றுக் கருதித் தனியே மதிக்கப்படுவான்.","நீதிநெறியுடன் அரசு நடத்தி, மக்களைக் காப்பாற்றும் ஆட்சியாளன்தான் மக்களுக்குத் தலைவன் எனப் போற்றப்படுவான்",,,
390,39,light_fire,light_fire:light,,light_fire:விளக்கு,1,கொடையளி செங்கோல் குடியோம்பல் நான்கும் / உடையானாம் வேந்தர்க் கொளி.,"He is the Light of Kings who has Bounty, justice, care and grace","He is the light of kings who has there four things, beneficence, benevolence, rectitude, and care for his people","கொடை, அருள், செங்கோல்முறை, தளர்ந்த குடிமக்களைக்காத்தல் ஆகிய நான்கும் உடைய அரசன், அரசர்க்கெல்லாம் விளக்குப் போன்றவன்.","நலவாழ்வுக்கு வேண்டியவற்றை வழங்கியும், நிலையுணர்ந்து கருணை காட்டியும், நடுநிலை தவறாமல் ஆட்சி நடத்தியும், மக்களைப் பேணிக் காப்பதே ஓர் அரசுக்குப் புகழொளி சேர்ப்பதாகும்",,,
392,40,direction_earth,direction_earth:earth,cosmos_origin:உயிர்*,,1,எண்ணென்ப ஏனை எழுத்தென்ப இவ்விரண்டும் / கண்ணென்ப வாழும் உயிர்க்கு.,"Letter, number, art and science Of living kind both are the eyes",Letters and numbers are the two eyes of man,எண் என்று சொல்லப்படுவன எழுத்து என்று சொல்லப்படுவன ஆகிய இரு வகைக் கலைகளையும் வாழும் மக்களுக்குக் கண்கள் என்று கூறுவர்.,"எண்ணும் எழுத்தும் எனப்படும் அறிவுக் கண்களைப் பெற்றவர்களே, உயிர் வாழ்வோர் எனக் கருதப்படுவார்கள்",,,
395,40,time_season,time_season:year,,,1,உடையார்முன் இல்லார்போல் ஏக்கற்றுங் கற்றார் / கடையரே கல்லா தவர்.,Like poor before rich they yearn: For knowledge: the low never learn,"The unlearned are inferior to the learned, before whom they stand begging, as the destitute before the wealthy","செல்வர் முன் வறியவர் நிற்பது போல் (கற்றவர்முன்) ஏங்கித் தாழ்ந்து நின்றும் கல்விக் கற்றவரே உயர்ந்தவர், கல்லாதவர் இழிந்தவர்.","அறிவுடையார் முன் அறிவில்லாதவர் போல் தாழ்ந்து நின்று, மேலும் கற்றுக்கொள்பவர்களின் ஆர்வத்தைக் கற்றுக் கொள்ளாதவர்கள் கடைநிலை மாந்தராக கருதப்படுவார்கள்",,,
396,40,rain_water,rain_water:water,,rain_water:நீர்,1,தொட்டனைத் தூறும் மணற்கேணி மாந்தர்க்குக் / கற்றனைத் தூறும் அறிவு.,As deep you dig the sand spring flows As deep you learn the knowledge grows,"Water will flow from a well in the sand in proportion to the depth to which it is dug, and knowledge will flow from a man in proportion to his learning","மணலில் உள்ள கேணியில் தோண்டிய அளவிற்க்கு நீர் ஊறும், அதுபோல் மக்களின் கற்றக் கல்வியின் அளவிற்கு அறிவு ஊறும்.",தோண்டத் தோண்ட ஊற்றுநீர் கிடைப்பது போலத் தொடர்ந்து படிக்கப் படிக்க அறிவு பெருகிக் கொண்டே இருக்கும்,,,
411,42,direction_earth,direction_earth:earth,,,1,செல்வத்துட் செல்வஞ் செவிச்செல்வம் அச்செல்வம் / செல்வத்து ளெல்லாந் தலை.,Wealth of wealths is listening's wealth It is the best of wealths on earth,Wealth (gained) by the ear is wealth of wealth; that wealth is the chief of all wealth,"செவியால் கேட்டறியும் செல்வம், செல்வங்களுள் ஒன்றாகப் போற்றப்படும் செல்வமாகும், அச் செல்வம் செல்வங்கள் எல்லாவற்றிலும் தலையானதாகும்.",செழுமையான கருத்துகளைச் செவிவழியாகப் பெறும் செல்வமே எல்லாச் செல்வங்களுக்கும் தலையாய செல்வமாகும்,,,
417,42,light_fire,light_fire:தீ*,,,1,பிழைத்துணர்ந்தும் பேதைமை சொல்லா ரிழைத்துணர்ந் / தீண்டிய கேள்வி யவர்.,Who listen well and learn sharply Not ev'n by slip speak foolishly,"Not even when they have imperfectly understood (a matter), will those men speak foolishly, who have profoundly studied and diligently listened (to instruction)","நுட்பமாக உணர்ந்து நிறைந்த கேள்வியறிவை உடையவர், ( ஒரு கால் பொருள்களைத்) தவறாக உணர்ந்திருந்தாலும் பேதைமையானவற்றைச் சொல்லார்.","எதையும் நுணுகி ஆராய்வதுடன் கேள்வி அறிவும் உடையவர்கள், சிலவற்றைப் பற்றித் தவறாக உணர்ந்திருந்தாலும் கூட, அப்போதும் அறிவற்ற முறையில் பேசமாட்டார்கள்",,,
422,43,light_fire,light_fire:தீ*,,,1,சென்ற இடத்தால் செலவிடா தீதொரீஇ / நன்றின்பால் உய்ப்ப தறிவு.,"Wisdom checks the straying senses Expels evils, impels goodness","Not to permit the mind to go where it lists, to keep it from evil, and to employ it in good, this is wisdom","மனத்தை சென்ற இடத்தில் செல்லவிடாமல், தீமையானதிலிருந்து நீக்கிக் காத்து நன்மையானதில் செல்லவிடுவதே அறிவாகும்.","மனம் போகும் வழியெல்லாம் போக விடாமல் தீய வழிகளைத் தள்ளிவிட்டு, நல்வழியைத் தேர்வு செய்வதே அறிவுடைமையாகும்",,,
432,44,cosmos_origin,cosmos_origin:இறை*,,light_fire:தீ,1,இவறலும் மாண்பிறந்த மானமும் மாணா / உவகையும் ஏதம் இறைக்கு.,"Mean pride, low pleasure, avarice These add blemishes to a prince","Avarice, undignified pride, and low pleasures are faults in a king","பொருள் கொடாத தன்மையும் மாட்சியில்லாத மானமும், தகுதியற்ற மகிழ்ச்சியும் தலைவனாக இருப்பனுக்கு குற்றங்களாகும்.","மனத்தில் பேராசை, மான உணர்வில் ஊனம், மாசுபடியும் செயல்களில் மகிழ்ச்சி ஆகியவை தலைமைக்குரிய தகுதிக்கே பெருங்கேடுகளாகும்",,,
435,44,light_fire|time_season,"light_fire:flame,fire ; time_season:day",,,2,வருமுன்னர்க் காவாதான் வாழ்க்கை எரிமுன்னர் / வைத்தூறு போலக் கெடும்.,Who fails to guard himself from flaw Loses his life like flame-lit straw,"The prosperity of him who does not timely guard against faults, will perish like straw before fire","குற்றம் நேர்வதற்கு முன்னமே வராமல் காத்துக் கொள்ளாதவனுடைய வாழ்க்கை, நெருப்பின் முன் நின்ற வைக்கோல் போர் போல் அழிந்துவிடும்.",முன்கூட்டியே எச்சரிக்கையாக இருந்து ஒரு தவறான செயலைத் தவிர்த்துக் கொள்ளாதவருடைய வாழ்க்கையானது நெருப்பின் முன்னால் உள்ள வைக்கோல் போர் போலக் கருகிவிடும்,,,
436,44,cosmos_origin,cosmos_origin:இறை*,,,1,தன்குற்றம் நீக்கிப் பிறர்குற்றங் காண்கிற்பின் / என்குற்ற மாகும் இறைக்கு?,"What fault can be the king's who cures First his faults, then scans others","What fault will remain in the king who has put away his own evils, and looks after the evils of others","முன்னே தன் குற்றத்தைக் கண்டு நீக்கி பிறகு பிறருடையக் குற்றத்தை ஆராயவல்லவனானால், தலைவனுக்கு என்ன குற்றமாகும்.",முதலில் தனக்குள்ள குறையை நீக்கிக் கொண்டு அதன் பின்னர் பிறர் குறையைக் கண்டு சொல்லும் தலைவனுக்கு என்ன குறை நேரும்?,,,
450,45,light_fire,light_fire:தீ*,,,1,பல்லார் பகைகொளலிற் பத்தடுத்த தீமைத்தே / நல்லார் தொடர்கை விடல்.,To give up good friends is ten times worse Than being hated by countless foes,"It is tenfold more injurious to abandon the friendship of the good, than to incur the hatred of the many",நல்லவராகிய பெரியாரின் தொடர்பைக் கைவிடுதல் பலருடைய பகையைத் தேடிக்கொள்வதைவிடப் பத்து மடங்கு தீமை உடையதாகும்.,நல்லவர்களின் தொடர்பைக் கைவிடுவது என்பது பலருடைய பகையைத் தேடிக் கொள்வதை விடக் கேடு விளைவிக்கக் கூடியதாகும்,,,
452,46,rain_water,rain_water:water,rain_water:நீர்*,,1,நிலத்தியல்பால் நீர்திரிந் தற்றாகும் மாந்தர்க்கு / இனத்தியல்ப தாகும் அறிவு.,With soil changes water's taste With mates changes the mental state,"As water changes (its nature), from the nature of the soil (in which it flows), so will the character of men resemble that of their associates","சேர்ந்த நிலத்தின் இயல்பால் அந்த நீர் வேறுபட்டு அந் நிலத்தின் தன்மையுடையதாகும், அதுபோல் மக்களுடைய அறிவு இனத்தின் இயல்பினை உடையதாகும்.","சேர்ந்த நிலத்தின் தன்மையால் நீரானது வேறுபட்டு அந்த நிலத்தின் தன்மையை அடைந்துவிடும் அதுபோல மக்களின் அறிவும், தாங்கள் சேர்ந்த இனத்தின் தன்மையைப் பெற்றதாகிவிடும்",,,
460,46,light_fire,light_fire:தீ*,,,1,நல்லினத்தி னூங்குந் துணையில்லை தீயினத்தின் / அல்லற் படுப்பதூஉம் இல்.,No help good company exeeds; The bad to untold anguish leads,There is no greater help than the company of the good; there is no greater source of sorrow than the company of the wicked,"நல்ல இனத்தைவிடச் சிறந்ததாகிய துணையும் உலகத்தில் இல்லை, தீய இனத்தைவிடத் துன்பப்படுத்தும் பகையும் இல்லை.","நல்ல இனத்தைக் காட்டிலும் துணையாக இருப்பதும், தீய இனத்தைக் காட்டிலும் துன்பம் தரக்கூடியதும் எதுவுமே இல்லை",,,
475,48,light_fire,light_fire:light,,,1,பீலிபெய் சாகாடும் அச்சிறும் அப்பண்டஞ் / சால மிகுத்துப் பெயின்.,Even the gentle peacock's plume Cart's axle breaks by gross volume,"The axle tree of a bandy, loaded only with peacocks' feathers will break, if it be greatly overloaded","மயிலிறகு ஏற்றிய வண்டியே ஆனாலும் , அந்த பண்டமும் (அளவோடு ஏற்றாமல்) அளவு கடந்து மிகுதியாக ஏற்றினால் அச்சு முறியும்.",மயில் இறகாக இருந்தாலும்கூட அதிகமாக ஏற்றப்பட்டால் வண்டியின் அச்சு முரிகின்ற அளவுக்கு அதற்குப் பலம் வந்து விடும்,,,
481,49,time_season,"time_season:பகல்*,day",,time_season:காலம்,1,பகல்வெல்லும் கூகையைக் காக்கை இகல்வெல்லும் / வேந்தர்க்கு வேண்டும் பொழுது.,By day the crow defeats the owl Kings need right time their foes to quell,A crow will overcome an owl in the day time; so the king who would conquer his enemy must have (a suitable) time,"காக்கை தன்னைவிட வலிய கோட்டானைப் பகலில் வென்றுவிடும், அதுபோல் பகையை வெல்லக்கருதும் அரசர்க்கும் அதற்கு ஏற்ற காலம் வேண்டும்.",பகல் நேரமாக இருந்தால் கோட்டானைக் காக்கைவென்று விடும் எனவே எதிரியை வீழ்த்துவதற்கு ஏற்ற காலத்தைத் தேர்ந்தெடுக்க வேண்டும்,,,
482,49,light_fire|time_season,light_fire:தீ* ; time_season:season,,time_season:காலம்,2,பருவத்தோடு ஒட்ட ஒழுகல் திருவினைத் / தீராமை ஆர்க்குங் கயிறு.,Well-ordered seasoned act is cord That fortune binds in bon accord,"Acting at the right season, is a cord that will immoveably bind success (to a king)",காலத்தோடுப் பொருந்துமாறு ஆராய்ந்து நடத்தல் ( நில்லாத இயல்பு உடைய) செல்வத்தை நீங்காமல் நிற்குமாறு கட்டும் கயிறாகும்.,"காலம் உணர்ந்து அதற்கேற்பச் செயல்படுதல், அந்த நற்செயலின் வெற்றியை நழுவவிடாமல் கட்டிப்பிணிக்கும் கயிறாக அமையும்",,,
487,49,light_fire,"light_fire:fire,glow",time_season:காலம்*,light_fire:தீ,1,பொள்ளென ஆங்கே புறம்வேரார் காலம்பார்த்து / உள்வேர்ப்பர் ஒள்ளி யவர்.,The wise jut not their vital fire They watch their time with hidden ire,"The wise will not immediately and hastily shew out their anger; they will watch their time, and restrain it within","அறிவுடையவர் ( பகைவர் தீங்கு செய்த) அப்பொழுதே உடனே புறத்தில் சினம் கொள்ளமாட்டார், (வெல்வதற்கு ஏற்ற) காலம் பார்த்து அகத்தில் சினம் கொள்வார்.",பகையை வீழ்த்திட அகத்தில் சினங்கொண்டாலும் அதனை வெளிப்படுத்தாமல் இடம் காலம் இரண்டுக்கும் காத்திருப்பதே அறிவுடையார் செயல்,,,
489,49,time_season,time_season:season,,time_season:காலம்,1,எய்தற் கரியது இயைந்தக்கால் அந்நிலையே / செய்தற் கரிய செயல்.,When comes the season ripe and rare Dare and do hard things then and there,"If a rare opportunity occurs, while it lasts, let a man do that which is rarely to be accomplished (but for such an opportunity)","கிடைத்தற்கறிய காலம் வந்து வாய்க்குமானால், அந்த வாய்ப்பைப் பயன்படுத்திக் கொண்டு அப்போதே செய்தற்கரியச் செயல்களைச் செய்ய வேண்டும்.",கிடைப்பதற்கு அரிய காலம் வாயக்கும்போது அதைப் பயன்படுத்திக் கொண்டு அப்போதே செயற்கரிய செய்து முடிக்க வேண்டும்,,,
495,50,rain_water,rain_water:water,,cosmos_origin:உயிர்,1,நெடும்புனலுள் வெல்லும் முதலை அடும்புனலின் / நீங்கின் அதனைப் பிற.,In water crocodile prevails In land before others it fails,"In deep water, a crocodile will conquer (all other animals); but if it leave the water, other animals will conquer it","ஆழமுள்ள நீரில் முதலை மற்ற உயிர்களை வெல்லும், ஆனால் நீரிலிருந்து விலகிவந்தால் அந்த முதலையையும் மற்ற உயிர்கள் வென்றுவிடும்.",தண்ணீரில் இருக்கும் வரையில்தான் முதலைக்குப் பலம்; தண்ணீரைவிட்டு வெளியே வந்து விட்டால் ஒரு சாதாரண உயிர்கூட அதனை விரட்டி விடும்,,,
496,50,rain_water|direction_earth,"rain_water:ocean,sea ; direction_earth:earth",,,2,கடலோடா கால்வல் நெடுந்தேர் கடலோடும் / நாவாயும் ஓடா நிலத்து.,Sea-going ship goes not on shore Nor on sea the strong-wheeled car,"Wide chariots, with mighty wheels, will not run on the ocean; neither will ships that the traverse ocean, move on the earth","வலிய சக்கரங்களையுடைய பெரியத் தேர்கள் கடலில் ஓடமுடியாது, கடலில் ஓடுகின்ற கப்பல்களும் நிலத்தில் ஓடமுடியாது.",ஒரு செயலுக்குரிய இடத்தைத் தேர்ந்தெடுப்பவர் `தேர் கடலிலே ஓடாது' `கப்பல் நிலத்தில் போகாது' என்பதையாவது தெரிந்தவராக இருக்க வேண்டும்,,,
508,51,light_fire,light_fire:தீ*,,,1,தேரான் பிறனைத் தெளிந்தான் வழிமுறை / தீரா இடும்பை தரும்.,To trust an untried stranger brings Endless troubles on all our kins,Sorrow that will not leave even his posterity will come upon him chooses a stranger whose character he has not known,மற்றவனை ஒன்றும் ஆராயாமல் தெளிந்தால் அஃது (அவனுக்கு மட்டும் அல்லாமல்) அவனுடைய வழிமுறையில் தோன்றினவருக்கும் துன்பத்தைக் கொடுக்கும்.,"ஆராய்ந்து பார்க்காமல் ஒருவரைத் துணையாகத் தேர்வு செய்து, அமர்த்திக் கொண்டால் அவரால் வருங்காலத் தலைமுறையினர்க்கும் நீங்காத துன்பம் விளையும்",,,
510,51,light_fire,light_fire:தீ*,,,1,தேரான் தெளிவும் தெளிந்தான்கண் ஐயுறவும் / தீரா இடும்பை தரும்.,Trust without test; The trusted doubt; Both entail troubles in and out,"To make choice of one who has not been examined, and to entertain doubts respecting one who has been chosen, will produce irremediable sorrow","ஒருவனை ஆராயாமல் தெளிவடைதலும், ஆராய்ந்து தெளிவடைந்த ஒருவனிடம் ஐயப்படுதலும் ஆகிய இவை நீங்காதத் துன்பத்தைக் கொடுக்கும்.","ஆராயாமல் ஒருவரைத் தேர்வு செய்து ஏற்றுக் கொள்வதும், ஆராய்ந்து தேர்வு செய்து ஏற்றுக்கொண்டபின் அவரைக் சந்தேகப்படுவதும் தீராத துன்பத்தைத் தரும்",,,
511,52,light_fire,light_fire:தீ*,,,1,நன்மையும் தீமையும் நாடி நலம்புரிந்த / தன்மையான் ஆளப் படும்.,Employ the wise who will discern The good and bad and do good turn,"He should be employed (by a king), whose nature leads him to choose the good, after having weighed both the evil and the good in any undertaking",நன்மையும் தீமையுமாகிய இரண்டையும் ஆராய்ந்து நன்மை தருகின்றவற்றையே விரும்புகின்ற இயல்புடையவன் (செயலுக்கு உரியவனாக) ஆளப்படுவான்.,"நன்மை எது தீமை எது என ஆராய்ந்து அறிந்த, நற்செயலில் மட்டுமே நாட்டங் கொண்டவர்கள் எப்பணியினை ஆற்றிடவும் தகுதி பெற்றவராவார்கள்",,,
520,52,time_season,time_season:day,,time_season:நாள் ; direction_earth:உலகம்,1,நாடோறும் நாடுக மன்னன் வினைசெய்வான் / கோடாமை கோடா துலகு.,Worker straight the world is straight The king must look to this aright,"Let a king daily examine the conduct of his servants; if they do not act crookedly, the world will not act crookedly","தொழில் செய்கின்றவன் கோணாதிருக்கும் வரையில் உலகம் கெடாது, ஆகையால் மன்னன் நாள்தோறும் அவனுடைய நிலைமையை ஆராய வேண்டும்.",உழைப்போர் உள்ளம் வாடாமல் இருக்கும் வரையில் உலகின் செழிப்பும் வாடாமல் இருக்கும் எனவே உழைப்போர் நிலையை ஒவ்வொரு நாளும் அரசினர் ஆய்தறிந்து ஆவன செய்ய வேண்டும்,,,
523,53,rain_water,rain_water:water,rain_water:நீர்*,,1,அளவளா வில்லாதான் வாழ்க்கை குளவளாக் / கோடின்றி நீர்நிறைந் தற்று.,A kinless wealth is like a tank Which overflows without a bank,"The wealth of one who does not mingle freely with his relatives, will be like the filling of water in a","சுற்றத்தாரோடு மனம் கலந்து பழகும் தன்மை இல்லாதவனுடைய வாழ்க்கை, குளப்பரப்பானது கரையில்லாமல் நீர் நிறைந்தாற் போன்றது.",உற்றார் உறவினர் எனச் சூழ இருப்போருடன் அன்பு கலந்து மகிழ்ந்து பழகாதவனுடைய வாழ்க்கையானது; கரையில்லாத குளத்தில் நீர் நிறைந்ததைப் போலப் பயனற்றதாகி விடும்,,,
526,53,direction_earth,direction_earth:earth,,,1,பெருங்கொடையான் பேணான் வெகுளி அவனின் / மருங்குடையார் மாநிலத்து இல்.,Large giver and wrathless man Commands on earth countless kinsmen,"No one, in all the world, will have so many relatives (about him), as he who makes large gift, and does not give way to anger",பெரிய கொடையாளியாகவும் சினமற்றவனாகவும் ஒருவன் இருந்தால் அவனைப் போல் சுற்றத்தாரை உடையவர் உலகத்தில் யாரும் இல்லை.,"பெரிய கொடையுள்ளம் கொண்டவனாகவும், வெகுண்டு எழும் சீற்றத்தை விலக்கியவனாகவும் ஒருவன் இருந்தால் அவனைப் போல் சுற்றம் சூழ இருப்போர் உலகில் யாரும் இல்லை எனலாம்",,,
531,54,light_fire,light_fire:தீ*,,,1,இறந்த வெகுளியின் தீதே சிறந்த / உவகை மகிழ்ச்சியிற் சோர்வு.,Worse than wrath in excess is Forgetfulness in joy-excess,"More evil than excessive anger, is forgetfulness which springs from the intoxication of great joy","பெரிய உவகையால் மகிழ்ந்திருக்கும் போது மறதியால் வரும் சோர்வு, ஒருவனுக்கு வரம்பு கடந்த சினம் வருவதைவிடத் தீமையானதாகும்.","அகமகிழ்ச்சியினால் ஏற்படும் மறதி, அடங்காத சினத்தினால் ஏற்படும் விளைவை விடத் தீமையானது",,,
541,55,cosmos_origin,cosmos_origin:இறை*,,,1,ஓர்ந்துகண் ணோடாது இறைபுரிந்து யார்மாட்டும் / தேர்ந்துசெய் வஃதே முறை.,Test and attest impartially Consult and act the laws justly,"To examine into (the crimes which may be committed), to show no favour (to any one), to desire to act with impartiality towards all, and to inflict (such punishments) as may be wisely resolved on,","யாரிடத்திலும் (குற்றம் இன்னதென்று) ஆராய்ந்து, கண்ணோட்டம் செய்யாமல் நடுவுநிலைமைப் பொருந்தி (செய்யத்தக்கதை) ஆராய்ந்து செய்வதே நீதிமுறையாகும்.",குற்றம் இன்னதென்று ஆராய்ந்து எந்தப் பக்கமும் சாயாமல் நடுவுநிலைமை தவறாமல் வழங்கப்படுவதே நீதியாகும்,,,
542,55,sky_stars|rain_water|direction_earth|cosmos_origin,sky_stars:sky ; rain_water:rain ; direction_earth:earth ; cosmos_origin:creation,,rain_water:மழை ; cosmos_origin:உயிர்,4,வானோக்கி வாழும் உலகெல்லாம் மன்னவன் / கோல் நோக்கி வாழுங் குடி.,The earth looks up to sky and thrives And mankind to king's rod of justice,"When there is rain, the living creation thrives; and so when the king rules justly, his subjects thrive","உலகத்தில் உள்ள உயிர்கள் எல்லாம் மழையை நம்பி வாழ்கின்றன, அதுபோல் குடிமக்கள் எல்லாம் அரசனுடைய செங்கோலை நோக்கி வாழ்கின்றனர்.",உலகில் உள்ள உயிர்கள் வாழ்வதற்கு மழை தேவைப்படுவது போல ஒரு நாட்டின் குடிமக்கள் வாழ்வதற்கு நல்லாட்சி தேவைப்படுகிறது,,,
543,55,cosmos_origin,cosmos_origin:ஆதி*,,,1,அந்தணர் நூற்கும் அறத்திற்கும் ஆதியாய் / நின்றது மன்னவன் கோல்.,The Sage's scripture and virtue spring From the sceptre of a stately king,"The sceptre of the king is the firm support of the Vedas of the Brahmin, and of all virtues therein described",அந்தணர் போற்றும் மறைநூலுக்கும் அறத்திற்கும் அடிப்படையாய் நின்று உலகத்தைக் காப்பது அரசனுடைய செங்கோலாகும்.,ஓர் அரசின் செங்கோன்மைதான் அறவோர் நூல்களுக்கும் அறவழிச் செயல்களுக்கும் அடிப்படையாக அமையும்,,,
545,55,rain_water,rain_water:rain,,rain_water:மழை,1,இயல்புளிக் கோலோச்சும் மன்னவன் நாட்ட / பெயலும் விளையுளும் தொக்கு.,Full rains and yields enrich the land Which is ruled by a righteous hand,Rain and plentiful crops will ever dwell together in the country of the king who sways his sceptre with justice,நீதி முறைப்படி செங்கோல் செலுத்தும் அரசனுடைய நாட்டில் பருவ மழையும் நிறைந்த விளைவும் ஒருசேர ஏற்படுவனவாகும்.,"நீதி வழுவாமல் ஓர் அரசு நாட்டில் இருக்குமேயானால் அது, பருவகாலத்தில் தவறாமல் பெய்யும் மழையினால் வளமான விளைச்சல் கிடைப்பதற்கு ஒப்பானதாகும்",,,
547,55,direction_earth|cosmos_origin,direction_earth:earth ; cosmos_origin:இறை*,,,2,இறைகாக்கும் வையகம் எல்லாம் அவனை / முறைகாக்கும் முட்டாச் செயின்.,The king protects the entire earth And justice protects his royal worth,"The king defends the whole world; and justice, when administered without defect, defends the king","உலகத்தை எல்லாம் அரசன் காப்பாற்றுவான், நீதிமுறை கெடாதவாறு ஆட்சி செய்வானாயின் அரசனை அந்த முறையே காப்பாற்றும்.",நீதி வழுவாமல் ஓர் அரசு நடைபெற்றால் அந்த அரசை அந்த நீதியே காப்பாற்றும்,,,
552,56,time_season,time_season:இரவு*,,,1,வேலொடு நின்றான் இடுவென் றதுபோலும் / கோலொடு நின்றான் இரவு.,"Sceptered tyrant exacting gold Is \""give\"" of lanced robber bold","The request (for money) of him who holds the sceptre is like the word of a highway robber who stands with a weapon in hand and says ""give up your wealth""","ஆட்சிக்குறிய கோலை ஏந்தி நின்ற அரசன் குடிகளைப் பொருள் கேட்டல் , போகும் வழியில் கள்வன் கொடு என்று கேட்பதைப் போன்றது.","ஆட்சிக்கோல் ஏந்தியிருப்பவர்கள் தமது குடிமக்களிடம் அதிகாரத்தைக் காட்டிப் பொருளைப் பறிப்பது, வேல் ஏந்திய கொள்ளைக்காரனின் மிரட்டலைப் போன்றது",,,
553,56,time_season,time_season:day,,light_fire:தீ ; time_season:நாள்,1,நாடொறும் நாடி முறைசெய்யா மன்னவன் / நாடொறும் நாடு கெடும்.,Spy wrongs daily and do justice Or day by day the realm decays,"The country of the king who does not daily examine into the wrongs done and distribute justice, will daily fall to ruin","நாள் தோறும் தன் ஆட்சியில் நன்மை தீமைகளை ஆராய்ந்து முறைசெய்யாத அரசன், நாள் தோறும் (மெல்ல மெல்லத்) தன் நாட்டை இழந்து வருவான்.",ஆட்சியினால் விளையும் நன்மை தீமைகளை நாள் தோறும் ஆராய்ந்து அவற்றிக்குத் தக்கவாறு நடந்து கொள்ளாத அரசு அமைந்த நாடு சீர்குலைந்து போய்விடும்,,,
556,56,light_fire,light_fire:light,,,1,மன்னர்க்கு மன்னுதல் செங்கோன்மை அஃதின்றேல் / மன்னாவாம் மன்னர்க் கொளி.,Glory endures by sceptre right Without it wanes the royal light,Righteous government gives permanence to (the fame of) kings; without that their fame will have no endurance,"அரசர்க்கு புகழ் நிலைபெறக் காரணம் செங்கோல் முறையாகும், அஃது இல்லையானால் அரசர்க்கு புகழ் நிலைபெறாமல் போகும்.",நீதிநெறி தவறாக செங்கோன்மைதான் ஓர் அரசுக்கு புகழைத் தரும் இல்லையேல் அந்த அரசின் புகழ் நிலையற்றுச் சரிந்து போகும்,,,
557,56,rain_water|direction_earth,rain_water:rain ; direction_earth:earth,cosmos_origin:உயிர்*,rain_water:மழை,2,துளியின்மை ஞாலத்திற்கு எற்றற்றே வேந்தன் / அளியின்மை வாழும் உயிர்க்கு.,Dry like the earth without rainfall Is graceless king to creatures all,"As is the world without rain, so live a people whose king is without kindness","மழைத்துளி இல்லாதிருத்தல் உலகத்திற்கு எத்தன்மையானதோ, அத்தன்மையானது நாட்டில் வாழும் குடிமக்களுக்கு அரசனுடைய அருள் இல்லாத ஆட்சி.",மழையில்லாவிடில் துன்பமுறும் உலகத்தைப் போல் அருள் இல்லாத அரசினால் குடிமக்கள் தொல்லைப்படுவார்கள்,,,
559,56,sky_stars|rain_water|time_season,"sky_stars:வானம்*,sky,heaven ; rain_water:rain,clouds? ; time_season:season",,"sky_stars:வான் ; rain_water:மழை,மேகம்",3,முறைகோடி மன்னவன் செய்யின் உறைகோடி / ஒல்லாது வானம் பெயல்.,The sky withdraws season's shower If the king misuses his power,"If the king acts contrary to justice, rain will become unseasonable, and the heavens will withhold their showers","அரசன் முறை தவறி நாட்டை ஆட்சி செய்வானானால், அந்த நாட்டில் பருவமழை தவறி மேகம் மழை பெய்யாமல் போகும்.","முறை தவறிச் செயல்படும் ஆட்சியில் நீரைத்தேக்கிப் பயனளிக்கும் இடங்கள் பாழ்பட்டுப் போகுமாதலால், வான் வழங்கும் மழையைத் தேக்கி வைத்து வளம் பெறவும் இயலாது",,,
564,57,cosmos_origin,cosmos_origin:இறை*,,time_season:காலம்,1,இறைகடியன் என்றுரைக்கும் இன்னாச்சொல் வேந்தன் / உறைகடுகி ஒல்லைக் கெடும்.,"As men the king a tyrant call His days dwindled, hasten his fall",The king who is spoken of as cruel will quickly perish; his life becoming shortened,"நம் அரசன் கடுமையானவன் என்று குடிகளால் கூறப்படும் கொடுஞ்சொல்லை உடைய அரசன், தன் ஆயுள் குறைந்து விரைவில் கெடுவான்.","கடுஞ்சொல் உரைக்கும் கொடுங்கோல் என்று குடிமக்களால் கருதப்படும் அரசு, தனது பெருமையை விரைவில் இழக்கும்",,,
570,57,direction_earth,direction_earth:earth,,,1,கல்லார்ப் பிணிக்கும் கடுங்கோல் அதுவல்லது / இல்லை நிலக்குப் பொறை.,The crushing burden borne by earth Is tyrants bound to fools uncouth,The earth bears up no greater burden than ignorant men whom a cruel sceptre attaches to itself (as the ministers of its evil deeds),"கடுங்கோலாகிய ஆட்சிமுறை கல்லாதவரைத் தனக்கு அரணாகச் சேர்த்துக் கொள்ளும், அது தவிர நிலத்திற்கு சுமை வேறு இல்லை.",கொடுங்கோல் அரசு படிக்காதவர்களைத் தனக்கு பக்கபலமாக்கிக் கொள்ளும் அதைப்போல பூமிக்குப் பாரம் வேறு எதுவுமில்லை,,,
572,58,direction_earth,direction_earth:earth,,,1,கண்ணோட்டத் துள்ளது உலகியல் அஃதிலார் / உண்மை நிலக்குப் பொறை.,World lives by looks of lovely worth Who lack them are burdens of earth,"The prosperity of the world springs from the kindliness, the existence of those who have no (kindliness) is a burden to the earth","கண்ணோட்டத்தினால் உலகியல் நடைபெறுகின்றது, கண்ணோட்டம் இல்லாதவர் உயிரோடு இருத்தல் நிலத்திற்குச் சுமையே தவிர வேறு பயனில்லை.","அன்புடன் அரவணைத்து இரக்கம் காட்டும் கண்ணோட்டம் எனப்படும் உலகியலுக்கு, மாறாக இருப்பவர்கள் இந்தப் பூமிக்குச் சுமையாவார்கள்",,,
573,58,light_fire,light_fire:light,,vibration_sound:இசை,1,பண்என்னாம் பாடற்கு இயைபின்றேல் கண்என்னாம் / கண்ணோட்டம் இல்லாத கண்.,Of tuneless song what is the use? Without gracious looks what are eyes?,Of what avail is a song if it be inconsistent with harmony ? what is the use of eyes which possess no kindliness,"பாடலோடு பொருந்துதல் இல்லையானால் இசை என்ன பயனுடையதாகும், அதுபோல் கண்ணோட்டம் இல்லாவிட்டால் கண் என்ன பயனுடையதாகும்.","இரக்க உணர்வு, அன்பு எனும் கண்ணோட்டத்துடன் பொருந்தி வராத கண்ணும், பாடலுடன் பொருந்தி வராத இசையும் பயன் தராதவையாகும்",,,
574,58,light_fire,light_fire:light,,cosmos_origin:தோன்று,1,உளபோல் முகத்தெவன் செய்யும் அளவினால் / கண்ணோட்டம் இல்லாத கண்.,Except that they are on the face What for are eyes sans measured grace,"Beyond appearing to be in the face, what good do they do, those eyes in which is no well-regulated kindness ?",தக்க அளவிற்குக் கண்ணோட்டம் இல்லாத கண்கள் முகத்தில் உள்ளவை போல் தோன்றுதல் அல்லாமல் வேறு என்ன பயன் செய்யும்.,"அகத்தில் அன்பையும் இரக்கத்தையும் சுரக்கச் செய்யாத கண்கள் முகத்தில் உள்ளவைபோல் தோன்றுவதைத் தவிர, வேறு எந்தப்பயனும் இல்லாதவைகளாகும்",,,
576,58,direction_earth,direction_earth:earth,direction_earth:மண்*,,1,மண்ணோ டியைந்த மரத்தனையர் கண்ணோ / டியைந்துகண் ணோடா தவர்.,Like trees on inert earth they grow Who don't eye to eye kindness show,"They resemble the trees of the earth, who although they have eyes, never look kindly (on others)",கண்ணோட்டதிற்க்கு உரிய கண்ணோடுப் பொருந்தி இருந்தும் கண்ணோட்டம் இல்லாதவர் (கண் இருந்தும் காணாத ) மரத்தினைப் போன்றவர்.,ஒருவர்க்குக் கண் இருந்தும்கூட அந்தக் கண்ணுக்குரிய அன்பும் இரக்கமும் இல்லாவிட்டால் அவர் மரத்துக்கு ஒப்பானவரே ஆவார்,,,
577,58,light_fire,light_fire:light,,,1,கண்ணோட்டம் இல்லவர் கண்ணிலர் கண்ணுடையார் / கண்ணோட்டம் இன்மையும் இல்.,Ungracious men lack real eyes Men of real eyes show benign grace,Men without kind looks are men without eyes; those who (really) have eyes are also not devoid of kind looks,"கண்ணோட்டம் இல்லாத மக்கள் கண் இல்லாதவரே ஆவர், கண் உடைய மக்கள் கண்ணோட்டம் இல்லா திருத்தலும் இல்லை.",கருணை மனம் கொண்டவர்க்கு இருப்பதே கண்கள் எனப்படும்; கருணையற்றோர் கண்ணற்றோர் என்றே கருதப்படுவார்கள்,,,
578,58,direction_earth,direction_earth:earth,,direction_earth:உலகம்,1,கருமம் சிதையாமல் கண்ணோட வல்லார்க்கு / உரிமை உடைத்திவ் வுலகு.,Who gracious are but dutiful Have right for this earth beautiful,"The world is theirs (kings) who are able to show kindness, without injury to their affairs, (administration of justice)",தம் தம் கடமையாகிய தொழில் கெடாமல் கண்ணோட்டம் உடையவராக இருக்க வல்லவர்க்கு இவ்வுலகம் உரிமை உடையது.,"கடமை தவறாமையிலும், கருணை பொழிவதிலும் முதன்மையாக இருப்போருக்கு இந்த உலகமே உரிமையுடையதாகும்",,,
582,59,time_season,time_season:day,,,1,எல்லார்க்கும் எல்லாம் நிகழ்பவை எஞ்ஞான்றும் / வல்லறிதல் வேந்தன் தொழில்.,"All that happens, always, to all The king should know in full detail",'Tis duty of the king to learn with speed,எல்லாரிடத்திலும் நிகழ்கின்றவை எல்லாவற்றையும் எக்காலத்திலும் (ஒற்றரைக் கொண்டு) விரைந்து அறிதல் அரசனுக்குரிய தொழிலாகும்.,"நண்பர், பகைவர், நடுநிலையாளர் ஆகிய எல்லாரிடத்திலும் நிகழும் எல்லா நிகழ்வுகளையும், எல்லாக் காலங்களிலும் ஒற்றரைக் கொண்டு விரைவாக அறிந்து கொள்வது அரசுக்குரிய கடமையாகும்",,,
590,59,light_fire,light_fire:light,,light_fire:ஒளி,1,சிறப்பறிய ஒற்றின்கண் செய்யற்க செய்யின் / புறப்படுத்தான் ஆகும் மறை.,Give not the spy open reward It would divulge the secret heard!,"Let not a king publicly confer on a spy any marks of his favour; if he does, he will divulge his own secret","ஒற்றனிடத்தில் செய்யும் சிறப்பைப் பிறர் அறியுமாறு செய்யக்கூடாது, செய்தால் மறைபொருளைத்தானே வெளிப்படுத்தியவன் ஆவான்.","ஓர் ஒற்றரின் திறனை வியந்து பிறர் அறியச் சிறப்புச் செய்தால், ஒளிவு மறைவாக இருக்கவேண்டிய செய்தியை, வெளிப்படுத்தியதாகிவிடும்",,,
595,60,rain_water,"rain_water:water,flood",,rain_water:நீர்,1,வெள்ளத் தனைய மலர்நீட்டம் மாந்தர்தம் / உள்ளத் தனையது உயர்வு.,Water depth is lotus height Mental strength is men's merit,The stalks of water-flowers are proportionate to the depth of water; so is men's greatness proportionate to their minds,"நீர்ப்பூக்களின் தாளின் நீளம் அவை நின்ற நீரின் அளவினவாகும், மக்களின் ஊக்கத்தை அளவினதாகும் வாழ்க்கையின் உயர்வு.",தண்ணீரின் அளவுதான் அதில் மலர்ந்துள்ள தாமரைத் தண்டின் அளவும் இருக்கும் அதுபோல மனிதரின் வாழ்க்கையின் உயர்வு அவர் மனத்தில் கொண்டுள்ள ஊக்கத்தின் அளவே இருக்கும்,,,
601,61,light_fire,"light_fire:light,lamp",,"light_fire:ஒளி,விளக்கு",1,குடியென்னும் குன்றா விளக்கம் மடியென்னும் / மாசூர மாய்ந்து கெடும்.,Quenchless lamp of ancestry goes When foul idleness encloses,"By the darkness, of idleness, the indestructible lamp of family (rank) will be extinguished","ஒருவனுக்கு தன் குடியாகிய மங்காத விளக்கு, அவனுடைய சோம்பலாகிய மாசு படிய படிய ஒளி மங்கிக் கெட்டுவிடும்.","பிறந்த குடிப் பெருமை என்னதான் ஒளிமயமாக இருந்தாலும், சோம்பல் குடிகொண்டால் அது மங்கிப் போய் இருண்டு விடும்",,,
606,61,direction_earth,direction_earth:earth,,direction_earth:நிலம்,1,படியுடையார் பற்றமைந்தக் கண்ணும் மடியுடையார் / மாண்பயன் எய்தல் அரிது.,With all the wealth of lords of earth The slothful gain nothing of worth,"It is a rare thing for the idle, even when possessed of the riches of kings who ruled over the whole earth, to derive any great benefit from it","நாட்டை ஆளும் தலைவருடைய உறவுத் தானே வந்து சேர்ந்தாலும், சோம்பல் உடையவர் சிறந்த பயனை அடைய முடியாது.",தகுதியுடையவரின் அன்புக்குப் பாத்திரமானவராக இருப்பினும் சோம்பலுடையவர்கள் பெருமை எனும் பயனை அடைவதென்பது அரிதாகும்,,,
610,61,direction_earth,direction_earth:earth,,direction_earth:உலகம்,1,மடியிலா மன்னவன் எய்தும் அடியளந்தான் / தாஅய தெல்லாம் ஒருங்கு.,The slothless king shall gain en masse *All regions trod by Lord apace * Hindu mythology holds that Lord Vishnu measured with his feet the three worlds,The king who never gives way to idleness will obtain entire possession of (the whole earth) passed over by him who measured (the worlds) with His foot,அடியால் உலகத்தை அளந்த கடவுள் தாவியப் பரப்பு எல்லாவற்றையும் சோம்பல் இல்லாத அரசன் ஒரு சேர அடைவான்.,"சோம்பல் இல்லாதவர் அடையும் பயன், சோர்வில்லாத ஒரு மன்னன், அவன் சென்ற இடமனைத்தையும் தனது காலடி எல்லைக்குள் கொண்டு வந்ததைப் போன்றதாகும்",,,
612,62,light_fire,light_fire:தீ*,direction_earth:உலகு*,direction_earth:உலகம்,1,வினைக்கண் வினைகெடல் ஓம்பல் வினைக்குறை / தீர்ந்தாரின் தீர்ந்தன்று உலகு.,In doing work don't break and shirk The world will quit who quits his work,Take care not to give up exertion in the midst of a work; the world will abandon those who abandon their unfinished work,"தொழிலாகிய குறையைச் செய்யாமல் கைவிட்டவரை உலகம் கைவிடும், ஆகையால் தொழில் முயற்சி இல்லாதிருத்தலை ஒழிக்க வேண்டும்.",எந்தச் செயலில் ஈடுபட்டாலும் அதனை முழுமையாகச் செய்து முடிக்க வேண்டும் இல்லையேல் அரைக்கிணறு தாண்டிய கதையாகி விடும்,,,
622,63,rain_water,rain_water:flood,,,1,வெள்ளத் தனைய இடும்பை அறிவுடையான் / உள்ளத்தின் உள்ளக் கெடும்.,Deluging sorrows come to nought When wise men face them with firm thought,"A flood of troubles will be overcome by the (courageous) thought which the minds of the wise will entertain, even in sorrow","வெள்ளம் போல் அளவற்றதாய் வரும் துன்பமும், அறிவுடையவன் தன் உள்ளத்தினால் அத் துன்பத்தின் இயல்பை நினைத்த அளவில் கெடும்.",வெள்ளம்போல் துன்பம் வந்தாலும் அதனை வெல்லும் வழி யாது என்பதை அறிவுடையவர்கள் நினைத்த மாத்திரத்திலேயே அத்துன்பம் விலகி ஓடி விடும்,,,
635,64,time_season,time_season:season,,,1,அறனறிந்து ஆன்றமைந்த சொல்லான்எஞ் ஞான்றுந் / திறனறிந்தான் தேர்ச்சித் துணை.,"Have him for help who virtue knows Right wisdom speaks, ever apt in acts","He is the best helper (of the king) who understanding the duties, of the latter, is by his special learning, able to tender the fullest advice, and at all times conversant with the best method (of","அறத்தை அறிந்தவனாய், அறிவு நிறைந்து அமைந்த சொல்லை உடையவனாய், எக்காலத்திலும் செயல்செய்யும் திறன் அறிந்தவனாய் உள்ளவன் ஆராய்ந்து கூறும் துணையாவான்.","அறநெறி உணர்ந்தவராகவும், சொல்லாற்றல் கொண்டவராகவும், செயல்திறன் படைத்தவராகவும் இருப்பவரே ஆலோசனைகள் கூறக்கூடிய துணையாக விளங்க முடியும்",,,
636,64,vibration_sound,vibration_sound:sound,moon:மதி*,,1,மதிநுட்பம் நூலோடு உடையார்க்கு அதிநுட்பம் / யாவுள முன்நிற் பவை.,Which subtler brain can stand before The keen in brain with learned love?,What (contrivances) are there so acute as to resist those who possess natural acuteness in addition to learning ?,இயற்கையான நுட்ப அறிவை நூலறிவோடு ஒருங்கே உடையவர்க்கு மிக்க நுட்பமான சூழ்ச்சிகளாய் முன் நிற்பவை எவை உள்ளன.,நூலறிவுடன் இயற்கையான மதி நுட்பமும் உள்ளவர்களுக்கு முன்னால் எந்த சூழ்ச்சிதான் எதிர்த்து நிற்க முடியும்? முடியாது,,,
638,64,vibration_sound,vibration_sound:sound,,moon:மதி,1,அறிகொன்று அறியான் எனினும் உறுதி / உழையிருந்தான் கூறல் கடன்.,The man in place must tell the facts Though the ignorant king refutes,"Although the king be utterly ignorant, it is the duty of the minister to give (him) sound advice","அறிவுறுத்துவாரின் அறிவையையும் அழித்துத் தானும் அறியாதவனாக அரசன் இருந்தாலும், அமைச்சன் அவனுக்கு உறுதியானவற்றை எடுத்துக்கூறல் க‌டமையாகும்.","சொன்னதையும் கேட்காமல், சொந்த அறிவும் இல்லாமல் இருப்போர்க்கு, அருகிலுள்ள அமைச்சர்கள்தான் துணிவோடு நல்ல யோசனைகளைக் கூற வேண்டும்",,,
643,65,cosmos_origin,cosmos_origin:element,,,1,கேட்டார்ப் பிணிக்கும் தகையவாய்க் கேளாரும் / வேட்ப மொழிவதாம் சொல்.,A speech is speech that holds ears And attracts ev'n those that are averse,The (minister's) speech is that which seeks (to express) elements as bind his friends (to himself) and is so delivered as to make even his enemies desire (his friendship),"சொல்லும் போது கேட்டவரைத் தன் வயப்படுத்தும் பண்புகளுடன், கேட்காதவரும் கேட்க விரும்புமாறு கூறப்படுவது சொல்வன்மையாகும்.","கேட்போரைக் கவரும் தன்மையுடைதாகவும், கேட்காதவரும் தேடிவந்து விரும்பிக் கேட்கக் கூடியதாகவும் அமைவதே சொல்வன்மை எனப்படும்",,,
653,66,light_fire,light_fire:light,light_fire:ஒளி*,,1,ஒஓதல் வேண்டும் ஒளிமாழ்கும் செய்வினை / ஆஅதும் என்னு மவர்.,Those in the world desire for fame Should shun the deed that dims their name,"Those who say, ""we will become (better)"" should avoid the performance of acts that would destroy (their fame)",மேன்மேலும் உயர்வோம் என்று விரும்பி முயல்கின்றவர் தம்முடைய புகழ் கெடுவதற்குக் காரணமான செயலைச் செய்யாமல் விட வேண்டும்.,"மேன்மேலும் உயர்ந்திட வேண்டுமென விரும்புகின்றவர்கள், தம்முடைய செயல்களால் தமது புகழ் கெடாமல் கவனமாக இருந்திட வேண்டும்",,,
660,66,rain_water,rain_water:water,,light_fire:தீ ; direction_earth:மண்,1,சலத்தால் பொருள்செய்தே மார்த்தல் பசுமண் / கலத்துள்நீர் பெய்திரீஇ யற்று.,The wealth gathered in guilty ways Is water poured in wet clay vase,(For a minister) to protect (his king) with wealth obtained by foul means is like preserving a vessel of wet clay by filling it with water,"வஞ்சனையான வழியால் பொருளைச்சேர்த்துக் காப்பாற்றுதல், பச்சை மண்கலத்தில் நீரை விட்டு அதைக் காப்பாற்றி வைத்தாற் போன்றது.","தவறான வழிகளில் பொருளைச் சேர்த்து அதைக் காப்பாற்ற நினைப்பது, பச்சை மண்ணால் செய்யப்பட்ட பாத்திரத்தில் நீரை ஊற்றி, அதைப் பாதுகாக்க நினைப்பதைப் போன்றதுதான்",,,
668,67,vibration_sound,vibration_sound:wave,,,1,கலங்காது கண்ட வினைக்கண் துளங்காது / தூக்கங் கடிந்து செயல்.,Waver not; do wakefully The deed resolved purposefully,An act that has been firmly resolved on must be as firmly carried out without delay,மனம் தளராமல் ஆராய்ந்து துணிந்து ஏற்றத் தொழிலைச் சோர்வு கொள்ளாமல் காலந் தாழ்த்தாமல் செய்து முடிக்க வேண்டும்.,"மனக் குழப்பமின்றித் தெளிவாக முடிவு செய்யப்பட்ட ஒரு செயலைத் தளர்ச்சியும், தாமதமும் இடையே ஏற்படாமல் விரைந்து நிறைவேற்ற வேண்டும்",,,
671,68,light_fire,light_fire:தீ*,,time_season:காலம்,1,சூழ்ச்சி முடிவு துணிவெய்தல் அத்துணிவு / தாழ்ச்சியுள் தங்குதல் தீது.,When counsel takes a resolve strong Weak delay of action is wrong,Consultation ends in forming a resolution (to act); (but) delay in the execution of that resolve is an evil,"ஆராய்ந்து எண்ணுவதற்கு எல்லை துணிவு கொள்வதே ஆகும், அவ்வாறு கொண்ட துணிவு காலந் தாழ்த்து நிற்பது குற்றமாகும்.",ஒரு செயலில் ஈடுபட முடிவெடுக்கும்போது அச்செயலால் விளையும் சாதக பாதகங்கள் பற்றிய ஆராய்ச்சியும் முடிவடைந்திருக்க வேண்டும் முடிவெடுத்த பிறகு காலந்தாழ்த்துவது தீதாக முடியும்,,,
674,68,light_fire,"light_fire:தீ*,fire",,,1,வினைபகை என்றிரண்டின் எச்சம் நினையுங்கால் / தீயெச்சம் போலத் தெறும்.,Work or foe left unfinished Flare up like fire unextinguished,"When duly considered, the incomplete execution of an undertaking and hostility will grow and destroy one like the (unextinguished) remnant of a fire","செய்யத்தொடங்கியச் செயல், கொண்ட பகை என்று இவ்விரண்டின் குறை ஆராய்ந்து பார்த்தால், தீயின் குறைபோல் தெரியாமல் வளர்ந்து கெடுக்கும்.","எற்ற செயலையோ, எதிர்கொண்ட பகையையோ முற்றாக முடிக்காமல் விட்டுவிட்டால் அது நெருப்பை அரை குறையாக அணைத்தது போலக் கேடு விளைவிக்கும்",,,
690,69,cosmos_origin,cosmos_origin:இறை*,,,1,இறுதி பயப்பினும் எஞ்சாது இறைவற்கு / உறுதி பயப்பதாம் தூது.,Braving death the bold envoy Assures his king's safety and joy,He is the ambassador who fearlessly seeks his sovereign's good though it should cost him his life (to deliver his message),"தனக்கு அழிவே தருவதாக இருந்தாலும் அதற்காக அஞ்சி விட்டுவிடாமல், தன் அரசனுக்கு நன்மை உண்டாகுமாறு செய்கின்றவனே தூதன்.","தனக்கு அழிவே தருவதாக இருந்தாலும், அதை எண்ணிப் பயந்து விடாமல் உறுதியுடன் கடமையாற்றுகிறவனே தன்னுடைய தலைவனுக்கு நம்பிக்கையான தூதனாவான்",,,
691,70,light_fire,"light_fire:தீ*,fire",,,1,அகலாது அணுகாது தீக்காய்வார் போல்க / இகல்வேந்தர்ச் சேர்ந்தொழுகு வார்.,Move with hostile kings as with fire Not coming close nor going far,Thus let them act who dwell beneath of warlike kings the palace-roof,"அரசரைச் சார்ந்து வாழ்கின்றவர், அவரை மிக நீங்காமலும், மிக அணுகாமலும் நெருப்பில் குளிர் காய்கின்றவர் போல இருக்க வேண்டும்.","முடிமன்னருடன் பழகுவோர் நெருப்பில் குளிர் காய்வதுபோல அதிகமாக நெருங்கிவிடாமலும், அதிகமாக நீங்கிவிடாமலும் இருப்பார்கள்",,,
698,70,light_fire,light_fire:light,light_fire:ஒளி*,,1,இளையர் இனமுறையர் என்றிகழார் நின்ற / ஒளியோடு ஒழுகப் படும்.,As young and kinsman do not slight; Look with awe king's light and might,"Ministers should behave in accordance with the (Divine) light in the person of kings and not despise them saying, ""He is our junior (in age) and connected with our family!""","(அரசரை) எமக்கு இளையவர், எமக்கு இன்ன முறை உடையவர் என்று இகழாமல் அவருடைய நிலைக்கு ஏற்றவாறு அமைந்த புகழுடன் பொருந்த நடக்க வேண்டும்.","எமக்கு இளையவர்தான்; இன்ன முறையில் உறவுடையவர் தான் என்று ஆட்சிப் பொறுப்பில் இருப்போரை இகழ்ந்துரைக்காமல், அவர்கள் அடைந்துள்ள பெருமைக்கேற்பப் பண்புடன் நடந்து கொள்ள வேண்டும்",,,
701,71,rain_water|direction_earth,rain_water:sea ; direction_earth:earth,,,2,கூறாமை நோக்கக் குறிப்பறிவான் எஞ்ஞான்றும் / மாறாநீர் வையக் கணி.,"Who reads the mind by look, untold Adorns the changeless sea-girt world","The minister who by looking (at the king) understands his mind without being told (of it), will be a perpetual ornament to the world which is surrounded by a never-drying sea",ஓருவர் சொல்லாமலே அவறுடைய முகத்தை நோக்கி அவர் கருதிய குறிப்பை அறிகின்றவன் எப்போதும் உலகத்திற்க்கு ஓர் அணிகலன் ஆவான்.,ஒருவர் எதுவும் பேசாமலிருக்கும் போதே அவர் என்ன நினைக்கிறார் என்பதை முகக்குறிப்பால் உணருகிறவன் உலகத்திற்கே அணியாவான்,,,
714,72,light_fire,light_fire:light,sky_stars:வான்* ; light_fire:ஒளி*,,1,ஒளியார்முன் ஒள்ளிய ராதல் வெளியார்முன் / வான்சுதை வண்ணம் கொளல்.,Before the bright be brilliant light Before the muff be mortar white,"Ministers should be lights in the assembly of the enlightned, but assume the pure whiteness of mortar (ignorance) in that of fools","அறிவிற் சிறந்தவரின் முன் தானும் அறிவிற் சிறந்தவராக நடந்து கொள்ள வேண்டும், அறிவில்லாதவர் முன் தாமும் வெண் கண்ணம் போல் அறிவில்லாதவராய் இருக்க வேண்டும்.","அறிவாளிகளுக்கு முன்னால் அவர்களையொத்த பாலின் தூய்மையுடன் விளங்கும் அறிஞர்கள், அறிவில்லாதவர்கள் முன்னால் வெண்சுண்ணாம்பு போல் தம்மையும் அறிவற்றவர்களாய்க் காட்டிக் கொள்ள வேண்டும்",,,
718,72,rain_water,rain_water:water,rain_water:நீர்*,,1,உணர்வ துடையார்முன் சொல்லல் வளர்வதன் / பாத்தியுள் நீர்சொரிந் தற்று.,To address understanding ones Is to water beds of growing grains,Lecturing to those who have the ability to understand (for themselves) is like watering a bed of plants that are growing (of themselves),"தாமே உணர்கின்ற தன்மை உடையவரின் முன் கற்றவர் பேசுதல், தானே வளரும் பயிருள்ள பாத்தியில் நீரைச் சொரிந்தாற் போன்றது.","உணர்ந்து கொள்ளக்கூடிய ஆற்றல் உள்ளவர்களின் முன்னிலையில் பேசுதல், வளரக்கூடிய பயிர் உள்ள பாத்தியில் நீர் பாய்ச்சுவது போலப் பயன் விளைக்கும்",,,
733,74,cosmos_origin,cosmos_origin:இறை*,,,1,பொறையொருங்கு மேல்வருங்கால் தாங்கி இறைவற்கு / இறையொருங்கு நேர்வது நாடு.,It's land that bears pressing burdens And pays its tax which king demands,A kingdom is that which can bear any burden that may be pressed on it (from adjoining kingdoms) and (yet) pay the full tribute to its sovereign,"(மற்ற நாட்டு மக்கள் குடியேறுவதால்) சுமை ஒரு சேரத் தன் மேல் வரும் போது தாங்கி, அரசனுக்கு இறைபொருள் முழுதும் தர வல்லது நாடாகும்.","புதிய சுமைகள் ஒன்றுணிரண்டு வரும் போதும் அவற்றைத் தாங்கிக் கொண்டு, அரசுக்குரிய வரி வகைகளைச் செலுத்துமளவுக்கு வளம் படைத்ததே சிறந்த நாடாகும்",,,
737,74,rain_water|direction_earth,"rain_water:rain ; direction_earth:மலை*,mountain",,"rain_water:மழை,நீர்,கடல்,ஆறு",2,இருபுனலும் வாய்ந்த மலையும் வருபுனலும் / வல்லரணும் நாட்டிற்கு உறுப்பு.,"Waters up and down, hills and streams With strong forts as limbs country beams","The constituents of a kingdom are the two waters (from above and below), well situated hills and an undestructible fort","ஊற்றும் மழையும் மாகிய இருவகை நீர்வளமும், தக்கவாறு அமைந்த மலையும் அந்த மலையிலிருந்து ஆறாக வரும் நீர் வளமும் வலிய அரணும் நாட்டிற்கு உறுப்புகளாகும்.","ஆறு, கடல் எனும் இருபுனலும், வளர்ந்தோங்கி நீண்டமைந்த மலைத் தொடரும், வருபுனலாம் மழையும், வலிமைமிகு அரணும், ஒரு நாட்டின் சிறந்த உறுப்புகளாகும்",,,
742,75,rain_water|direction_earth,"rain_water:water ; direction_earth:மலை*,mountain",direction_earth:மண்*,rain_water:நீர் ; direction_earth:நிலம்,2,மணிநீரும் மண்ணும் மலையும் அணிநிழற் / காடும் உடைய தரண்.,"A crystal fount, a space a mount Thick woods form a fort paramount","A fort is that which has everlasting water, plains, mountains and cool shady forests","மணிபோல் தெளிந்த நீரும், வெட்ட வெளியான நிலமும், மலையும், அழகிய நிழல் உடைய காடும் ஆகிய இவை நான்கும் உள்ளதே அரண் ஆகும்.","ஆழமும் அகலமும் கொண்ட அகழ், பரந்த நிலம், உயர்ந்து நிற்கும் மலைத்தொடர், அடர்ந்திருக்கும் காடு ஆகியவற்றை உடையதே அரணாகும்",,,
749,75,time_season,time_season:day,,,1,முனைமுகத்து மாற்றலர் சாய வினைமுகத்து / வீறெய்தி மாண்ட தரண்.,A fort it is that fells the foes And gains by deeds a name glorious,A fort is that which derives excellence from the stratagems made (by its inmates) to defeat their enemies in the battlefield,போர் முனையில் பகைவர் அழியும் படியாக (உள்ளிருந்தவர்செய்யும்) போர்ச் செயல்வகையால் பெருமைப் பெற்றுச் சிறப்புடையதாய் விளங்குவது அரண் ஆகும்.,போர் முனையில் பகைவரை வீழ்த்துமளவுக்கு உள்nயிருந்து கொண்டே தாக்குதல் நடத்தும் வண்ணம் தனிச்சிறப்புப் பெற்றுத் திகழ்வதே அரண் ஆகும்,,,
753,76,light_fire,"light_fire:light,lamp",,light_fire:விளக்கு,1,பொருளென்னும் பொய்யா விளக்கம் இருளறுக்கும் / எண்ணிய தேயத்துச் சென்று.,Waneless wealth is light that goes To every land and gloom removes,The imperishable light of wealth goes into regions desired (by its owner) and destroys the darkness (of enmity therein),"பொருள் என்று சொல்லப்படுகின்ற நந்தா விளக்கு, நினைத்த இடத்திற்குச் சென்று உள்ள இடையூற்றைக் கெடுக்கும்",பொருள் என்னும் அணையா விளக்கு மட்டும் கையில் இருந்துவிட்டால் நினைத்த இடத்துக்குச் சென்று இருள் என்னும் துன்பத்தைத் துரத்தி விட முடிகிறது,,,
754,76,light_fire,light_fire:தீ*,,,1,அறன்ஈனும் இன்பமும் ஈனும் திறனறிந்து / தீதின்றி வந்த பொருள்.,The blameless wealth from fairest means Brings good virtue and also bliss,The wealth acquired with a knowledge of the proper means and without foul practices will yield virtue and happiness,"சேர்க்கும் திறம் அறிந்து தீமை ஒன்றும் இல்லாமல், சேர்க்கப் பட்டுவந்த பொருள் ஒருவனுக்கு அறத்தையும் கொடுக்கும் இன்பத்தையும் கொடுக்கும்.","தீய வழியை மேற்கொண்டு திரட்டப்படாத செல்வம்தான் ஒருவருக்கு அறநெறியை எடுத்துக்காட்டி, அவருக்கு இன்பத்தையும் தரும்",,,
763,77,rain_water,rain_water:sea,vibration_sound:ஒலி* ; cosmos_origin:உயிர்*,rain_water:கடல் ; light_fire:தீ,1,ஒலித்தக்கால் என்னாம் உவரி எலிப்பகை / நாகம் உயிர்ப்பக் கெடும்.,Sea-like ratfoes roar What if? They perish at a cobra's whiff,What if (a host of) hostile rats roar like the sea ? They will perish at the mere breath of the cobra,"எலியாகிய பகைக்கூடி கடல் போல் ஒலித்தாலும் என்ன தீங்கு ஏற்ப்படும், பாம்பு மூச்சு விட்ட அளவில் அவைக் கெட்டழியும்.","எலிகள் கூடி கடல்போல் முழங்கிப், பகையைக் கக்கினாலும், நாகத்தின் மூச்சொலிக்கு முன்னால் நிற்க முடியுமா? அதுபோலத்தான் வீரன் வெகுண்டு எழுந்தால் வீணர்கள் வீழந்துபடுவார்கள்",,,
764,77,light_fire,light_fire:flame,,,1,அழிவின்றி அறைபோகா தாகி வழிவந்த / வன்க ணதுவே படை.,"The army guards its genial flame Not crushed, routed nor marred in name",That indeed is an army which has stood firm of old without suffering destruction or deserting (to the enemy),"(போர் முனையில்) அழிவு இல்லாததாய்(பகைவருடைய) வஞ்சனைக்கு இரையாகாததாய், தொன்று தொட்டுவந்த அஞ்சாமை உடையதே படையாகும்.","எந்த நிலையிலும் அழியாததும், சூழ்ச்சிக்கு இரையாகததும், பரம்பரையாகவே பயமற்ற உறுதி உடையதும்தான் உண்மையான படை எனப்படும்",,,
776,78,time_season,time_season:day,,time_season:நாள்,1,விழுப்புண் படாதநாள் எல்லாம் வழுக்கினுள் / வைக்கும்தன் நாளை எடுத்து.,The brave shall deem the days as vain Which did not battle-wounds sustain,The hero will reckon among wasted days all those on which he had not received severe wounds,"வீரன் தன் கழிந்த நாட்களைக் கணக்கிட்டு, விழுப்புண் படாத நாட்களை எல்லாம் பயன் படாமல் தவறிய நாட்களுள் சேர்ப்பான்.","ஒரு வீரன், தான் வாழ்ந்த நாட்களைக் கணக்குப் பார்த்து அந்த நாட்களில் தன்னுடலில் விழுப்புண்படாத நாட்களையெல்லாம் வீணான நாட்கள் என்று வெறுத்து ஒதுக்குவான்",,,
778,78,cosmos_origin,cosmos_origin:இறை*,,cosmos_origin:உயிர்,1,உறின்உயிர் அஞ்சா மறவர் இறைவன் / செறினும் சீர்குன்றல் இலர்.,"The king may chide, they pursue strife; They fear loss of glory; not life","The heroes who are not afraid of losing their life in a contest will not cool their ardour, even if the king prohibits (their fighting)","போர்வந்தால் உயிரின் பொருட்டு அஞ்சாமல் போர் செய்யத் துணியும் வீரர், அரசன் சினந்தாலும் தம்முடைய சிறப்புக் குன்றாதவர் ஆவர்.","தலைவன் சினந்தாலும் சிறப்புக் குறையாமல் கடமை ஆற்றுபவர்கள்தான், போர்களத்தில் உயிரைப் பற்றிக் கலங்காத வீர மறவர்கள் எனப் போற்றப்படுவர்",,,
782,79,moon,moon:moon,,,1,நிறைநீர நீரவர் கேண்மை பிறைமதிப் / பின்னீர பேதையார் நட்பு.,"Good friendship shines like waxing moon, The bad withers like waning moon",The friendship of the wise waxes like the new moon; (but) that of fools wanes like the full moon,"அறிவுடையவரின் நட்பு பிறை நிறைந்து வருதல் போன்ற தன்மையுடையது, அறிவில்லாதவரின் நட்பு முழுமதி தேய்ந்து பின் செல்லுதல் போன்ற தன்மையுடையன.","அறிவுள்ளவர்களுடன் கொள்ளும் நட்பு பிறைநிலவாகத் தொடங்கி முழுநிலவாக வளரும், அறிவில்லாதவர்களுடன் கொள்ளும் நட்போ முழுமதிபோல் முளைத்துப் பின்னர் தேய்பிறையாகக் குறைந்து மறைந்து போகும்",,,
784,79,time_season,time_season:day,,,1,நகுதற் பொருட்டன்று நட்டல் மிகுதிக்கண் / மேற்செனறு இடித்தற் பொருட்டு.,Not to laugh is friendship made But to hit when faults exceed,Friendship is to be practised not for the purpose of laughing but for that of being beforehand in giving one another sharp rebukes in case of transgression,"நட்புச் செய்தல் ஒருவரோடு ஒருவர் சிரித்து மகிழும் பொருட்டு அன்று, நண்பர் நெறிக்கடந்து செல்லும் போது முற்ப்பட்டுச் சென்று இடித்துரைப்பதற்காகும்.",நட்பு என்பது சிரித்து மகிழ்வதற்காக அல்ல; நண்பர்கள் நல்வழி தவறிச் செல்லும்பொழுது இடித்துரைத்துத் திருத்துவதற்காகும்,,,
808,81,time_season,time_season:day,,time_season:நாள்,1,கேளிழுக்கம் கேளாக் கெழுதகைமை வல்லார்க்கு / நாளிழுக்கம் நட்டார் செயின்.,"Fast friends who list not tales of ill Though wronged they say \""that day is well\""","To those who understand that by which they should not listen to (tales about) the faults of their friends, that is a (profitable) day on which the latter may commit a fault","பழகிய நண்பர் செய்த தவறு பற்றிப் பிறர் சொன்னாலும், கேளாமலிருக்கும் உரிமை வல்லவர்க்கு, அந்த நண்பர் தவறுசெய்வாரானால் அது பயனுள்ள நாளாகும்.",நண்பர்கள் செய்யும் குற்றத்தைப் பிறர்கூறி அதனை ஏற்றுக் கொள்ளாத அளவுக்கு நம்பிக்கையான நட்புரிமை கொண்டவரிடத்திலேயே அந்த நண்பர்கள் தவறாக நடந்து கொண்டால் அவர்களுடன் நட்புக் கொண்டிருந்த நாளெல்லாம் வீணான நாளாகும்,,,
827,83,light_fire,light_fire:தீ*,,,1,சொல்வணக்கம் ஒன்னார்கண் கொள்ளற்க வில்வணக்கம் / தீங்கு குறித்தமை யான்.,Trust not the humble words of foes Danger darts from bending bows,"Since the bending of the bow bespeaks evil, one should not accept (as good) the humiliating speeches of one's foes","வில்லின் வணக்கம் வணக்கமாக இருந்தாலும் தீங்கு செய்தலைக்குறித்தமையால், பகைவரிடத்திலும் அவருடைய சொல்லின் வணக்கத்தை நன்மையாகக் கொள்ளக் கூடாது.","பகைவரிடம் காணப்படும் சொல் வணக்கம் என்பது வில்லின் வணக்கத்தைப் போல் தீங்கு விளைவிக்கக் கூடியது என்பதால், அதனை நம்பக் கூடாது",,,
835,84,direction_earth,direction_earth:earth,,,1,ஒருமைச் செயலாற்றும் பேதை எழுமையும் / தான்புக் கழுந்தும் அளறு.,The fool suffers seven fold hells In single birth of hellish ills,A fool can procure in a single birth a hell into which he may enter and suffer through all the seven births,எழுப்பிறப்பிலும் தான் புகுந்து அழுந்துவதற்கு உரிய நரகத் துன்பத்தைப் பேதைத் தன் ஒருபிறவியில் செய்து கொள்ள வல்லவனாவான்.,"தன்னிச்சையாகச் செயல்படும் பேதை, எக்காலத்திலும் துன்பமெனும் சகதியில் அழுந்திக் கிடக்க நேரிடும்",,,
850,85,direction_earth,direction_earth:earth,,,1,உலகத்தார் உண்டென்பது இல்லென்பான் வையத்து / அலகையா வைக்கப் படும்.,"To people's \""Yes\"" who proffer \""No\"" Deemed as ghouls on earth they go",He who denies the existence of what the world believes in will be regarded as a demon on earth,"உலகத்தார் உண்டு என்று சொல்வதை இல்லை என்று கூறுகின்ற ஒருவன், உலகத்தில் காணப்படும் ஒரு பேயாகக் கருதி விலக்கப்படுவான்.","ஆதாரங்களைக் காட்டி இதுதான் உண்மை என்று தெளிவாகக் கூறப்படுகிற ஒன்றை, வேண்டுமென்றே இல்லை என மறுத்துரைப்பவரைப் ``பேய்''களின் பட்டியலின்தான் வைக்க வேண்டும்",,,
852,86,time_season,time_season:பகல்*,,light_fire:தீ,1,பகல்கருதிப் பற்றா செயினும் இகல்கருதி / இன்னாசெய் யாமை தலை.,Rouse not hatred and confusion Though foes provoke disunion,"Though disagreeable things may be done from (a feeling of) disunion, it is far better that nothing painful be done from (that of) hatred",ஒருவன் தன்னோடு பொருந்தாமல் வேறுபடுதலைக் கருதி அன்பில்லாதவற்றைச் செய்தாலும் தான் இகழ் கொண்டு அவர்க்கு துன்பம் செய்யாதிருத்தல் சிறந்ததாகும்.,வேற்றுமை கருதி வெறுப்பான செயல்களில் ஒருவன் ஈடுபடுகிறான் என்றாலும் அவனோடு கொண்டுள்ள மாறுபாடு காரணமாக அவனுக்குத் துன்பம் தரும் எதனையும் செய்யாதிருப்பதே சிறந்த பண்பாகும்,,,
864,87,time_season,time_season:day,,,1,நீங்கான் வெகுளி நிறையிலன் எஞ்ஞான்றும் / யாங்கணும் யார்க்கும் எளிது.,"The wrathful restive man is prey To any, anywhere any day",He who neither refrains from anger nor keeps his secrets will at all times and in all places be easily conquered by all,"ஒருவன் சினம் நீங்காதவனாய், நெஞ்சத்தை நிறுத்தியாளும் தன்மை இல்லாதவனாய் இருந்தால் அவன் எக்காலத்திலும் எவ்விடத்திலும் எவர்க்கும் எளியவன்.","சினத்தையும் மனத்தையும் கட்டுப்படுத்த முடியாதவர்களை, எவர் வேண்டுமானாலும், எப்போது வேண்டுமானாலும், எங்கு வேண்டுமானாலும் எளிதில் தோற்கடித்து விடலாம்",,,
868,87,rain_water,rain_water:clouds?,,,1,குணனிலனாய்க் குற்றம் பலவாயின் மாற்றார்க்கு / இனனிலனாம் ஏமாப் புடைத்து.,With no virtue but full of vice He loses friends and delights foes,He will become friendless who is without (any good) qualities and whose faults are many; (such a character) is a help to (his) foes,"ஒருவன் குணம் இல்லாதவனாய், குற்றம் பல உடையவனானால் அவன் துணை இல்லாதவன் ஆவான், அந்நிலைமையே அவனுடைய பகைவர்க்கு நன்மையாகும்.","குணக்கேடராகவும், குற்றங்கள் மலிந்தவராகவும் ஒருவர் இருந்தால், அவர் பக்கத் துணைகளை இழந்து பகைவரால் எளிதாக வீழ்த்தப்படுவார்",,,
870,87,light_fire,light_fire:light,,,1,கல்லான் வெகுளும் சிறுபொருள் எஞ்ஞான்றும் / ஒல்லானை ஒல்லா தொளி.,Glory's light he will not gain Who fails to fight a fool and win,The light (of fame) will never be gained by him who gains not the trifling reputation of having fought an unlearned (foe),கல்வி கற்காதவனைப் பகைத்துக்கொள்ளும் எளிய செயலைச் செய்ய இயலாத ஒருவனிடம் எக்காலத்திலும் புகழ் வந்து பொருந்தாது.,"போர்முறை கற்றிடாத பகைவர்களைக்கூட எதிர்ப்பதற்குத் தயக்கம் காட்டுகிறவர்கள், உண்மையான வீரர்களை எப்படி எதிர்கொள்வார்கள் எனக் கேலி புரிந்து, புகழ் அவர்களை அணுகாமலே விலகிப் போய்விடும்",,,
880,88,direction_earth,direction_earth:earth,cosmos_origin:உயிர்*,,1,உயிர்ப்ப உளரல்லர் மன்ற செயிர்ப்பவர் / செம்மல் சிதைக்கலா தார்.,To breathe on earth they are not fit Defying foes who don't defeat,Those who do not destroy the pride of those who hate (them) will certainly not exist even to breathe,பகைத்தவருடையத் தலைமையைக் கொடுக்க முடியாதவர் திண்ணமாக மூச்சு விடும் அளவிற்கும் உயிரோடு வாழ்கின்றவர் அல்லர்.,"பகைவரின் ஆணவத்தைக் குலைக்க முடியாதவர்கள், சுவாசிக்கிற காரணத்தினாலேயே, உயிரோடிருப்பதாக நிச்சயமாகச் சொல்ல முடியாது",,,
881,89,rain_water,rain_water:water,,light_fire:தீ,1,நிழல்நீரும் இன்னாத இன்னா தமர்நீரும் / இன்னாவாம் இன்னா செயின்.,Traitorous kinsmen will make you sad As water and shade do harm when bad,"Shade and water are not pleasant, (if) they cause disease; so are the qualities of (one's) relations not agreeable, (if) they cause pain","இன்பம் தரும் நிழலும் நீரும் நோய் செய்வனவாக இருந்தால் தீயனவே ஆகும், அதுபோலவே சுற்றத்தாறின் தன்மைகளும் துன்பம் தருவானால் தீயனவே ஆகும்.",இனிமையாகத் தெரியும் நிழலும் நீரும்கூடக் கேடு விளைவிக்கக் கூடியவையாக இருந்தால் அவை தீயவைகளாகவே கருதப்படும் அது போலவேதான் உற்றார் உறவினராக உள்ளவர்களின் உட்பகையும் ஆகும்,,,
896,90,light_fire,light_fire:fire,,light_fire:தீ ; cosmos_origin:உயிர்,1,எரியால் சுடப்படினும் உய்வுண்டாம் உய்யார் / பெரியார்ப் பிழைத்தொழுகு வார்.,One can escape in fire caught The great who offends escapes not,"Though burnt by a fire (from a forest), one may perhaps live; (but) never will he live who has shown disrespect to the great (devotees)","தீயால் சுடப்பட்டாலும் ஒருகால் உயிர் பிழைத்து வாழ முடியும், ஆற்றல் மிகுந்த பெரியவரிடத்தில் தவறு செய்து நடப்பவர் தப்பி பிழைக்க முடியாது.",நெருப்புச் சூழ்ந்து சுட்டாலும்கூட ஒருவர் பிழைத்துக் கொள்ள முடியும்; ஆனால் ஆற்றல் மிகுந்த பெரியோரிடம் தவறிழைப்போர் தப்பிப் பிழைப்பது முடியாது,,,
898,90,light_fire|direction_earth,"light_fire:light ; direction_earth:earth,mountain",moon:மதி*,direction_earth:மலை,2,குன்றன்னார் குன்ற மதிப்பின் குடியொடு / நின்றன்னார் மாய்வர் நிலத்து.,When hill-like sages are held small The firm on earth lose home and all,"If (the) hill-like (devotees) resolve on destruction, those who seemed to be everlasting will be destroyed root and branch from the earth",மலை போன்ற பெரியவர் கெட நினைத்தால். உலகில் அழியாமல் நிலைபெற்றாற் போல் உள்ளவரும் தம் குடியோடு அழிவர்.,"மலை போன்றவர்களின் பெருமையைக் குலைப்பதற்கு நினைப்பவர்கள், நிலைத்த பெரும் செல்வமுடையவர்களாக இருப்பினும் அடியோடு அழிந்து போய் விடுவார்கள்",,,
899,90,light_fire,light_fire:flame,,,1,ஏந்திய கொள்கையார் சீறின் இடைமுரிந்து / வேந்தனும் வேந்து கெடும்.,Before the holy sage's rage Ev'n Indra's empire meets damage,Kings even fall from high estate and perish in the flame,உயர்ந்த கொள்கையுடைய பெரியவர் சீறினால் நாட்டை ஆளும் அரசனும் இடை நடுவே முறிந்து அரசு இழந்து கெடுவான்.,"உயர்ந்த கொள்கை உறுதி கொடண்வர்கள் சீறி எழுந்தால், அடக்குமுறை ஆட்சி நிலை குலைந்து அழிந்துவிடும்",,,
905,91,vibration_sound,vibration_sound:trembl,,,1,இல்லாளை அஞ்சுவான் அஞ்சுமற் றெஞ்ஞான்றும் / நல்லார்க்கு நல்ல செயல்.,Who fears his wife fears always Good to do to the good and wise,He that fears his wife will always be afraid of doing good deeds (even) to the good,மனைவிக்கு அஞ்சி வாழ்கின்றவன் எப்போதும் நல்லவர்க்கு நன்மையான கடமையைச் செய்வதற்கு அஞ்சி நடப்பான்.,எப்போதுமே நல்லோர்க்கு நன்மை செய்வதில் தவறு ஏற்பட்டுவிடக் கூடாதே என்று அஞ்சுகிறவன் தவறு நேராமல் கண்காணிக்கும் மனைவிக்கு அஞ்சி நடப்பான்,,,
920,92,light_fire,light_fire:light,,,1,இருமனப் பெண்டிரும் கள்ளும் கவறும் / திருநீக்கப் பட்டார் தொடர்பு.,"Double-minded whores, wine and dice Are lures of those whom fortune flies","Treacherous women, liquor, and gambling are the associates of such as have forsaken by Fortune","இருவகைப்பட்ட மனம் உடைய பொது மகளிரும், கள்ளும் சூதுமாகிய இவ் மூவகையும் திருமகளால் நீக்கப்பட்டவரின் உறவாகும்.","இருமனம் கொண்ட பொதுமகளிருடனும், மதுவுடனும், சூதாட்டத்தினிடமும் தொடர்பு கொண்டு உழல்வோரைவிட்டு வாழ்வில் அமைய வேண்டிய சிறப்பு அகன்றுவிடும்",,,
921,93,light_fire|time_season,light_fire:light ; time_season:day,light_fire:ஒளி*,,2,உட்கப் படாஅர் ஒளியிழப்பர் எஞ்ஞான்றும் / கட்காதல் கொண்டொழுகு வார்.,Foes fear not who for toddy craze The addicts daily their glory lose,Those who always thirst after drink will neither inspire fear (in others) nor retain the light (of their fame),"கள்ளின் மேல் விருப்பம் கொண்டு நடப்பவர், எக்காலத்திலும் பகைவரால் அஞ்சப்படார், தமக்கு உள்ள புகழையும் இழந்து விடுவார்.",மதுப் பழக்கத்திற்கு அடிமையானவர்கள் தமது சிறப்பை இழப்பது மட்டுமல்ல; மாற்றாரும் அவர்களைக் கண்டு அஞ்ச மாட்டார்கள்,,,
929,93,rain_water|light_fire|vibration_sound,"rain_water:water ; light_fire:தீ*,lamp ; vibration_sound:wave",,,3,களித்தானைக் காரணம் காட்டுதல் கீழ்நீர்க் / குளித்தானைத் தீத்துரீஇ அற்று.,Can torch search one in water sunk? Can reason reach the raving drunk?,Reasoning with a drunkard is like going under water with a torch in search of a drowned man,"கள்ளுண்டு மயங்கினவனைக் காரணம் காட்டி தெளிவித்தல், நீரின் கீழ் மூழ்கின ஒருவனைத் தீவிளக்கு கொண்டு தேடினாற் போன்றது.","குடிபோதைக்கு அடிமையாகி விட்டவனைத் திருத்த அறிவுரை கூறுவதும், தண்ணீருக்குள் மூழ்கிவிட்டவனைத் தேடிக்கண்டுபிடிக்கத் தீப்பந்தம் கொளுத்திக் கொண்டு செல்வதும் ஒன்றுதான்",,,
932,94,time_season,time_season:day,rain_water:ஆறு*,,1,ஒன்றெய்தி நூறிழக்கும் சூதர்க்கும் உண்டாங்கொல் / நன்றெய்தி வாழ்வதோர் ஆறு.,Can gamblers in life good obtain Who lose a hundred one to gain?,"That they may good obtain, and see a prosperous day? Is there indeed a means of livelihood that can bestow happiness on gamblers who gain one and lose a hundred?","ஒரு பொருள் பெற்று நூறு மடங்கு பொருளை இழந்து விடும் சூதாடிகளுக்கும், நன்மை பெற்று வாழும் ஒரு வழி உண்டோ.",ஒரு வெற்றியைப் பெற்ற மகிழ்ச்சியில் தொடர்ந்து ஆடி நூறு தோல்விகளைத் தழுவிக்கொள்ளும் சூதாடிகளின் வாழ்க்கையில் நலம் ஏற்பட வழி ஏது?,,,
940,94,direction_earth,direction_earth:earth,cosmos_origin:உயிர்*,,1,இழத்தொறூஉம் காதலிக்கும் சூதேபோல் துன்பம் / உழத்தொறூஉம் காதற்று உயிர்.,Love for game grows with every loss As love for life with sorrows grows,"As the gambler loves (his vice) the more he loses by it, so does the soul love (the body) the more it suffers through it","பொருள் வைத்து இழக்க இழக்க மேன்மேலும் விருப்பத்தை வளர்க்கும் சூதாட்டம் போல், உடல் துன்பப்பட்டு வருந்ந வருந்த உயிர் மேன்மேலும் காதல் உடையதாகும்.","பொருளை இழக்க இழக்கச் சூதாட்டத்தின் மீது ஏற்படுகிற ஆசையும், உடலுக்குத் துன்பம் தொடர்ந்து வரவர உயிர்மீது கொள்ளுகிற ஆசையும் ஒன்றேதான்",,,
947,95,light_fire,"light_fire:தீ*,fire",,,1,தீயள வன்றித் தெரியான் பெரிதுண்ணின் / நோயள வின்றிப் படும்.,who glut beyond the hunger's fire Suffer from untold diseases here,"He will be afflicted with numberless diseases, who eats immoderately, ignorant (of the rules of health)","பசித்தீயின் அளவின் படி அல்லாமல், அதை ஆராயாமல் மிகுதியாக உண்டால் , அதனால் நோய்கள் அளவில்லாமல் ஏற்ப்பட்டு விடும்.","பசியின் அளவு அறியாமலும், ஆராயாமலும் அதிகம் உண்டால் நோய்களும் அளவின்றி வரும்",,,
949,95,time_season,"time_season:season,year",,time_season:காலம்,1,உற்றான் அளவும் பிணியளவும் காலமும் / கற்றான் கருதிச் செயல்.,"Let the skilful doctor note The sickmen, sickness, season and treat","The learned (physician) should ascertain the condition of his patient; the nature of his disease, and the season (of the year) and (then) proceed (with his treatment)","மருத்துவ நூலைக் கற்றவன், நோயுற்றவனுடைய வயது முதலியவற்றையும், நோயின் அளவையும், காலத்தையும் ஆராய்ந்து செய்ய வேண்டும்.","நோயாளியின் வயது, நோயின் தன்மை, மருத்துவம் செய்வதற்குரிய நேரம் என்பனவற்றை எல்லாம் மருத்துவம் கற்றவர் எண்ணிப் பார்த்தே செயல்பட வேண்டும்",,,
950,95,light_fire,light_fire:தீ*,,,1,உற்றவன் தீர்ப்பான் மருந்துழைச் செல்வானென்று / அப்பால் நாற் கூற்றே மருந்து.,"Patient, doctor, medicine and nurse Are four-fold codes of treating course","Medical science consists of four parts, viz, patient, physician, medicine and compounder; and each of these (again) contains four sub-divisions","நோயுற்றவன், நோய் தீர்க்கும் மருத்துவன், மருந்து, மருந்தை அங்கிருந்து கொடுப்பவன் என்று மருத்துவ முறை அந்த நான்குவகைப் பாகுபாடு உடையது.","நோயாளி, மருத்துவர், மருந்து, அருகிருந்து துணைபுரிபவர் என மருத்துவமுறை நான்கு வகையாக அமைந்துள்ளது",,,
957,96,moon|sky_stars,moon:moon ; sky_stars:sky,,moon:நிலா ; light_fire:ஒளி ; cosmos_origin:தோன்று,2,குடிப்பிறந்தார் கண்விளங்கும் குற்றம் விசும்பின் / மத஧க்கண் மறுப்போல் உயர்ந்து.,The faults of nobly-born are seen Like on the sky the spots of moon,As spots on her bright orb that walks sublime the evening sky,"உயர் குடியில் பிறந்தவரிடத்தில் உண்டாகும் குற்றம், ஆகாயத்தில் திங்களிடம் காணப்படும் களங்கம்போல் பலரறியத் தோன்றும்.","பிறந்த குடிக்குப் பெருமை சேர்ப்பவரிடமுள்ள சிறிய குறைகள், ஒளிவு மறைவு ஏதுமின்றி, வானத்து நிலவில் உள்ள குறைபோல வெளிப்படையாகத் தெரியக் கூடியதாகும்",,,
964,97,direction_earth,direction_earth:earth,,,1,தலையின் இழிந்த மயிரனையர் மாந்தர் / நிலையின் இழிந்தக் கடை.,Like hair fallen from head are those Who fall down from their high status,They who have fallen from their (high) position are like the hair which has fallen from the head,"மக்கள் தம் உயர்வுக்கு உரிய நிலையிலிருந்து தாழ்ந்த போது, தலைமையிலிருந்து விழுந்து தாழ்வுற்ற மயிரினைப் போன்றவர் ஆவர்.","மக்களின் நெஞ்சத்தில் உயர்ந்த இடம் பெற்றிருந்த ஒருவர் மானமிழந்து தாழ்ந்திடும்போது, தலையிலிருந்து உதிர்ந்த மயிருக்குச் சமமாகக் கருதப்படுவார்",,,
966,97,sky_stars,sky_stars:heaven,,moon:மதி ; sky_stars:விண் ; cosmos_origin:உயிர்,1,புகழ்இன்றால் புத்தேள்நாட்டு உய்யாதால் என்மற்று / இகழ்வார்பின் சென்று நிலை.,"Why fawn on men that scorn you here It yields no fame, heaven's bliss neither","Why follow men who scorn, and at their bidding wait?","மதியாமல் இகழ்கின்றவரின் பின் சென்று பணிந்து நிற்க்கும் நிலை, ஒருவனுக்கு புகழும் தராது, தேவருலகிலும் செலுத்தாது, வேறு பயன் என்ன.","இகழ்வதையும் பொறுத்துக்கொண்டு, மானத்தை விட்டுவிட்டு ஒருவர் பின்னே பணிந்து செல்வதால் என்ன புகழ் கிடைக்கும்? இல்லாத சொர்க்கமா கிடைக்கும்?",,,
969,97,light_fire|time_season,light_fire:light ; time_season:day,cosmos_origin:உயிர்*,,2,மயிர்நீப்பின் வாழாக் கவரிமா அன்னார் / உயிர்நீப்பர் மானம் வரின்.,"Honour lost, the noble expire Like a yak that loses its hair",Those who give up (their) life when (their) honour is at stake are like the yark which kills itself at the loss of (even one of) its hairs,தன் உடம்பிலிருந்து மயிர் நீங்கினால் உயிர்வாழாத கவரிமானைப் போன்றவர் மானம் அழிய நேர்ந்தால் உயிரை விட்டுவிடுவர்.,உடலில் உள்ள உரோமம் நீக்கப்பட்டால் உயிர் வாழாது கவரிமான் என்பார்கள் அதுபோல் மானம் அழிய நேர்ந்தால் உயர்ந்த மனிதர்கள் உயிரையே விட்டு விடுவார்கள்,,,
970,97,light_fire,light_fire:light,light_fire:ஒளி* ; direction_earth:உலகு*,direction_earth:உலகம் ; cosmos_origin:உயிர்,1,இளிவரின் வாழாத மானம் உடையார் / ஒளிதொழுது ஏத்தும் உலகு.,Their light the world adores and hails Who will not live when honour fails,The world will (always) praise and adore the fame of the honourable who would rather die than suffer indignity,தமக்கு யாதேனும் இழிவு நேர்ந்தால் உயிர் வாழாத மானம் உடையவரின் புகழை உலகத்தார் தொழுது ஏந்தி நிற்பார்கள்.,மானம் அழியத்தக்க இழிவு வந்ததே என்று உயிரை மாய்த்துக் கொள்ளக் கூடியவர்களின் புகழை உலகம் எக்காலமும் போற்றி நிற்கும்,,,
971,98,light_fire|time_season,light_fire:light ; time_season:night,light_fire:ஒளி*,cosmos_origin:உயிர்,2,ஒளிஒருவற்கு உள்ள வெறுக்கை இளிஒருவற்கு / அஃதிறந்து வாழ்தும் எனல்.,A heart of courage lives in light Devoid of that one's life is night,One's light is the abundance of one's courage; one's darkness is the desire to live destitute of such (a state of mind.),"ஒருவனுக்கு ஒளி ஊக்கமிகுதியே ஆகும், ஒருவனுக்கு இழிவு அந்த ஊக்கம் இல்லாமலேயே உயிர்வாழலாம் என்று எண்ணுதலாம்.",ஒருவரின் வாழ்க்கைக்கு ஒளிதருவது ஊக்கமேயாகும் ஊக்கமின்றி உயிர்வாழ்வது இழிவு தருவதாகும்,,,
989,99,rain_water,rain_water:sea,,rain_water:கடல் ; time_season:காலம்,1,ஊழி பெயரினும் தாம்பெயரார் சான்றாண்மைக்கு / ஆழி எனப்படு வார்.,Aeons may change but not the seer Who is a sea of virtue pure,"Those who are said to be the shore of the sea of perfection will never change, though ages may change","சால்பு என்னும் தன்மைக்குக் கடல் என்று புகழப்படுகின்றவர், ஊழிக்காலத்தின் வேறுபாடுகளே நேர்ந்தாலும் தாம் வேறுபடாமல் இருப்பர்.","தமக்குரிய கடமைகளைக் கண்ணியத்துடன் ஆற்றுகின்ற சான்றோர் எல்லாக் கடல்களும் தடம் புரண்டு மாறுகின்ற ஊழிக்காலம் ஏற்பட்டாலும்கூடத், தம்நிலை மாறாத கடலாகத் திகழ்வார்கள்",,,
990,99,direction_earth,direction_earth:earth,,direction_earth:உலகம்,1,சான்றவர் சான்றாண்மை குன்றின் இருநிலந்தான் / தாங்காது மன்னோ பொறை.,The world will not more bear its weight If from high virtue fall the great,"If there is a defect in the character of the perfect, (even) the great world cannot bear (its) burden",சான்றோரின் சால்பு நிறைந்த பண்பு குறைபடுமானால் இந்தப் பெரிய நிலவுலகமும் தன் பாரத்தைத் தாங்க முடியாமற் போய் விடும்.,சான்றோரின் நற்பண்பே குறையத்தொடங்கினால் அதனை இந்த உலகம் பொறுமையுடன் தாங்கிக் கொள்ளாது,,,
996,100,direction_earth,direction_earth:earth,"direction_earth:மண்*,உலகம்*",,1,பண்புடையார்ப் பட்டுண்டு உலகம் அதுஇன்றேல் / மண்புக்கு மாய்வது மன்.,The world rests with the mannered best Or it crumbles and falls to dust,"The (way of the) world subsists by contact with the good; if not, it would bury itself in the earth and perish","பண்பு உடையவரிடத்தில் பொருந்தியிருப்பதால் உலகம் உள்ளதாய் இயங்குகின்றது, அஃது இல்லையானால் மண்ணில் புகுந்து அழிந்து போகும்.","உலக நடைமுறைகள், பண்பாளர்களைச் சார்ந்து இயங்க வேண்டும் இல்லையேல் அந்த நடைமுறைகள் நாசமாகிவிடும்",,,
999,100,light_fire|time_season|direction_earth,"light_fire:light ; time_season:night,day ; direction_earth:earth",,light_fire:ஒளி ; time_season:பகல் ; direction_earth:உலகம்,3,நகல்வல்லர் அல்லார்க்கு மாயிரு ஞாலம் / பகலும்பாற் பட்டன்று இருள்.,To those bereft of smiling light Even in day the earth is night,"To those who cannot rejoice, the wide world is buried darkness even in (broad) day light","பிறரோடு கலந்து பழகி மகிழ முடியாதவர்க்கு, மிகப் பெரிய இந்த உலகம் ஒளியுள்ள பகற் காலத்திலும் இருளில் கிடப்பதாம்.",நண்பர்களுடன் பழகி மகிழத் தெரியாதவர்களுக்கு உலகம் என்பது பகலில் கூட இருட்டாகத்தான் இருக்கும்,,,
1003,101,direction_earth,direction_earth:earth,vibration_sound:இசை*,,1,ஈட்டம் இவறி இசைவேண்டா ஆடவர் / தோற்றம் நிலக்குப் பொறை.,A burden he is to earth indeed Who hoards without a worthy deed,A burden to the earth are men bent on the acquisition of riches and not (true) fame,சேர்த்து வைப்பதையே விரும்பிப் பற்றுள்ளம் கொண்டு புகழை விரும்பாத மக்கள் பிறந்து வாழ்தல் நிலத்திற்கு பாரமே ஆகும்.,புகழை விரும்பாமல் பொருள் சேர்ப்பது ஒன்றிலேயே குறியாக இருப்பவர்கள் பிறந்து வாழ்வதே இந்தப் பூமிக்குப் பெரும் சுமையாகும்,,,
1010,101,sky_stars|rain_water|time_season,"sky_stars:heaven ; rain_water:rain,clouds? ; time_season:day",,"rain_water:மழை,மேகம் ; time_season:காலம்",3,சீருடைச் செல்வர் சிறுதுனி மாரி / வறங்கூர்ந் தனையது உடைத்து.,The brief want of the rich benign Is like rainclouds growing thin,The short-lived poverty of those who are noble and rich is like the clouds becoming poor (for a while),புகழ் பொருந்திய செல்வர் உற்ற சிறிய வறுமை உலகத்தைக் காக்க வல்ல மேகம் வறுமை மிகுந்தாற் போன்ற தன்மை உடையது.,"சிறந்த உள்ளம் கொண்ட செல்வர்களுக்கேற்படும் சிறிதளவு வறுமையின் நிழல்கூட, மழை பொய்த்து விட்டதற்கு ஒப்பானதாகும்",,,
1016,102,direction_earth,direction_earth:earth,,,1,நாண்வேலி கொள்ளாது மன்னோ வியன்ஞாலம் / பேணலர் மேலா யவர்.,The great refuse the wonder-world Without modesty's hedge and shield,The great make modesty their barrier (of defence) and not the wide world,"நாணமாகிய வேலியை தமக்கு காவலாகச் செய்து கொள்ளாமல், மேலோர் பரந்த உலகில் வாழும் வாழ்க்கை விரும்பி மேற்கொள்ள மாட்டார்.","பரந்த இந்த உலகில் பாதுகாப்பையும்விட, நாணம் எனும் வேலியைத்தான் உயர்ந்த மனிதர்கள், தங்களின் பாதுகாப்பாகக் கொள்வார்கள்",,,
1028,103,time_season,"time_season:பருவம்*,season",,time_season:காலம்,1,குடிசெய்வார்க் கில்லை பருவம் மடிசெய்து / மானங் கருதக் கெடும்.,No season have they who raise their race Sloth and pride will honour efface,As a family suffers by (one's) indolence and false dignity there is to be so season (good or bad) to those who strive to raise their family,"குடி உயர்வதற்கான செயல் செய்கின்றவர்க்கு உரிய காலம் என்று ஒன்று இல்லை, சோம்பல் கொண்டு தம் மானத்தைக் கருதுவாரானால் குடிப்பெருமைக் கெடும்.","தன்மீது நடத்தப்படும் இழிவான தாக்குதலைக் கண்டு கலங்கினாலோ, பணியாற்றக் காலம் வரட்டும் என்று சோர்வுடன் தயக்கம் காட்டினாலோ குடிமக்களின் நலன் சீர்குலைத்துவிடும்",,,
1037,104,direction_earth,direction_earth:earth,,direction_earth:மண்,1,தொடிப்புழுதி கஃசா உணக்கின் பிடித்தெருவும் / வேண்டாது சாலப் படும்.,Moulds dried to quarter-dust ensure Rich crops without handful manure,"If the land is dried so as to reduce one ounce of earth to a quarter, it will grow plentifully even without a handful of manure","ஒரு பலம் புழுதி கால்பலம் ஆகும்படி உழுது காயவிட்டால், ஒரு பிடி எருவும் இடவேண்டாமல் அந் நிலத்தில் பயிர் செலுத்தி செழித்து விளையும்.","ஒருபலம் புழுதி, காற்பலம் ஆகிற அளவுக்குப் பலமுறை உழுதாலே ஒரு பிடி எருவும் தேவையின்றிப் பயிர் செழித்து வளரும்",,,
1039,104,direction_earth,direction_earth:நிலம்*,,time_season:நாள்,1,செல்லான் கிழவன் இருப்பின் நிலம்புலந்து / இல்லாளின் ஊடி விடும்.,If landsmen sit sans moving about The field like wife will sulk and pout,"If the owner does not (personally) attend to his cultivation, his land will behave like an angry wife and yield him no pleasure",நிலத்திற்கு உரியவன் நிலத்தைச் சென்று பார்க்காமல் வாளா இருந்தால் அந் நிலம் அவனுடைய மனைவியைப் போல் வெறுத்து அவனோடு பிணங்கிவிடும்.,"உழவன், தனது நிலத்தை நாள்தோறும் சென்று கவனிக்காமல் இருந்தால், அவனால் வெறுப்புற்று விலகியிருக்கும் மனைவிபோல அது விளைச்சலின்றிப் போய்விடும்",,,
1040,104,direction_earth,direction_earth:earth,,,1,இலமென்று அசைஇ இருப்பாரைக் காணின் / நிலமென்னும் நல்லாள் நகும்.,Fair good earth will laugh to see Idlers pleading poverty,"The maiden, Earth, will laugh at the sight of those who plead poverty and lead an idle life","எம்மிடம் ஒரு பொருளும் இல்லை என்று எண்ணி வறுமையால் சோம்பியிருப்பவரைக் கண்டால், நிலமகள் தன்னுள் சிரிப்பாள்.",வாழ வழியில்லை என்று கூறிக்கொண்டு சோம்பலாய் இருப்பவரைப் பார்த்துப் பூமித்தாய் கேலி புரிவாள்,,,
1042,105,sky_stars|direction_earth,sky_stars:heaven ; direction_earth:earth,,,2,இன்மை எனவொரு பாவி மறுமையும் / இம்மையும் இன்றி வரும்.,The sinner Want is enemy dire Of joys of earth and heaven there,"When cruel poverty comes on, it deprives one of both the present and future (bliss)","வறுமை என்று சொல்லப்படும் பாவி ஒருவனை நெருங்கினால், அவனுக்கு மறுமையின்பமும், இன்மையின்பமும் இல்லாமற் போகும் நிலைமை வரும்.","பாவி என இகழப்படுகின்ற வறுமைக் கொடுமை ஒருவருக்கு ஏற்பட்டுவிட்டால் அவருக்கு நிகழ்காலத்திலும், வருங்காலத்திலும் நிம்மதி என்பது கிடையாது",,,
1046,105,vibration_sound,vibration_sound:sound,,moon:மதி,1,நற்பொருள் நன்குணர்ந்து சொல்லினும் நல்கூர்ந்தார் / சொற்பொருள் சோர்வு படும்.,The poor men's words are thrown away Though from heart good things they say,"The words of the poor are profitless, though they may be sound in thought and clear in expression",நல்ல நூற் பொருளை நன்றாக உணர்ந்து எடுத்துச் சொன்னப் போதிலும் வறியவர் சொன்ன சொற்பொருள் கேட்பார் இல்லாமல் பயன்படாமல் போகும்.,"அரிய பல் நூல்களின் கருத்துகளையும் ஆய்ந்துணர்ந்து சொன்னாலும், அதனைச் சொல்பவர் வறியவராக இருப்பின் அக்கருத்து எடுபடாமற் போகும்",,,
1048,105,time_season,time_season:day,,time_season:நாள்,1,இன்றும் வருவது கொல்லோ நெருநலும் / கொன்றது போலும் நிரப்பு.,The killing Want of yesterday Will it pester me even to-day?,"Is the poverty that almost killed me yesterday, to meet me today too ?","நேற்றும் கொலை செய்தது போல் துன்புறுத்திய வறுமை இன்றும் என்னிடம் வருமோ, (என்று வறியவன் நாள்தோறும் கலங்கி வருந்துவான்).","கொலை செய்வதுபோல நேற்றுக் கொடுமைப்படுத்திய வறுமை, தொடர்ந்து இன்றைக்கும் வராமல் இருக்க வேண்டுமே என்று வறியவன் ஏங்குவான்",,,
1049,105,light_fire,"light_fire:flame,fire",,,1,நெருப்பினுள் துஞ்சலும் ஆகும் நிரப்பினுள் / யாதொன்றும் கண்பாடு அரிது.,One may sleep in the midst of fire In want a wink of sleep is rare,One may sleep in the midst of fire; but by no means in the midst of poverty,"ஒருவன் நெருப்பினுள் இருந்து தூங்குதலும் முடியும், ஆனால் வறுமை நிலையில் எவ்வகையாலும் கண்மூடித் தூங்குதல் அரிது.",நெருப்புக்குள் படுத்துக் தூங்குவதைகூட ஒரு மனிதனால் முடியும்; ஆனால் வறுமை படுத்தும் பாட்டில் தூங்குவது என்பது இயலாத ஒன்றாகும்,,,
1050,105,rain_water,rain_water:water,,sky_stars:உடு ; cosmos_origin:உயிர்,1,துப்புர வில்லார் துவரத் துறவாமை / உப்பிற்கும் காடிக்கும் கூற்று.,Renounce their lives the poor must Or salt and gruel go to waste,"The destitute poor, who do not renounce their bodies, only consume their neighbour's salt and water","நுகரும் பொருள் இல்லாத வறியவர் முற்றுந் துறக்க கூடியவராக இருந்தும் துறக்காத காரணம், உப்புக்கும் கஞ்சிக்கும் எமனாக இருப்பதே ஆகும்.","ஒழுங்குமறையற்றதால் வறுமையுற்றோர், முழுமையாகத் தம்மைத் துறக்காமல் உயிர்வாழ்வது, உப்புக்கும் கஞ்சிக்கும்தான் கேடு",,,
1055,106,direction_earth,direction_earth:earth,,light_fire:ஒளி,1,கரப்பிலார் வையகத்து உண்மையால் கண்ணின்று / இரப்பவர் மேற்கொள் வது.,The needy demand for help because The world has men who don't refuse,"As there are in the world those that give without refusing, there are (also) those that prefer to beg by simply standing before them","ஒருவர் முன் நின்று இரப்பவர் அந்த இரத்தலை மேற்கொள்வது, உள்ளதை இல்லை என்று ஒளித்துக்கூறாத நன்மைகள் உலகத்தில் இருப்பதால் தான்.","உள்ளதை இல்லையென்று மறைக்காமல் வழங்கிடும் பண்புடையோர் உலகில் இருப்பதால்தான் இல்லாதவர்கள், அவர்களிடம் சென்று இரத்தலை மேற்கொண்டுள்ளனர்",,,
1058,106,direction_earth,direction_earth:earth,,,1,இரப்பாரை இல்லாயின் ஈர்ங்கண்மா ஞாலம் / மரப்பாவை சென்றுவந் தற்று.,This grand cool world shall move to and fro Sans Askers like a puppet show,"If there were no beggars, (the actions done in) the cool wide world would only resemble the movement of a puppet","இரப்பவர் இல்லையானால், இப் பெரிய உலகின் இயக்கம் மரத்தால் செய்த பாவை கயிற்றினால் ஆட்டப்பட்டுச் சென்று வந்தாற் போன்றதாகும்.","வறுமையின் காரணமாக யாசிப்பவர்கள், தம்மை நெருங்கக் கூடாது என்கிற மனிதர்களுக்கும், மரத்தால் செய்யப்பட்டு இயக்கப்படும் பதுமைகளுக்கும் வேறுபாடே இல்லை",,,
1064,107,direction_earth,direction_earth:earth,,direction_earth:உலகு,1,இடமெல்லாம் கொள்ளாத் தகைத்தே இடமில்லாக் / காலும் இரவொல்லாச் சால்பு.,All space is small before the great Who beg not e'en in want acute,Even the whole world cannot sufficiently praise the dignity that would not beg even in the midst of destitution,"வாழ வழி இல்லாத போதும் இரந்து கேட்க உடன்படாத சால்பு, உலகத்தில் இடமெல்லாம் கொள்ளாத அவ்வளவு பொருமையுடையதாகும்.","வாழ்வதற்கு ஒரு வழியும் கிடைக்காத நிலையிலும் பிறரிடம் கையேந்திட நினைக்காத பண்புக்கு, இந்த வையகமே ஈடாகாது",,,
1065,107,rain_water,rain_water:water,,rain_water:நீர்,1,தெண்ணீர் அடுபுற்கை ஆயினும் தாள்தந்தது / உண்ணலின் ஊங்கினிய தில்.,"Though gruel thin, nothing is sweet Like the food earned by labour's sweat",Even thin gruel is ambrosia to him who has obtained it by labour,"தெளிந்த நீர் போல் சமைத்த கூழே ஆனாலும், முயற்சியால் கிடைத்ததை உண்பதைவிட இனிமையானது வேறொன்றும் இல்லை.","கூழ்தான் குடிக்கவேண்டிய நிலை என்றாலும், அதையும் தானே உழைத்துச் சம்பாதித்துக் குடித்தால் அதைவிட இனிமையானது வேறொன்றும் இல்லை",,,
1066,107,rain_water,rain_water:water,,rain_water:நீர்,1,ஆவிற்கு நீரென்று இரப்பினும் நாவிற்கு / இரவின் இளிவந்த தில்.,It may be water for the cow Begging tongue is mean anyhow,There is nothing more disgraceful to one's tongue than to use it in begging water even for a cow,"பசுவிற்கு நீர் வேண்டும் என்று அறம் நோக்கி இரந்து கேட்டாலும், இர த்தலை விட நாவிற்கு இழிவானது மற்றொன்று இல்லை.","தாகம் கொண்டு தவிக்கும் பசுவுக்காகத் தண்ணீர் வேண்டுமென இரந்து கேட்டாலும்கூட, அப்படிக் கேட்கும் நாவுக்கு, அதைவிட இழிவானது வேறொன்றுமில்லை",,,
1069,107,time_season,time_season:இரவு*,,,1,இரவுள்ள உள்ளம் உருகும் கரவுள்ள / உள்ளதூஉம் இன்றிக் கெடும்.,The heart at thought of beggars melts; It dies at repulsing insults,To think of (the evil of) begging is enough to melt one's heart; but to think of refusal is enough to break it,"இரத்தலின் கொடுமையை நினைத்தால் உள்ளம் கரைந்து உருகும், உள்ளதை ஒழிக்கும் கொடுமையை நினைத்தால் உருகுமளவும் இல்லாமல் அழியும்.","இரந்து வாழ்வோர் நிலையை நினைக்கும் போது உள்ளம் உருகுகிறது, இருப்பதைக் கொடுக்க மனமின்றி மறைத்து வாழ்பவரை நினைத்தால் உருகிடவும் வழியின்றி உள்ளமே ஒழிந்து விடுகிறது",,,
1076,108,vibration_sound,vibration_sound:sound,,,1,அறைபறை அன்னர் கயவர்தாம் கேட்ட / மறைபிறர்க்கு உய்த்துரைக்க லான்.,The base are like the beaten drum Since other's secrets they proclaim,"The base are like a drum that is beaten, for they unburden to others the secrets they have heard","கயவர், தாம் கேட்டறிந்த மறைப்பொருளைப் பிறர்க்கு வலிய கொண்டுபோய்ச் சொல்லுவதலால், அறையப்படும் பறை போன்றவர்.","மறைக்கப்பட வேண்டிய இரகசியம் ஒன்றைக் கேட்ட மாத்திரத்தில், ஓடிச் சென்று பிறருக்குச் சொல்லுகிற கயவர்களைத், தமுக்கு என்னும் கருவிக்கு ஒப்பிடலாம்",,,
1085,109,light_fire,light_fire:light,,cosmos_origin:உயிர்,1,கூற்றமோ கண்ணோ பிணையோ மடவரல் / நோக்கமிம் மூன்றும் உடைத்து.,"Is it death, eye or doe? All three In winsome woman's look I see","Is it Yama, (a pair of) eyes or a hind ?- Are not all these three in the looks of this maid ?","எமனோ. கண்ணோ, பெண்மானோ, இந்த இளம் பெண்ணின் பார்வை இந்த மூன்றன் தன்மையும் உடையதாக இருக்கிறது.",உயிர்பறிக்கும் கூற்றமோ? உறவாடும் விழியோ? மருட்சிகொள்ளும் பெண்மானோ? இளம் பெண்ணின் பார்வை இந்த மூன்று கேள்விகளையும் எழுப்புகிறதே,,,
1086,109,vibration_sound,vibration_sound:trembl,,,1,கொடும்புருவம் கோடா மறைப்பின் நடுங்கஞர் / செய்யல மன்இவள் கண்.,"If cruel brows unbent, would screen Her eyes won't cause me trembling pain","Her eyes will cause (me) no trembling sorrow, if they are properly hidden by her cruel arched eyebrows","வளைந்த புருவங்கள் கோணாமல் நேராக இருந்து மறைக்குமானால், இவளுடைய கண்கள் யான் நடுங்கும் படியான துன்பத்தைச் செய்யமாட்டா.","புருவங்கள் வளைந்து கோணாமல் நேராக இருந்து மறைக்குமானால், இவள் கண்கள், நான் நடுங்கும்படியான துன்பத்தைச் செய்யமாட்டா",,,
1093,110,rain_water|cosmos_origin,rain_water:water ; cosmos_origin:இறை*,rain_water:நீர்*,,2,நோக்கினாள் நோக்கி இறைஞ்சினாள் அஃதவள் / யாப்பினுள் அட்டிய நீர்.,She looked; looking bowed her head And love-plant was with water fed,She has looked (at men) and stooped (her head); and that (sign) waters as it were (the corn of) our love,"என்னை நோக்கினாள், யான் கண்டதும் நோக்கித் தலைகுனிந்தால், அது அவள் வளர்க்கும் அன்பினுள் வார்க்கின்ற நீராகும்.",கடைக்கண்ணால் அவள் என்னைப் பார்த்த பார்வையில் நாணம் மிகுந்திருந்தது; அந்தச் செயல் அவள் என்மீது கொண்ட அன்புப் பயிருக்கு நீராக இருந்தது,,,
1094,110,direction_earth,direction_earth:earth,,,1,யான்நோக்கும் காலை நிலன்நோக்கும் நோக்காக்கால் / தான்நோக்கி மெல்ல நகும்.,I look; she droops to earth awhile I turn; she looks with gentle smile,"When I look, she looks down; when I do not, she looks and smiles gently","யான் நோக்கும் போது அவள் நிலத்தை நோக்குவாள், யான் நோக்காத போது அவள் என்னை நோக்கி மெல்லத் தனக்குள் மகிழ்வாள்.","நான் பார்க்கும்போது குனிந்து நிலத்தைப் பார்ப்பதும், நான் பார்க்காத போது என்னைப் பார்த்துத் தனக்குள் மகிழ்ந்து புன்னகை புரிவதும் என் மீது கொண்டுள்ள காதலை அறிவிக்கும் குறிப்பல்லவா?",,,
1101,111,vibration_sound,vibration_sound:sound,,"light_fire:ஒளி,தீ",1,கண்டுகேட்டு உண்டுயிர்த்து உற்றறியும் ஐம்புலனும் / ஒண்தொடி கண்ணே உள.,In this bangled beauty dwell The joys of sight sound touch taste smell,"The (simultaneous) enjoyment of the five senses of sight, hearing, taste, smell and touch can only be found with bright braceleted (women)",கண்டும் கேட்டும் உண்டும் முகர்ந்தும் உற்றும் அறிகின்ற ஐந்து புலன்களாகிய இன்பங்களும் ஒளி பொருந்திய வளையல் அணிந்த இவளிடத்தில் உள்ளன.,"வளையல் அணிந்த இந்த வடிவழகியிடம்; கண்டு மகிழவும், கேட்டு மகிழவும், தொட்டு மகிழவும், முகர்ந்துண்டு மகிழவுமான ஐம்புல இன்பங்களும் நிறைந்துள்ளன",,,
1103,111,sky_stars,sky_stars:heaven,direction_earth:உலகு*,direction_earth:உலகம்,1,தாம்வீழ்வார் மென்றோள் துயிலின் இனிதுகொல் / தாமரைக் கண்ணான் உலகு.,Is lotus-eyed lord's heaven so sweet As sleep in lover's arms so soft?,Can the lotus-eyed Vishnu's heaven be indeed as sweet to those who delight to sleep in the delicate arms of their beloved ?,"தாமரைக் கண்ணனுடைய உலகம், தாம் விரும்பும் காதலியரின் மெல்லிய தோள்களில் துயிலும் துயில் போல் இனிமை உடையதோ.","தாமரைக் கண்ணான் உலகம் என்றெல்லாம் சொல்கிறார்களே, அது என்ன! அன்பு நிறைந்த காதலியின் தோளில் சாய்ந்து துயில்வது போல அவ்வளவு இனிமை வாய்ந்ததா?",,,
1104,111,light_fire,"light_fire:தீ*,fire",,,1,நீங்கின் தெறூஉம் குறுகுங்கால் தண்ணென்னும் / தீயாண்டுப் பெற்றாள் இவள்?,Away it burns and cools anear Wherefrom did she get this fire?,From whence has she got this fire that burns when I withdraw and cools when I approach ?,"நீங்கினால் சுடுகின்றது, அணுகினால் குளிர்ச்சியாக இருக்கின்றது, இத்தகைய புதுமையானத் தீயை இவள் எவ்விடத்திலிருந்து பெற்றாள்.",நீங்கினால் சுடக்கூடியதும் நெருங்கினால் குளிரக் கூடியதுமான புதுமையான நெருப்பை இந்த மங்கை எங்கிருந்து பெற்றாள்,,,
1106,111,light_fire,light_fire:தீ*,cosmos_origin:உயிர்*,,1,உறுதோறு உயிர்தளிர்ப்பத் தீண்டலால் பேதைக்கு / அமிழ்தின் இயன்றன தோள்.,My simple maid has nectar arms Each embrace brings life-thrilling charms,"The shoulders of this fair one are made of ambrosia, for they revive me with pleasure every time I embrace them",பொருந்து போதெல்லாம் உயிர் தளிர்க்கும் படியாகத் தீண்டுதலால் இவளுக்கு தோள்கள் அமிழ்தத்தால் செய்யப்பட்டிருக்க வேண்டும்.,இந்த இளமங்கையைத் தழுவும் போதெல்லாம் நான் புத்துயிர் பெறுவதற்கு இவளின் அழகிய தோள்கள் அமிழ்தத்தினால் ஆனவை என்பதுதான் காரணம் போலும்,,,
1116,112,moon|sky_stars,moon:moon ; sky_stars:stars?,moon:மதி*,"moon:நிலா ; sky_stars:விண்,விண்மீன்",2,மதியும் மடந்தை முகனும் அறியா / பதியின் கலங்கிய மீன்.,Stars are confused to know which is The moon and which is woman's face,The stars have become confused in their places not being able to distinguish between the moon and the maid's countenance,விண்மீன்கள் திங்களையும் இவளுடைய முகத்தையும் வேறுபாடு கண்டு அறியமுடியாமல் தம் நிலையில் நிற்காமல் கலங்கித் திரிகின்றன.,"மங்கையின் முகத்துக்கும், நிலவுக்கும் வேறுபாடு தெரியாமல் விண்மீன்கள் மயங்கிக் தவிக்கின்றன",,,
1117,112,moon,moon:moon,,moon:நிலா ; light_fire:ஒளி,1,அறுவாய் நிறைந்த அவிர்மதிக்குப் க்குப் போல / மறுவுண்டோ மாதர் முகத்து.,Are there spots on the lady's face Just as in moon that changes phase?,Could there be spots in the face of this maid like those in the bright full moon ?,குறைந்த இடமெல்லாம் படிப்படியாக நிறைந்து விளங்குகின்ற திங்களிடம் உள்ளது போல் இந்த மாதர் முகத்தில் களங்கம் உண்டோ.இல்லையே.,"தேய்ந்தும், வளர்ந்தும் ஒளிபொழியும் நிலவில் உள்ள சிறுகளங்கம்கூட, இந்த மங்கை நல்லாள் முகத்தில் கிடையாதே!",,,
1118,112,moon,moon:moon,light_fire:ஒளி*,,1,மாதர் முகம்போல் ஒளிவிட வல்லையேல் / காதலை வாழி மத஧.,Like my lady's face if you shine All my love to you; hail O moon!,"If you can indeed shine like the face of women, flourish, O moon, for then would you be worth loving ?","திங்களே! இம் மாதரின் முகத்தைப் போல உண்ணால் ஒளி வீச முடியுமானால், நீயும் இவள் போல் என் காதலுக்கு உரிமை பெறுவாய்.","முழுமதியே! என் காதலுக்குரியவளாக நீயும் ஆக வேண்டுமெனில், என் காதலியின் முகம் போல ஒளிதவழ நீடு வாழ்வாயாக",,,
1119,112,moon,moon:moon,moon:மதி*,cosmos_origin:தோன்று,1,மலரன்ன கண்ணாள் முகமொத்தி யாயின் / பலர்காணத் தோன்றல் மதி.,"Like the face of my flower-eyed one If you look, then shine alone O moon!","O moon, if you wish to resemble the face of her whose eyes are like (these) flowers, do not appear so as to be seen by all","திங்களே! மலர்போன்ற கண்களை உடைய இவளுடைய முகத்தை ஒத்திருக்க விரும்பினால், நீ பலரும் காணும்படியாகத் தோன்றாதே.",நிலவே! முலரனைய கண்களையுடைய என் காதல் மங்கையின் முகத்திற்கு ஒப்பாக நீயிருப்பதாய் பெருமைப்பட்டுக் கொள்ள வேண்டுமேயானால் (அந்தப் போட்டியில் நீ தோல்வியுறாமல் இருந்திட) பலரும் காணும்படியாக நீ தோன்றாது இருப்பதே மேல்,,,
1121,113,rain_water,rain_water:water,rain_water:நீர்*,,1,பாலொடு தேன்கலந் தற்றே பணிமொழி / வாலெயிறு ஊறிய நீர்.,Like milk and honey the dew is sweet From her white teeth whose word is soft,The water which oozes from the white teeth of this soft speeched damsel is like a mixture of milk and honey,மென்மையான மொழிகளைப் பேசு கின்ற இவளுடைய தூய பற்களில் ஊறிய நீர் பாலுடன் தேனைக் கலந்தாற் போன்றதாகும்.,"இனியமொழி பேசுகினற இவளுடைய வெண்முத்துப் பற்களிடையே சுரந்து வரும் உமிழ்நீர், பாலும் தேனும் கலந்தாற்போல் சுவை தருவதாகும்",,,
1128,113,light_fire,light_fire:heat,,light_fire:வெப்ப,1,நெஞ்சத்தார் காத லவராக வெய்துண்டல் / அஞ்சுதும் வேபாக் கறிந்து.,My lover abides in my heart I fear hot food lest he feels hot,"As my lover is in my heart, I am afraid of eating (anything) hot, for I know it would pain him","எம் காதலர் நெஞ்சினுள் இருக்கின்றார், ஆகையால் சூடான பொருளை உண்டால் அவர் வெப்பமுறுதலை எண்ணிச் சூடான பொருளை உண்ண அஞ்சு கின்றோம்.",சூடான பண்டத்தைச் சாப்பிட்டால் நெஞ்சுக்குள் இருக்கின்ற காதலருக்குச் சுட்டுவிடும் என்று அஞ்சுகின்ற அளவுக்கு நெஞ்சோடு நெஞ்சாகக் கலந்திருப்பவர்களே காதலர்களாவார்கள்,,,
1133,114,time_season,time_season:day,,,1,நாணொடு நல்லாண்மை பண்டுடையேன் இன்றுடையேன் / காமுற்றார் ஏறும் மடல்.,Once I was modest and manly My love has now Madal only,"Modesty and manliness were once my own; now, my own is the palmyra horse that is ridden by the lustful","நாணமும் நல்ல ஆண்மையும் முன்பு பெற்றிருந்தேன், (காதலியை பிரிந்து வருந்துகின்ற) இப்போது காமம் மிக்கவர் ஏறும் மடலையே உடையேன்.","நல்ல ஆண்மையும், நாண உணர்வையும் முன்பு கொண்டிருந்த நான், இன்று அவற்றை மறந்து, காதலுக்காக மடலூர்வதை மேற்கொண்டுள்ளேன்",,,
1134,114,rain_water,rain_water:flood,,,1,காமக் கடும்புனல் உய்க்கும் நாணொடு / நல்லாண்மை என்னும் புணை.,"Rushing flood of love sweeps away The raft of shame and firmness, aye!","The raft of modesty and manliness, is, alas, carried-off by the strong current of lust",நாணமும் நல்ல ஆண்மையுமாகிய தோணிகளைக் காமம் என்னும் கடுமையான வெள்ளம் அடித்துக் கொண்டு போய் விடுகின்றன.,"காதல் பெருவெள்ளமானது நாணம், நல்ல ஆண்மை எனப்படும் தோணிகளை அடித்துக்கொண்டு போய்விடும் வலிமை வாய்ந்தது",,,
1135,114,time_season,time_season:night,,direction_earth:மலை,1,தொடலைக் குறுந்தொடி தந்தாள் மடலொடு / மாலை உழக்கும் துயர்.,Palm-ride and pangs of eventide Are gifts of wreath-like bracelet maid,She with the small garland-like bracelets has given me the palmyra horse and the sorrow that is endured at night,மடலோறுதலோடு மாலைக்காலத்தில் வருந்தும் துயரத்தை மாலைபோல் தொடர்ந்த சிறு வளையல் அணிந்த காதலி எனக்கு தந்தாள்.,"மேகலையையும் மெல்லிய வளையலையும் அணிந்த மங்கை மாலை மலரும் நோயான காதலையும், மடலூர்தல் எனும் வேலையையும் எனக்குத் தந்து விட்டாள்",,,
1137,114,rain_water|vibration_sound,"rain_water:ocean,sea ; vibration_sound:wave",,rain_water:கடல்,2,கடலன்ன காமம் உழந்தும் மடலேறாப் / பெண்ணின் பெருந்தக்க தில்.,Her sea-like lust seeks not Madal! Serene is woman's self control,"There is nothing so noble as the womanly nature that would not ride the palmyra horse, though plunged a sea of lust","கடல் போன்ற காமநோயால் வருந்தியும், மடலேறாமல் துன்பத்தை பொருத்துக் கொண்டிருக்கும் பெண் பிறப்பை போல் பெருமை உடைய பிறவி இல்லை.","கொந்தளிக்கும் கடலாகக் காதல் நோய் துன்புறுத்தினாலும்கூடப் பொறுத்துக்கொண்டு, மடலேறாமல் இருக்கும் பெண்ணின் பெருமைக்கு நிகரில்லை",,,
1146,115,moon|time_season,moon:moon ; time_season:day,,moon:சந்திர,2,கண்டது மன்னும் ஒருநாள் அலர்மன்னும் / திங்களைப் பாம்புகொண் டற்று.,One lasting day we met alone Lasting rumours eclipse our moon,It was but a single day that I looked on (my lover); but the rumour thereof has spread like the seizure of the moon by the serpent,"காதலரைக் கண்டது ஒருநாள் தான், அதனால் உண்டாகிய அலரோ, திங்களைப் பாம்பு கொண்ட செய்தி போல் எங்கும் பரந்து விட்டது.","காதலர் சந்தித்துக் கொண்டது ஒருநாள்தான் என்றாலும், சந்திரனைப் பாம்பு விழுங்குவதாகக் கற்பனையாகக் கூறப்படும் ``கிரகணம்'' எனும் நிகழ்ச்சியைப் போல அந்தச் சந்திப்பு ஊர் முழுவதும் அலராகப் பரவியது",,,
1147,115,rain_water,rain_water:water,,,1,ஊரவர் கெளவை எருவாக அன்னைசொல் / நீராக நீளும்இந் நோய்.,Scandal manures; mother's refrain Waters the growth of this love-pain,This malady (of lust) is manured by the talk of women and watered by the (harsh) words of my mother,இந்தக் காம நோய் ஊராரின் அலர் தூற்றலே எருவாகவும் அன்னை கடிந்து சொல்லும் கடுஞ்சொல்லே நீராகவும் கொண்டு செழித்து வளர்கின்றது.,ஒருவரையொருவர் விரும்பி மலர்ந்த காதலானது ஊர்மக்கள் பேசும் பழிச்சொற்களை எருவாகவும் அன்னையின் கடுஞ்சொற்களை நீராகவும் கொண்டு வளருமே தவிரக் கருகிப் போய்விடாது,,,
1148,115,light_fire,light_fire:fire,,light_fire:தீ,1,நெய்யால் எரிநுதுப்பேம் என்றற்றால் கெளவையால் / காமம் நுதுப்பேம் எனல்.,To quench the lust by rumour free Is to quench fire by pouring ghee,To say that one could extinguish passion by rumour is like extinguishing fire with ghee,"அலர் கூறுவதால் காமத்தை அடக்குவோம் என்று முயலுதல், நெய்யால் நெருப்பை அவிப்போம் என்று முயல்வதைப் போன்றது.","ஊரார் பழிச்சொல்லுக்குப் பயந்து காதல் உணர்வு அடங்குவது என்பது, எரிகின்ற தீயை நெய்யை ஊற்றி அணைப்பதற்கு முயற்சி செய்வதைப் போன்றதாகும்",,,
1157,116,rain_water|cosmos_origin,rain_water:ocean ; cosmos_origin:இறை*,,,2,துறைவன் துறந்தமை தூற்றாகொல் முன்கை / இறைஇறவா நின்ற வளை.,Will not my gliding bangles' cry The parting of my lord betray?,Do not the rings that begin to slide down my fingers forebode the separation of my lord ?,"என் மெலிவால் முன் கையில் இறை கடந்து கழலும் வளையல்கள், தலைவன் விட்டுப் பிரிந்த செய்தியைப் பலரறியத் தெரிவித்துத் தூற்றாமலிருக்குமோ.",என்னை விட்டுத் தலைவன் பிரிந்து சென்றுள்ள செய்தியை என் முன்கை மூட்டிலிருந்து கழன்று விழும் வளையல் ஊரறியத் தூற்றித் தெரிவித்து விடுமே!,,,
1159,116,light_fire,"light_fire:தீ*,fire",,,1,தொடிற்சுடின் அல்லது காமநோய் போல / விடிற்சுடல் ஆற்றுமோ தீ.,Can fire that burns by touch burn like Parting of the hearts love-sick?,"Fire burns when touched; but, like the sickness of love, can it also burn when removed ?","நெருப்பு, தன்னைத் தொட்டால் சுடுமே அல்லாமல் காமநோய் போல் தன்னை விட்டு நீங்கிய பொழுது சுடவல்லதாகுமோ.","ஒருவரையொருவர் காணாமலும் தொடாமலும் பிரிந்திருக்கும் போது காதல் நோய் உடலையும் உள்ளத்தையும் சுடுவது போன்ற நிலை நெருப்புக்கு இல்லை; நெருப்பு தொட்டால் சுடும்; இது, பிரிவில் சுடுகிறதே!",,,
1160,116,time_season,time_season:day,,cosmos_origin:உயிர்,1,அரிதாற்றி அல்லல்நோய் நீக்கிப் பிரிவாற்றிப் / பின்இருந்து வாழ்வார் பலர்.,Many survive pangs of parting Not I this sore so distressing,"As if there were many indeed that can consent to the impossible, kill their pain, endure separation and yet continue to live afterwards","பிரிய முடியாத பிரிவிற்கு உடன்பட்டு,( பிரியும் போது) துன்பத்தால் கலங்குவதையும், விட்டு பிரிந்த பின் பொருத்திருந்து பின்னும் உயிரோடிருந்து வாழ்வோர் உலகில் பலர்.","காதலர் பிரிந்து செல்வதற்கு ஒப்புதல் அளித்து, அதனால் ஏற்படும் துன்பத்தைப் போக்கிக் கொண்டு, பிரிந்த பின்னும் பொறுத்திருந்து உயிரோடு வாழ்பவர் பலர் இருக்கலாம்; ஆனால் நான்?",,,
1161,117,cosmos_origin,cosmos_origin:இறை*,,rain_water:நீர்,1,மறைப்பேன்மன் யானிஃதோ நோயை இறைப்பவர்க்கு / ஊற்றுநீர் போல மிகும்.,It swells out like baled out spring How to bear this pain so writhing?,I would hide this pain from others; but it (only) swells like a spring to those who drain it,"இக் காமநோயைப் பிறர் அறியாமல் யான் மறைப்பேன், ஆனால் இது இறைப்பவர்க்கு ஊற்று நீர் மிகுவது போல் மிகுகின்றது.","இறைக்க இறைக்கப் பெருகும் ஊற்றுநீர் போல, பிறர் அறியாமல் மறைக்க மறைக்கக் காதல் நோயும் பெருகும்",,,
1164,117,rain_water,"rain_water:கடல்*,sea,flood",,,1,காமக் கடல்மன்னும் உண்டே அதுநீந்தும் / ஏமப் புணைமன்னும் இல்.,My lust is a sea; I do not see A raft to go across safely,There is indeed a flood of lust; but there is no raft of safety to cross it with,காமநோயாகிய கடல் இருக்கின்றது. ஆனால் அதை நீந்திக்கடந்து செல்வதற்கு வேண்டிய காவலான ‌தோணியோ இல்லை.,காதல் கடல்போலச் சூழ்ந்துகொண்டு வருத்துகிறது ஆனால் அதை நீந்திக் கடந்து செல்லப் பாதுகாப்பான தோணிதான் இல்லை,,,
1166,117,rain_water,"rain_water:கடல்*,sea",,,1,இன்பம் கடல்மற்றுக் காமம் அஃதடுங்கால் / துன்பம் அதனிற் பெரிது.,The pleasure in love is oceanful But its pangs are more painful,The pleasure of lust is (as great as) the sea; but the pain of lust is far greater,காமம் மகிழ்விக்கும்போது அதன் இன்பம் கடல் போன்றது; அது வருத்தும்போது அதன் துன்பமோ கடலைவிடப் பெரியது.,"காதல் இன்பம் கடல் போன்றது காதலர் பிரிவு ஏற்படுத்தும் துன்பமோ, கடலைவிடப் பெரியது",,,
1167,117,rain_water|time_season|vibration_sound,rain_water:flood ; time_season:night ; vibration_sound:wave,,,3,காமக் கடும்புனல் நீந்திக் கரைகாணேன் / யாமத்தும் யானே உளேன்.,Wild waves of love I swim shoreless Pining alone in midnight hush,"I have swam across the terrible flood of lust, but have not seen its shore; even at midnight I am alone; still I live",காமம் என்னும்‌ வெள்ளத்தை நீந்தியும் அதன் கரையை யான் காணவில்லை; நள்ளிரவிலும் யான் தனியே இருக்கின்றேன்.,"நள்ளிரவிலும் என் துணையின்றி நான் மட்டுமே இருக்கிறேன்; அதனால், காதலின்பக் கடும் வெள்ளத்தில் நீந்தி, அதன் கரையைக் காண இயலாமல் கலங்குகிறேன்",,,
1168,117,time_season,time_season:night,,time_season:இரவு ; cosmos_origin:உயிர்,1,மன்னுயிர் எல்லாம் துயிற்றி அளித்திரா / என்னல்லது இல்லை துணை.,Night's mercy lulls all souls to sleep Keeping but me for companionship,"The night which graciously lulls to sleep all living creatures, has me alone for her companion",இந்த இராக்காலம் இரங்கத்தக்கது; எல்லா உயிரையும் தூங்கச் செய்துவிட்டு என்னை அல்லாமல் வேறு துணை இல்லாமல் இருக்கின்றது.,`இரவே! உலகில் உள்ள எல்லா உயிர்களையும் நீ உறங்கச் செய்துவிட்டுப் பாவம் இப்போது என்னைத்தவிர வேறு துணையில்லாமல் இருக்கிறாய்.',,,
1169,117,time_season,time_season:night,,time_season:இரவு ; cosmos_origin:தோன்று,1,கொடியார் கொடுமையின் தாம்கொடிய இந்நாள் / நெடிய கழியும் இரா.,Crueller than that cruel he Are midnight hours gliding slowly,The long nights of these days are far more cruel than the heartless one who is torturing me,"( பிரிந்து துன்புறுகின்ற) இந்நாட்களில் நெடுநேரம் உடையனவாய்க் கழிகின்ற இராக்காலங்கள், பிரிந்த கொடியவரின் கொடுமையை விடத் தாம் கொடியவை.",இந்த இரவுகள் நீண்டுகொண்டே போவதுபோல் தோன்றும் கொடுமை இருக்கிறதே அது காதலரின் பிரிவால் ஏற்படும் கொடுமையைவிடப் பெரிதாக உள்ளது,,,
1170,117,rain_water,rain_water:flood,,,1,உள்ளம்போன்று உள்வழிச் செல்கிற்பின் வெள்ளநீர் / நீந்தல மன்னோஎன் கண்.,"Like heart, if my sight reaches him It won't in floods of tears swim!","Could mine eyes travel like my thoughts to the abode (of my absent lord), they would not swim in this flood of tears","காதலர் உள்ள இடத்திற்கு என் மனத்தைப்போல் செல்ல முடியுமானால், என்‌ கண்கள் இவ்வாறு வெள்ளமாகிய கண்ணீரில் நீந்த வேண்டியதில்லை.","காதலர் இருக்குமிடத்துக்கு என் நெஞ்சத்தைப் போலச் செல்ல முடியுமானால், என் கருவிழிகள், அவரைக் காண்பதற்குக் கண்ணீர் வெள்ளத்தில் நீந்த வேண்டிய நிலை ஏற்பட்டிருக்காது",,,
1172,118,time_season,time_season:day,,light_fire:தீ,1,தெரிந்துணரா நோக்கிய உண்கண் பரிந்துணராப் / பைதல் உழப்பது எவன்?,Why should these dyed eyes grieve now sans Regrets for their thoughtless glance?,"The dyed eyes that (then) looked without foresight, why should they now endure sorrow, without feeling sharply (their own fault)","ஆராய்ந்து உணராமல் அன்று நோக்கிக் காதல் கொண்ட கண்கள், இன்று அன்பு கொண்டு உணராமல் துன்பத்தால் வருந்துவது ஏன்?","விளைவுகளை உணராமல் மயங்கி நோக்கிய மைவிழிகள், இன்று, காதலரைப் பிரிந்ததால் துன்பமுறுவது தம்மால் தான் என அறியாமல் தவிப்பது ஏன்?",,,
1173,118,time_season,time_season:day,,,1,கதுமெனத் தாநோக்கித் தாமே கலுழும் / இதுநகத் தக்க துடைத்து.,Eyes darted eager glance that day It's funny that they weep today,They themselves looked eagerly (on him) and now they weep. Is not this to be laughed at ?,அன்று காதலரைக் கண்கள் தாமே விரைந்து நோக்கி இன்று தாமே அழுகின்றன; இது நகைக்கத்தக்க தன்மை உடையது.,"தாமாகவே பாய்ந்து சென்று அவரைப் பார்த்து மகிழ்ந்த கண்கள், இன்று தாமாகவே அழுகின்றன இது நகைக்கத்தக்க ஒன்றாகும்",,,
1175,118,rain_water,rain_water:sea,,rain_water:கடல்,1,படலாற்றா பைதல் உழக்கும் கடலாற்றாக் / காமநோய் செய்தஎன் கண்.,My eyes causing lust more than sea Suffer that torture sleeplessly,Mine eyes have caused me a lust that is greater than the sea and (they themselves) endure the torture of sleeplessness,"அன்று கடலும் தாங்கமுடியாத காமநோயை உண்டாக்கிய என் கண்கள், இன்று உறங்க முடியாமல் துன்பத்தால் வருந்துகின்றன.","கடல் கொள்ளாத அளவுக்குக் காதல் நோய் உருவாகக் காரணமாக இருந்த என் கண்கள், இப்போது தூங்க முடியாமல் துன்பத்தால் வாடுகின்றன",,,
1177,118,time_season,time_season:day,,,1,உழந்துழந் துள்நீர் அறுக விழைந்திழைந்து / வேண்டி அவர்க்கண்ட கண்.,Let tears dry up pining pining In eyes that eyed him longing longing,"The eyes that became tender and gazed intently on him, may they suffer so much as to dry up the fountain of their tears",அன்று விரும்பி நெகிழ்ந்து காதலரைக் கண்ட கண்கள் இன்று உறக்கமில்லாத துன்பத்தால் வருந்தி வருந்திக் கண்ணீரும் அற்றுப் போகட்டும்.,"அன்று, இழைந்து குழைந்து ஆசையுடன் அவரைக் கண்ட கண்களே! இன்று பிரிந்து சென்றுள்ள அவரை நினைத்துக் தூங்காமலும், துளிக் கண்ணீரும் அற்றுப்போகும் நிலையிலும் துன்பப்படுங்கள்",,,
1186,119,light_fire,"light_fire:light,lamp",,"light_fire:ஒளி,விளக்கு",1,விளக்கற்றம் பார்க்கும் இருளேபோல் கொண்கன் / முயக்கற்றம் பார்க்கும் பசப்பு.,Just as darkness waits for light-off Pallor looks for lover's arms-off,Just as darkness waits for the failing light; so does sallowness wait for the laxity of my husband's intercourse,"விளக்கினுடைய மறைவைப் பார்த்துக் காத்திருக்கின்ற இருளைப் போலவே, தலைவனுடைய தழுவுதலின் ‌சோர்வைப் பார்த்துக் காத்திருக்கினறது.","விளக்கின் ஒளிகுறையும் சமயம் பார்த்துப் பரவிடும் இருளைப்போல, இறுகத் தழுவிய காதலன்பிடி, சற்றுத் தளரும்போது காதலியின் உடலில் பசலைநிறம் படர்ந்து விடுகிறது",,,
1192,120,sky_stars|rain_water|time_season,"sky_stars:வானம்*,heaven ; rain_water:rain ; time_season:season",,"rain_water:மழை,மேகம் ; cosmos_origin:உயிர்",3,வாழ்வார்க்கு வானம் பயந்தற்றால் வீழ்வார்க்கு / வீழ்வார் அள஧ க்கும் அளி.,The lover-and-beloved's self-givings Are like rains to living beings,The bestowal of love by the beloved on those who love them is like the rain raining (at the proper season) on those who live by it,"தம்மை விரும்புகின்றவர்க்குக் காதலர் அளிக்கும் அன்பு, உயிர் வாழ்கினறவர்க்கு மேகம் மழை பெய்து காப்பாற்றுதலைப் போன்றது.","காதலர்கள் ஒருவரையொருவர் உரிய நேரத்தில் சந்தித்து அன்பு பொழிவது, வாழ்வதற்குத் தேவையான பருவமழை பொழிவது போன்றதாகும்",,,
1198,120,time_season,time_season:day,,cosmos_origin:உயிர்,1,வீழ்வாரின் இன்சொல் பெறாஅது உலகத்து / வாழ்வாரின் வன்கணார் இல்.,None is so firm as she who loves Without kind words from whom she dotes,There is no one in the world so hard-hearted as those who can live without receiving (even) a kind word from their beloved,தான் விரும்பும் காதலரின் இனிய சொல்லைப் பெறாமல் உலகத்தில் ( பிரிவுத் துன்பத்தைப் பொறுத்து) வாழ்கின்றவரைப் போல் வன்கண்மை உடையவர் இல்லை.,"பிரிந்து சென்ற காதலரிடமிருந்து ஓர் இனிய சொல்கூட வராத நிலையில், உலகில் வாழ்கின்றவரைப் போல், கல் நெஞ்சம் உடையவர் யாரும் இருக்க முடியாது",,,
1200,120,rain_water,rain_water:sea,,rain_water:ஆறு,1,உறாஅர்க்கு உறுநோய் உரைப்பாய் கடலைச் / செறாஅஅய் வாழிய நெஞ்சு.,You tell your grief to listless he Bless my heart! rather fill up sea!,"Live, O my soul, would you who relate your great sorrow to strangers, try rather to fill up your own sea (of sorrow)",நெஞ்சமே! நீ வாழி! அன்பு இல்லாதவரிடம் உன் மிகுந்த துன்பத்தைச் சொல்கின்றாய்! அதை விட எளிதாகக் கடலைத் தூர்ப்பாயாக.,நெஞ்சமே! நீ வாழ்க! உன்னிடம் அன்பு இல்லாதவரிடம் உனது துன்பத்தைச் சொல்லி ஆறுதல் பெறுவதைக் காட்டிலும் கடலைத் தூர்ப்பது எளிதான வேலையாகும்,,,
1201,121,light_fire,light_fire:தீ*,,,1,உள்ளினும் தீராப் பெருமகிழ் செய்தலால் / கள்ளினும் காமம் இனிது.,Love is sweeter than wine; for vast Is its delight at very thought,"Sexuality is sweeter than liquor, because when remembered, it creates a most rapturous delight",நினைத்தாலும் தீராத பெரிய மகிழ்ச்சியைச் செய்தலால் ( உண்டபோது மட்டும் மகிழ்ச்சி தரும் ) கள்ளை விட காமம் இன்பமானதாகும்.,உண்டபோது மட்டும் மகிழ்ச்சி தரும் கள்ளைவிட நினைத்தாலே நெஞ்சினிக்கச் செய்யும் காதல் இன்பமானதாகும்,,,
1210,121,moon,moon:moon,moon:மதி*,,1,விடாஅது சென்றாரைக் கண்ணினால் காணப் / படாஅதி வாழி மதி.,Hail moon! Set not so that I find Him who left me but not my mind,"May you live, O Moon! Do not set, that I mine see him who has departed without quitting my soul",தி்ங்களே! பிரியாமல் இருந்து இறுதியில் பிரிந்து சென்ற காதலரை என் கண்ணால் தேடிக் காணும்படியாக நீ மறைந்து விடாமல் இருப்பாயாக!,"நிலவே! நீ வாழ்க; இணைபிரியாமலிருந்து, பிரிந்து சென்றுள்ள காதலரை நான் என் கண்களால் தேடிக் கண்டுபிடித்திடத் துணையாக நீ மறையாமல் இருப்பாயாக",,,
1221,123,time_season,time_season:season,,,1,மாலையோ அல்லை மணந்தார் உயிருண்ணும் / வேலைநீ வாழி பொழுது.,Bless you! you are not eventide But killing dart to wedded bride!,"Live, O you evening are you (the former) evening? No, you are the season that slays (married) women",பொழுதே! நீ மாலைக்காலம் அல்ல; (காதலரோடு கூடியிருந்து பிறகு பிரிந்து வாழும்) மகளிரின் உயிரை உண்ணும் முடிவுக் காலமாக இருக்கினறாய்!,நீ மாலைப் பொழுதாக இல்லாமல் காதலரைப் பிரிந்திருக்கும் மகளிர் உயிரைக் குடிக்கும் வேலாக இருப்பதற்காக உனக்கோர் வாழ்த்து!,,,
1223,123,vibration_sound,vibration_sound:trembl,,,1,பனிஅரும்பிப் பைதல்கொள் மாலை துனிஅரும்பித் / துன்பம் வளர வரும்.,Wet eve came pale and trembling then Now it makes bold with growing pain,The evening that (once) came in with trembling and dimness (now) brings me an aversion for life and increasing sorrow,பனி தோன்றிப் பசந்த நிறம் கொண்ட மாலைப் பொழுது எனக்கு வருத்தம் ஏற்பட்டுத் துன்பம் மேன்மேலும் வளரும்படியாக வருகின்றது.,"பக்கத்தில் என் காதலர் இருந்த போது பயந்து, பசலை நிறத்துடன் வந்த மாலைப் பொழுது, இப்போது என் உயிரை வெறுக்குமளவுக்குத் துன்பத்தை மிகுதியாகக் கொண்டு வருகிறது",,,
1227,123,time_season,"time_season:day,dawn",,time_season:பகல்,1,காலை அரும்பிப் பகலெல்லாம் போதாகி / மாலை மலரும்இந் நோய்.,Budding at dawn burgeoning all day This disease blooms in evening gay,"This malady buds forth in the morning, expands all day long and blossoms in the evening","இந்த காமநோய், காலைப்பொழுதில் அரும்பாய்த் தோன்றி, பகற்பொழுதெல்லாம் பேரரும்பாய் வளர்ந்து மாலைப்பொழுதில் மலராகின்றது.","காதல் என்பது காலையில் அரும்பாகி, பகல் முழுதும் முதிர்ச்சியடைந்து, மாலையில் மலரும் ஒரு நோயாகும்",,,
1228,123,time_season,time_season:night,,"vibration_sound:ஒலி,ஓசை",1,அழல்போலும் மாலைக்குத் தூதாகி ஆயன் / குழல்போலும் கொல்லும் படை.,"A deadly arm, this shepherd's flute Hails flaming eve and slays my heart","The shepherd's flute now sounds as a fiery forerunner of night, and is become a weapon that slays (me)","ஆயனுடைய புல்லாங்குழல், நெருப்புப்போல் வருத்தும்‌ மாலைப்பொழுதிற்குத் தூதாகி என்னைக் கொல்லும்‌‌ படையாகவும் வருகின்றது.",காதலர் பிரிவால் என்னைத் தணலாகச் சுடுகின்ற மாலைப்பொழுதை அறிவிக்கும் தூதாக வருவது போல வரும் ஆயனின் புல்லாங்குழலோசை என்னைக் கொல்லும் படைக்கருவியின் ஓசைபோல் அல்லவா காதில் ஒலிக்கிறது,,,
1229,123,time_season,time_season:night,moon:மதி*,cosmos_origin:தோன்று,1,பதிமருண்டு பைதல் உழக்கும் மதிமருண்டு / மாலை படர்தரும் போழ்து.,Deluding eve if it prolongs The whole town will suffer love-pangs,"When night comes on confusing (everyone's) mind, the (whole) town will lose its sense and be plunged in sorrow","அறிவு மயங்கும்படியாக மாலைப்பொழுது வந்து படரும்போது, இந்த ஊரும் மயங்கி என்னைப் போல் துன்பத்தால் வருந்தும்.","என் அறிவை மயக்கும் மாலைப் பொழுது, இந்த ஊரையே மயக்கித் துன்பத்தில் ஆழ்த்துவது போல் எனக்குத் தோன்றுகிறது",,,
1230,123,time_season,time_season:night,cosmos_origin:உயிர்*,,1,பொருள்மாலை யாளரை உள்ளி மருள்மாலை / மாயும்என் மாயா உயிர்.,Thinking of him whose quest is wealth My life outlives the twilight stealth,My (hitherto) unextinguished life is now lost in this bewildering night at the thought of him who has the nature of wealth,"( பிரிவுத் துன்பத்தால்) மாயமாய் நின்ற என் உயிர், பொருள் காரணமாகப் பிரிந்து சென்ற காதலரை நினைந்து மயங்குகின்ற இம் மாலைப்பொழுதில் மாய்கின்றது.","பொருள் ஈட்டுவதற்கச் சென்றுள்ள காதலரை எண்ணி மாய்ந்து போகாத என்னுயிர், மயக்கும் இந்த மாலைப் பொழுதில் மாய்ந்து போகின்றது",,,
1233,124,time_season,time_season:day,,,1,தணந்தமை சால அறிவிப்ப போலும் / மணந்தநாள் வீங்கிய தோள்.,"These arms that swelled on nuptial day Now shrunk proclaim \""He is away\""",The shoulders that swelled on the day of our union (now) seem to announce our separation clearly (to the public),"கூடியிருந்த காலத்தில் மகிழ்ந்து பூரித்திருந்த தோள்கள், ( இப்போது மெலிந்தும்) காதலருடைய பிரிவை நன்றாக அறிவிப்பவை போல் உள்ளன.","தழுவிக் கிடந்த போது பூரித்திருந்த தோள், இப்போது மெலிந்து காணப்படுவது; காதலன் பிரிவை அறிவிப்பதற்காகத்தான் போலும்",,,
1238,124,time_season,time_season:day,,light_fire:ஒளி,1,முயங்கிய கைகளை ஊக்கப் பசந்தது / பைந்தொடிப் பேதை நுதல்.,The front of this fair one O paled As my clasping arms loosed their hold,"When I once loosened the arms that were in embrace, the forehead of the gold-braceleted women turned sallow","தழுவிய கை‌களைத் தளர்த்தியவுடனே, பைந்தொடி அணிந்த காதலியின் நெற்றி, ( அவ்வளவு சிறியதாகிய பிரிவையும் பொறுக்காமல்) பசலை நிறம் அடைந்தது.","இறுகத் தழுவியிருந்த கைகளைக் கொஞ்சம் தளர்த்தவே அந்தச் சிறு இடைவெளியையும் பொறுத்துக் கொள்ள முடியாமல் காதலியின் நெற்றி, பசலைநிறம் கொண்டு விட்டது",,,
1239,124,rain_water,"rain_water:rain,clouds?",,rain_water:மழை,1,முயக்கிடைத் தண்வளி போழப் பசப்புற்ற / பேதை பெருமழைக் கண்.,Cool breeze crept between our embrace Her large rain-cloud-eyes paled at once,"When but a breath of breeze penetrated our embrace, her large cool eyes became sallow","தழுவுதலுக்கு இடையே குளி்ந்த காற்று நுழைய, காதலியின் பெரிய மழை போன்ற கண்கள் பசலை நிறம் அடைந்தன.","இறுகத் தழுவியிருந்த போது, இடையே குளிர்ந்த காற்று நுழைந்ததால் அதையே ஒரு பிரிவு எனக் கருதிக் காதலியின் அகன்று நீண்ட கண்கள் பசலை நிறம் கொண்டன",,,
1241,125,light_fire,light_fire:தீ*,,,1,நினைத்தொன்று சொல்லாயோ நெஞ்சே எனைத்தொன்றும் / எவ்வநோய் தீர்க்கும் மருந்து.,"Think of, O heart, some remedy To cure this chronic malady","O my soul, will you not think and tell me some medicine be it what it may, that can cure this incurable malady?",நெஞ்சே! ( காதலால் வளர்ந்த) இத் துன்ப நோயைத் தீர்க்கும் மருந்து ஏதாவது ஒன்றை நீ நினைத்துப் பார்த்து எனக்குச் சொல்ல மாட்டாயோ?,"எந்த மருந்தினாலும் தீராத என் காதல் நோய் தீர்ந்திட ஏதாவது ஒரு மருந்தை நினைத்துப் பார்த்து, நெஞ்சே! உன்னால் சொல்ல முடியுமா?",,,
1246,125,light_fire,light_fire:fire,,,1,கலந்துணர்த்தும் காதலர்க் கண்டாற் புலந்துணராய் / பொய்க்காய்வு காய்திஎன் நெஞ்சு.,"Wrath is false, O heart, face-to face Sans huff, you rush to his sweet embrace","O my soul! when you see the dear one who remove dislike by intercourse, you are displeased and continue to be so Nay, your displeasure is (simply) false",என் நெஞ்சே! ஊடியபோது கூடி ஊடல் உணர்த்த வல்ல காதலரைக் கண்டபோது நீ பிணங்கி உணர மாட்டாய்; பொய்யான சினங்கொண்டு காய்கினறாய்.,நெஞ்சே! கூடிக் கலந்து ஊடலை நீக்கும் காதலரைக் கண்டால் ஒரு தடவைகூடப் பிணங்கியறியாத நீ இப்போது அவர் மீது கொள்ளுகிற கோபம் பொய்யானது தானே?,,,
1248,125,time_season,time_season:year,,,1,பரிந்தவர் நல்காரென்று ஏங்கிப் பிரிந்தவர் / பின்செல்வாய் பேதைஎன் நெஞ்சு.,"Without pity he would depart! You sigh and seek his favour, poor heart!","You are a fool, O my soul! to go after my departed one, while you mourn that he is not kind enough to favour you",என் நெஞ்சே! பிரிவுத் துன்பத்தால் வருந்தி அவர் வந்து அன்பு செய்ய வில்லையே என்று ஏங்கி பிரிந்தவரின் பின் செல்கின்றாய் பேதை.,நம்மீது இரக்கமின்றிப் பிரிந்து விட்டாரேயென்று ஏங்கிடும் அதே வேளையில் பிரிந்தவர் பின்னாலேயே சென்று கொண்டிருக்கும் என் நெஞ்சம் ஓர் அறிவற்ற பேதை போன்றதாகும்,,,
1259,126,light_fire,light_fire:heat,,,1,புலப்பல் எனச்சென்றேன் புல்லினேன் நெஞ்சம் / கலத்தல் உறுவது கண்டு.,In huff I went and felt at ease Heat to heart in sweet embrace,I said I would feign dislike and so went (away); (but) I embraced him the moment I say my mind began to unite with him!,ஊடுவேன் என்று எண்ணிக் கொண்டு சென்றேன்; ஆனால் என் நெஞ்சம் என்னை விட்டு அவரோடு கூடுவதை கண்டு தழுவினேன்.,ஊடல் கொண்டு பிணங்குவோம் என நினைத்துதான் சென்றேன்; ஆனால் என் நெஞ்சம் என்னை விடுத்து அவருடன் கூடுவதைக் கண்டு என் பிடிவாதத்தை மறந்து தழுவிக் கொண்டேன்,,,
1260,126,light_fire,light_fire:fire,,light_fire:தீ ; vibration_sound:இசை,1,நிணந்தீயில் இட்டன்ன நெஞ்சினார்க்கு உண்டோ / புணர்ந்தூடி நிற்பேம் எனல்.,To feign dislike is it not rare For mates who melt like fat in fire?,Is it possible for those whose hearts melt like fat in the fire to say they can feign a strong dislike and remain so?,"கொழுப்பைத் தீயில் இட்டால் போன்ற உருகும் நெஞ்சுடைய என்னைப் போன்றவர்க்கு, இசைந்து ஊடி நிற்போம் என்று ஊடும் தன்மை உண்டோ?","நெருப்பிலிட்ட கொழுப்பைப் போல் உருகிடும் நெஞ்சம் உடையவர்கள், கூடிக் களித்தபின் ஊடல் கொண்டு அதில் உறுதியாக இருக்க முடியுமா?",,,
1262,127,time_season,time_season:day,,light_fire:ஒளி,1,இலங்கிழாய் இன்று மறப்பின்என் தோள்மேல் / கலங்கழியும் காரிகை நீத்து.,"Beauty pales and my bracelets slide; Why not forget him now, bright maid?","O you bright-jewelled maid, if I forget (him) today, my shoulders will lose their beauty even in the other life and make my bracelets loose","தோழி! காதலரின் பிரிவால்துன்புற்று வருந்துகின்ற இன்றும் அவரை மறந்து விட்டால், அழகு கெட்டு என் தோள் மேல் அணிந்துள்ள அணிகள் கழலுமாறு நேரும்.","காதலரைப் பிரிந்திருக்கும் நான், பிரிவுத் துன்பம் வாராதிருக்க அவரை மறந்திருக்க முனைந்தால், என் தோள்கள் அழகு நீங்கி மெலிந்து போய் வளையல்களும் கழன்று விழுவது உறுதியடி என் தோழி",,,
1266,127,time_season,time_season:day,,light_fire:தீ,1,வருகமன் கொண்கன் ஒருநாள் பருகுவன் / பைதல்நோய் எல்லாம் கெட.,Let my spouse return just a day Joy-drink shall drive my pain away,May my husband return some day; and then will I enjoy (him) so as to destroy all this agonizing sorrow,"என் காதலன் ஒருநாள் என்னிடம் வருவானாக; வந்த பிறகு, என்னுடைய துன்பநோய் எல்லொம் தீருமாறு நான் நன்றாக நுகர்வேன்.","என்னை வாடவிட்டுப் பிரிந்துள்ள காதலன், ஒருநாள் வந்துதான் ஆகவேண்டும் வந்தால் என் துன்பம் முழுவதும் தீர்ந்திட அவனிடம் இன்பம் துய்ப்பேன்",,,
1268,127,time_season,time_season:night,,,1,வினைகலந்து வென்றீக வேந்தன் மனைகலந்து / மாலை அயர்கம் விருந்து.,May the king fight and win and give And with my wife I will feast this eve!,Let the king fight and gain (victories); (but) let me be united to my wife and feast the evening,அரசன் இச் செயலில் முனைந்து நின்று வெற்றி பெறுவானாக; அதன்பின் யாம் மனைவியோடு கூடியிருந்து அனறு வரும் மாலைப் பொழுதிற்கு விருந்து செய்வோம்.,"தலைவன், தான் மேற்கொண்டுள்ள செயலில் வெற்றி பெறுவானாக; அவன் வெண்றால் என் மனைவியுடன் எனக்கு மாலைப்பொழுதில் இன்ப விருந்துதான்",,,
1269,127,time_season,"time_season:day,year",,cosmos_origin:தோன்று,1,ஒருநாள் எழுநாள்போல் செல்லும்சேண் சென்றார் / வருநாள்வைத்து ஏங்கு பவர்க்கு.,One day seems as seven to those Who yearn return of distant spouse,To those who suffer waiting for the day of return of their distant lovers one day is as long as seven days,தொலைவில் உள்ள வெளிநாட்டிற்குச் சென்ற காதலர் திரும்பி வரும் நாளை நினைத்து ஏங்கும் மகளிர்க்கு ஒருநாள் ஏழுநாள் போல ( நெடிதாக) கழியும்.,நெடுந்தொலைவு சென்ற காதலர் திரும்பி வரும் நாளை எதிர்பார்த்து ஏங்குபவர்க்கு ஒவ்வொரு நாளும் ஒவ்வொரு யுகமாகத் தோன்றும்,,,
1275,128,light_fire,light_fire:தீ*,,,1,செறிதொடி செய்திறந்த கள்ளம் உறுதுயர் / தீர்க்கும் மருந்தொன்று உடைத்து.,The close-bangled belle's hidden thought Has a cure for my troubled heart She to Her Maid,The well-meant departure of her whose bangles are tight-fitting contains a remedy that can cure my great sorrow,"காதலி என்னை நோக்கி செய்து விட்டுச் சென்ற கள்ளமான குறிப்பு, என் மிக்க துயரத்தைத் தீர்க்கும் மருந்து ஒன்று உடையதாக இருக்கின்றது.","வண்ணமிகு வளையல்கள் அணிந்த என் வடிவழகியின் குறும்புத்தனமான பார்வையில், என்னைத் துளைத்தெடுக்கும் துன்பத்தைத் தீர்க்கும் மருந்தும் இருக்கிறது",,,
1278,128,time_season,time_season:day,,time_season:நாள்,1,நெருநற்றுச் சென்றார்எம் காதலர் யாமும் / எழுநாளேம் மேனி பசந்து.,My lover parted but yesterday; With sallowness it is seventh day The Maid Tells Him,It was but yesterday my lover departed (from me); and it is seven days since my complexion turned sallow,எம்முடைய காதலர் நேற்றுதான் பிரிந்து சென்றார்; யாமும் மேனி பசலை நிறம் அடைந்து ஏழு நாட்கள் ஆய்விட்ட நிலையில் இருக்கின்றோம்.,"நேற்றுத்தான் எம் காதலர் பிரிந்து சென்றார்; எனினும், பல நாட்கள் கழிந்தன என்பது போல் பசலை நிறம் எம்மைப் பற்றிக் கொண்டதே",,,
1280,128,time_season,time_season:இரவு*,,light_fire:தீ,1,பெண்ணினால் பெண்மை உடைத்தென்ப கண்ணினால் / காமநோய் சொல்லி இரவு.,To express love-pangs by eyes and pray Is womanhood's womanly way,To express their love-sickness by their eyes and resort to begging bespeaks more than ordinary female excellence,"கண்ணினால் காமநோயைத் தெரிவித்துப் பிரியாமல் இருக்குமாறு இரத்தல், பெண் தன்மைக்கு மேலும் பெண் தன்மை உடையது என்று கூறுவர்.",காதல் வேட்கையைக் கண்களால் உணர்த்திக் காதலனுடன் போவதற்கு இரந்து நிற்கும்போது பெண்மைக்குப் பெண்மை சேர்த்தாற் போன்று இருக்கின்றது,,,
1289,129,time_season,time_season:season,,time_season:காலம்,1,மலரினும் மெல்லிது காமம் சிலர்அதன் / செவ்வி தலைப்படு வார்.,Flower-soft is love; a few alone Know its delicacy so fine,"Sexual delight is more delicate than a flower, and few are those who understand its real nature",காமம் மலரை விட மென்மை உடையதாகும்; அந்த உண்மை அறிந்து அதன் நல்ல பயனைப் பெறக்கூடியவர் சிலரே.,"காதல் இன்பம், மலரைவிட மென்மையானது அதனை அதே மென்மையுடன் நுகருபவர்கள் சிலரே ஆவார்கள்",,,
1290,129,time_season,time_season:day,,,1,கண்ணின் துனித்தே கலங்கினாள் புல்லுதல் / என்னினும் தான்விதுப் புற்று.,She feigned dislike awhile but flew Faster for embrace than I do,"She once feigned dislike in her eyes, but the warmth of her embrace exceeded my own","கண் பார்வையின் அளவில் பிணங்கி, என்னை விடத் தான் விரைந்து தழுவுதலை விரும்பி, ( பிணங்கிய நிலையையும் மறந்து) கலந்து விட்டாள்.","விழிகளால் ஊடலை வெளியிட்டவள், கூடித் தழுவுவதில் என்னைக் காட்டிலும் விரைந்து செயல்பட்டு என்னோடு கலந்து விட்டாள்",,,
1302,131,time_season,time_season:season,,time_season:காலம்,1,உப்பமைந் தற்றால் புலவி அதுசிறிது / மிக்கற்றால் நீள விடல்.,Sulking is the salt of love; but Too much of it spoils the taste Wife Addresses Husband,A little dislike is like salt in proportion; to prolong it a little is like salt a little too much,"உப்பு, உணவில் அளவோடு அமைந்திருப்பதைப் போன்றது ஊடல்; ஊடலை அளவு கடந்து நீட்டித்தல், அந்த உப்பு சிறிதளவு மிகுதியாக இருப்பதைப் போன்றது.",ஊடலுக்கும் கூடலுக்கும் இடையில் உள்ள காலம் உணவில் இடும் உப்பு போல் ஓரளவுடன் இருக்க வேண்டும் அந்தக் கால அளவு நீடித்தால் உணவில் உப்பு மிகுதியானதற்கு ஒப்பாக ஆகிவிடும்,,,
1309,131,rain_water,rain_water:water,,rain_water:நீர்,1,நீரும் நிழலது இனிதே புலவியும் / வீழுநர் கண்ணே இனிது.,Water delights in a shady grove And sulking in souls of psychic love,"Like water in the shade, dislike is delicious only in those who love","நீரும் நிழலை அடுத்திருப்பதே இனிமையானது; அதுபோல், ஊடலும் அன்பு செலுத்துவோரிடத்தில் கொள்வதே இன்பமானது.",நிழலுக்கு அருகில் உள்ள நீர்தான் குளிர்ந்து இனிமையாக இருக்கும்; அதுபோல அன்புள்ளவர்களிடம் கொள்ளும் ஊடல்தான் இன்பமானதாக இருக்கும்,,,
1312,132,time_season,time_season:day,,,1,ஊடி இருந்தேமாத் தும்மினார் யாம்தம்மை / நீடுவாழ் கென்பாக் கறிந்து.,"He sneezed while we went on sulking Expecting me to say \""live long\""",When I continued to be sulky he sneezed and thought I would (then) wish him a long life,"காதலரோடு ஊடல் கொண்டிருந்தோமாக, யாம் தம்மை நெடுங்காலம் வாழ்க என்று வாய் திறந்து சொல்லுவோம் என நினைத்து அவர் தும்மினார்.",ஊடல் கொண்டிருந்தபோது அவர் தும்மினார்; ஊடலை விடுத்து அவரை ``நீடுவாழ்க'' என வாழ்த்துவேன் என்று நினைத்து,,,
1313,132,time_season,time_season:day,,rain_water:நீர்,1,கோட்டுப்பூச் சூடினும் காயும் ஒருத்தியைக் / காட்டிய சூடினீர் என்று.,"\""For which lady?\"" she widely cries While I adorn myself with flowers","Even if I were adorned with a garland of branch-flowers, she would say I did so to show it to another woman","கிளைகளில் மலர்ந்த மலர்களைச் சூடினாலும், நீர் இந்த அழகை யாரோ ஒருத்திக்கு காட்டுவதற்காகச் சூடினீர் என்று சினம் கொள்வாள்.","கிளையில் மலர்ந்த பூக்களைக் கட்டி நான் அணிந்து கொண்டிருந்தாலும், வேறொருத்திக்குக் காட்டுவதற்காகவே அணிந்திருக்கிறீர் எனக்கூறி சினம் கொள்வாள்",,,
1316,132,time_season,time_season:day,,rain_water:நீர்,1,உள்ளினேன் என்றேன்மற் றென்மறந்தீர் என்றென்னைப் / புல்லாள் புலத்தக் கனள்.,"I said I thought of you She left Her embrace crying \""Oft you forget\""","When I said I had remembered her, she said I had forgotten her and relaxing her embrace, began to feign dislike",நினைத்தேன் என்று கூறி‌னேன்; நினைப்புக்கு முன் மறப்பு உண்டு அன்றோ? ஏன் மறந்தீர் என்று என்னைத் தழுவாமல் ஊடினாள்.,``உன்னை நினைத்தேன்'' என்று காதலியிடம் சொன்னதுதான் தாமதம்;'' அப்படியானால் நீர் என்னை மறந்திருந்தால்தானே நினைத்திருக்க முடியும்?'' எனக்கேட்டு ``ஏன் மறந்தீர்?'' என்று அவள் ஊடல் கொண்டாள்,,,
1317,132,time_season,time_season:day,,rain_water:நீர்,1,வழுத்தினாள் தும்மினேன் ஆக அழித்தழுதாள் / யாருள்ளித் தும்மினீர் என்று.,"I sneezed; she blessed; then changed and wept \""You sneezed now at which lady's thought?\""","When I sneezed she blessed me, but at once changed (her mind) and wept, asking, ""At the thought of whom did you sneeze?""",யான் தும்மினேனாக; அவள் நூறாண்டு என வாழ்த்தினாள்; உடனே அதை விட்டு யார் நினைத்ததால் தும்மினீர்? என்று கேட்டு அழுதாள்?,"தும்மினேன்; வழக்கப்படி அவள் என்னை வாழ்த்தினாள் உடனே என்ன சந்தேகமோ ``யார் உம்மை நினைத்ததால் தும்மினீர்'' என்று கேட்டு, முதலில் அளித்த வாழ்த்துக்கு மாறாக அழத் தொடங்கிவிட்டாள்",,,
1323,133,sky_stars|rain_water|direction_earth,sky_stars:heaven ; rain_water:water ; direction_earth:earth,,rain_water:நீர் ; direction_earth:உலகம்,3,புலத்தலின் புத்தேள்நாடு உண்டோ நிலத்தொடு / நீரியைந் தன்னார் அகத்து.,Is there a heaven like sulk beneath Of hearts that join like water and earth?,Is there a celestial land that can please like the feigned dislike of those whose union resembles that of earth and water?,நிலத்தோடு நீர் பொருந்தி கலந்தாற் போன்ற அன்புடைய காதலரிடத்தில் ஊடுவதை விட இன்பம் தருகின்ற தேவருலம் இருக்கின்றதோ.,நிலத்தோடு நீர் கலந்தது போல அன்புடன் கூடியிருக்கும் காதலரிடத்தில் ஊடல் கொள்வதை விடப் புதிய உலகம் வேறொன்று இருக்க முடியுமா?,,,
1327,133,time_season,time_season:day,,,1,ஊடலில் தோற்றவர் வென்றார் அதுமன்னும் / கூடலிற் காணப் படும்.,The yielder wins in lover's pout Reunited joy brings it out,Those are conquerors whose dislike has been defeated and that is proved by the love (which,"ஊடலில் தோற்றவரே வெற்றி பெற்றவர் ஆவர், அந்த உண்மை,ஊடல் முடிந்த பின் கூடிமகிழும் நிலையில் காணப்படும்.",ஊடல் என்கிற இனிய போரில் தோற்றவர்தான் வெற்றி பெற்றவராவார் இந்த உண்மை ஊடல் முடிந்து கூடிமகிழும் போது உணரப்படும்,,,
1329,133,time_season,time_season:night,light_fire:ஒளி*,light_fire:தீ ; time_season:இரவு,1,ஊடுக மன்னோ ஒளியிழை யாமிரப்ப / நீடுக மன்னோ இரா.,Sulk on O belle of shining jewels! Prolong O night! our delight swells!,"May the bright-jewelled one feign dislike, and may the night be prolonged for me to implore her!","காதலி இன்னும் ஊடுவாளாக, அந்த ஊடலைத் தணிக்கும் பொருட்டு யாம் இரந்து நிற்குமாறு இராக்காலம் இன்னும் நீட்டிப்பதாக.",ஒளி முகத்தழகி ஊடல் புரிவாளாக; அந்த ஊடலைத் தீர்க்கும் பொருட்டு நான் அவளிடம் இரந்து நிற்கும் இன்பத்தைப் பெறுவதற்கும் இராப்பொழுது இன்னும் நீடிப்பதாக,,,
