volume,section_id,section_title,stanza_no,categories,strong_terms,weak_terms,text,source_url,label,science_concept,notes
1,T156,001. திருவடிப் புகழ்ச்சி,6,light_physics,light_physics:கிரண,,பரமபோ தம்போத ரகிதசகி தம்சம்ப வாதீத மப்பிரமேயம் / பகரனந் தானந்தம் அமலமுசி தம்சிற்ப தம்சதா னந்தசாரம் / பரையாதி கிரணாங்க சாங்கசௌ பாங்கவிம் பாகார நிருவிகற்பம் / பரசுகா ரம்பம்ப ரம்பிரம வித்தம்ப ரானந்த புரணபோகம்,https://www.thiruarutpa.org/thirumurai/v/T156/tm/thiruvatip_pukazssi,N,,silver-unverified
1,T156,001. திருவடிப் புகழ்ச்சி,10,sun_moon_stars,sun_moon_stars:சந்திர,,சாமகீ தப்பிரியன் மணிகண்ட சீகண்ட சசிகண்ட சாமகண்ட / சயசய வெனுந்தொண்ட ரிதயமலர் மேவிய சடாமகுடன் மதனதகனன் / சந்திரசே கரனிடப வாகனன் கங்கா தரன்சூல பாணியிறைவன் / தனிமுத லுமாபதி புராந்தகன் பசுபதி சயம்புமா தேவனமலன்,https://www.thiruarutpa.org/thirumurai/v/T156/tm/thiruvatip_pukazssi,N,,silver-unverified
1,T157,002. விண்ணப்பக் கலிவெண்பா,364,space_elements,space_elements:வாயு,,மந்திரத்தை உச்சரியா வாயுடையேன் என்போலத் / தந்திரத்தில் கைதேர்ந் தவரில்லை - எந்தைஇனி,https://www.thiruarutpa.org/thirumurai/v/T157/tm/vinnappak_kalivenpaa,N,,silver-unverified
1,T158,003. நெஞ்சறிவுறுத்தல்,16,cosmos,cosmos:அண்ட,,அண்டமாய் அண்டத் தணுவாய் அருளகண்டா / கண்டமாய் ஆனந்தா காரமதாய் - அண்டத்தின்,https://www.thiruarutpa.org/thirumurai/v/T158/tm/n-enjsarivuruththal,A,mystic-cosmological statement (unverified),silver-unverified
1,T158,003. நெஞ்சறிவுறுத்தல்,60,cosmos|atom_smallest,"cosmos:அண்டங்க,அண்ட ; atom_smallest:அணுவ",,அண்டங்கள் எல்லாம் அணுவில் அடைத்தருளித் / திண்டங்கு மாறிருத்தும் சித்தனெவன் - பண்டங்கு,https://www.thiruarutpa.org/thirumurai/v/T158/tm/n-enjsarivuruththal,A,macro-in-micro: all universes enclosed within an atom,silver-unverified
1,T158,003. நெஞ்சறிவுறுத்தல்,61,cosmos,cosmos:அண்ட,,வீயாச் சிறுபெண் விளையாட்டுள் அண்டமெலாம் / தேயாது கூட்டுவிக்கும் சித்தனெவன் - யாயாதும்,https://www.thiruarutpa.org/thirumurai/v/T158/tm/n-enjsarivuruththal,M,,silver-unverified
1,T158,003. நெஞ்சறிவுறுத்தல்,73,cosmos,cosmos:அண்ட,,மெய்வைத்த வேர்வையினும் வீழ்நிலத்தும் அண்டத்தும் / செய்வித்தங் கூட்டுவிக்கும் சித்தனெவன் - உய்விக்கும்,https://www.thiruarutpa.org/thirumurai/v/T158/tm/n-enjsarivuruththal,M,,silver-unverified
1,T158,003. நெஞ்சறிவுறுத்தல்,117,cosmos,cosmos:அண்ட,,தாம்வாழ அண்ட சராசரங்கள் தாம்வாழ / நாம்வாழத் தன்னுரையாம் நான்மறைகள் - தாம்வாழச்,https://www.thiruarutpa.org/thirumurai/v/T158/tm/n-enjsarivuruththal,M,,silver-unverified
1,T158,003. நெஞ்சறிவுறுத்தல்,137,cosmos,cosmos:உலகங்கள்,,தங்கும் உலகங்கள் சாயாமற் செஞ்சடைமேல் / கங்கைதனைச் சேர்த்த கடவுளெவன் - எங்குறினும்,https://www.thiruarutpa.org/thirumurai/v/T158/tm/n-enjsarivuruththal,M,,silver-unverified
1,T158,003. நெஞ்சறிவுறுத்தல்,208,sun_moon_stars,sun_moon_stars:திங்கள்,,கங்கைச் சடையழகும் காதன்மிகும் அச்சடைமேல் / திங்கட் கொழுந்தின் திருவழகும் - திங்கள்தன்மேல்,https://www.thiruarutpa.org/thirumurai/v/T158/tm/n-enjsarivuruththal,M,,silver-unverified
1,T158,003. நெஞ்சறிவுறுத்தல்,222,cosmos,cosmos:அண்ட,,தானோங்கும் அண்டமெலாம் சத்தமுறக் கூவுமொரு / மானோங்கும் செங்கை மலரழகும் - ஊனோங்கும்,https://www.thiruarutpa.org/thirumurai/v/T158/tm/n-enjsarivuruththal,M,,silver-unverified
1,T158,003. நெஞ்சறிவுறுத்தல்,283,cosmos,cosmos:அண்ட,,கண்டோரைக் கவ்வுங் கடுஞ்சுணங்கன் என்பனது / கொண்டோரைக் கண்டால் குலையாதே - அண்டார்க்கும்,https://www.thiruarutpa.org/thirumurai/v/T158/tm/n-enjsarivuruththal,N,,silver-unverified
1,T158,003. நெஞ்சறிவுறுத்தல்,344,cosmos,cosmos:அண்ட,,கண்டால் நமதாசை கைவிடுவார் என்றதனைத் / தண்டா தொளித்திடவும் சார்ந்தனையே - அண்டாது,https://www.thiruarutpa.org/thirumurai/v/T158/tm/n-enjsarivuruththal,N,,silver-unverified
1,T158,003. நெஞ்சறிவுறுத்தல்,451,space_elements,space_elements:வாயு,,மெய்யுலர்ந்து நீரின் விழியுலர்ந்து வாயுலர்ந்து / கையுலர்ந்து நிற்பவரைக் கண்டிலையோ - மெய்யுலர்ந்தும்,https://www.thiruarutpa.org/thirumurai/v/T158/tm/n-enjsarivuruththal,N,,silver-unverified
1,T158,003. நெஞ்சறிவுறுத்தல்,469,cosmos,"cosmos:அண்டம்,அண்ட",,பறையோசை அண்டம் படீரென் றொலிக்க / மறையோசை யன்றே மறந்தாய் - இறையோன்,https://www.thiruarutpa.org/thirumurai/v/T158/tm/n-enjsarivuruththal,M,,silver-unverified
1,T158,003. நெஞ்சறிவுறுத்தல்,526,cosmos,cosmos:பிரபஞ்ச,,கற்பனையில் காய்ப்புளதாய்க் காட்டும் பிரபஞ்சக் / கற்பனையை மெய்யென்று கண்டனையே - பற்பலவாம்,https://www.thiruarutpa.org/thirumurai/v/T158/tm/n-enjsarivuruththal,A,mystic-cosmological statement (unverified),silver-unverified
1,T158,003. நெஞ்சறிவுறுத்தல்,580,cosmos,cosmos:அண்ட,,அண்டமென்றும் அண்டத் தசைவும் அசைவுமலாப் / பண்டமென்றும் சொல்பவெலாம் பன்முகங்கள் - கொண்டிருந்த,https://www.thiruarutpa.org/thirumurai/v/T158/tm/n-enjsarivuruththal,A,mystic-cosmological statement (unverified),silver-unverified
1,T158,003. நெஞ்சறிவுறுத்தல்,607,atom_smallest,atom_smallest:அணுவ,,ஈண்டோர் அணுவாய் இருந்தநீ எண்டிசைபோல் / நீண்டாய் இஃதோர் நெறியன்றே - வேண்டாநீ,https://www.thiruarutpa.org/thirumurai/v/T158/tm/n-enjsarivuruththal,A,scale: entity that was atom-sized extends across the eight directions,silver-unverified
1,T158,003. நெஞ்சறிவுறுத்தல்,616,vibration_sound,vibration_sound:நாதம்,,போதம் சுகமென்றும் பொன்றல்சுகம் என்றும்விந்து / நாதம் சுகமென்றும் நாம்பொருளென் - றோதலஃ,https://www.thiruarutpa.org/thirumurai/v/T158/tm/n-enjsarivuruththal,M,,silver-unverified
1,T158,003. நெஞ்சறிவுறுத்தல்,680,space_elements,space_elements:பூதங்கள்,,தஞ்சம் தருமலரோன் தத்துவமாம் பூதங்கள் / ஐஞ்சும் பொறியஞ்சும் அஞ்சறிவும் - அஞ்செனுமோர்,https://www.thiruarutpa.org/thirumurai/v/T158/tm/n-enjsarivuruththal,M,,silver-unverified
1,T158,003. நெஞ்சறிவுறுத்தல்,685,cosmos,cosmos:அண்ட,,கண்டதுவென் றொன்றும் கலவாது தாம்கலந்து / கொண்டசிவ யோகியராம் கொற்றவரும் - அண்டரிய,https://www.thiruarutpa.org/thirumurai/v/T158/tm/n-enjsarivuruththal,N,,silver-unverified
1,T159,004. சிவநேச வெண்பா,11,cosmos,"cosmos:அண்டங்க,அண்ட",,அண்டங்க ளோஅவற்றின் அப்பாலோ இப்பாலோ / பண்டங்க ளோசிற் பரவெளியோ - கண்தங்க / வெம்பெருமால் நீத்தவர்தம் மெய்யுளமோ தையலொடும் / எம்பெருமான் நீவாழ் இடம்.,https://www.thiruarutpa.org/thirumurai/v/T159/tm/sivan-eesa_venpaa,A,mystic-cosmological statement (unverified),silver-unverified
1,T159,004. சிவநேச வெண்பா,12,cosmos,cosmos:அண்ட,,பூதமெங்கே மற்றைப் புலனெங்கே பல்லுயிரின் / பேதமெங்கே அண்டமெனும் பேரெங்கே - நாதமெங்கே / மன்வடிவ மெங்கே மறையெங்கே வான்பொரு­ / பொன்வடிவம் கொள்ளாத போது.,https://www.thiruarutpa.org/thirumurai/v/T159/tm/sivan-eesa_venpaa,M,,silver-unverified
1,T159,004. சிவநேச வெண்பா,13,cosmos,cosmos:அண்ட,light_generic:சோதி,பேருருவோ சோதிப் பிழம்பாகும் சின்மயத்தின் / சீருருவோ தேவர் திருவுருவம் - நேருருவில் / சால்புறச்சேர் அண்ட சராசரங்கள் எல்லாம்நும் / கால்விரற்பால் நின்றொடுங்குங் கால்.,https://www.thiruarutpa.org/thirumurai/v/T159/tm/sivan-eesa_venpaa,A,mystic-cosmological statement (unverified),silver-unverified
1,T159,004. சிவநேச வெண்பா,79,cosmos,cosmos:அண்ட,,மாலெங்கே வேதனுயர் வாழ்வெங்கே இந்திரன்செங் / கோலெங்கே வானோர் குடியெங்கே - கோலஞ்சேர் / அண்டமெங்கே அவ்வவ் வரும்பொருளெங் கேநினது / கண்டமங்கே நீலமுறாக் கால்.,https://www.thiruarutpa.org/thirumurai/v/T159/tm/sivan-eesa_venpaa,M,,silver-unverified
1,T160,005. மகாதேவ மாலை,12,cosmos,"cosmos:அண்டங்க,அண்ட,பிண்டம்",,அண்டங்கள் பலவாகி அவற்றின் மேலும் / அளவாகி அளவாத அதீத மாகிப் / பிண்டங்கள் அனந்தவகை யாகிப் பிண்டம் / பிறங்குகின்ற பொருளாகிப் பேதந் தோற்றும் / பண்டங்கள் பலவாகி இவற்றைக் காக்கும் / பதியாகி ஆனந்தம் பழுத்துச் சாந்தம் / கொண்டெங்கும் நிழல்பரப்பித் தழைந்து ஞானக் / கொழுங்கடவுள் தருவாகிக் குலவுந் தேவே.,https://www.thiruarutpa.org/thirumurai/v/T160/tm/makaatheeva_maalai,A,mystic-cosmological statement (unverified),silver-unverified
1,T160,005. மகாதேவ மாலை,21,sun_moon_stars,sun_moon_stars:சந்திர,,மந்திரமாய்ப் பதமாகி வன்ன மாகி / வளர்கலையாய்த் தத்துவமாய்ப் புவன மாகிச் / சந்திரனாய் இந்திரனாய் இரவி யாகித் / தானவராய் வானவராய்த் தயங்கா நின்ற / தந்திரமாய் இவையொன்றும் அல்ல வாகித் / தானாகித் தனதாகித் தானான் காட்டா / அந்தரமாய் அப்பாலாய் அதற்கப் பாலாய் / அப்பாலுக் கப்பாலாய் அமர்ந்த தேவே.,https://www.thiruarutpa.org/thirumurai/v/T160/tm/makaatheeva_maalai,A,mystic-cosmological statement (unverified),silver-unverified
1,T160,005. மகாதேவ மாலை,36,space_elements,space_elements:பெருவெளி,light_generic:பிரகாச,அருளருவி வழிந்துவழிந் தொழுக ஓங்கும் / ஆனந்தத் தனிமலையே அமல வேதப் / பொருளளவு நிறைந்தவற்றின் மேலும் ஓங்கிப் / பொலிகின்ற பரம்பொருளே புரண மாகி / இருளறுசிற் பிரகாச மயமாஞ் சுத்த / ஏகாந்தப் பெருவெளிக்குள் இருந்த வாழ்வே / தெருளளவும் உளமுழுதுங் கலந்து கொண்டு / தித்திக்குஞ் செழுந்தேனே தேவ தேவே.,https://www.thiruarutpa.org/thirumurai/v/T160/tm/makaatheeva_maalai,M,,silver-unverified
1,T160,005. மகாதேவ மாலை,39,light_physics,light_physics:கிரண,,தண்ணமுத மதிகுளிர்ந்த கிரணம் வீசத் / தடம்பொழிற்பூ மணம்வீசத் தென்றல் வீச / எண்ணமுதப் பளிக்குநிலா முற்றத் தேஇன் / இசைவீசத் தண்பனிநீர் எடுத்து வீசப் / பெண்ணமுதம் அனையவர்விண் ணமுதம் ஊட்டப் / பெறுகின்ற சுகமனைத்தும் பிற்பட் டோடக் / கண்ணமுதத் துடம்புயிர்மற் றனைத்தும் இன்பங் / கலந்துகொளத் தருங்கருணைக் கடவுள் தேவே.,https://www.thiruarutpa.org/thirumurai/v/T160/tm/makaatheeva_maalai,O,moonlight described as cool rays,silver-unverified
1,T160,005. மகாதேவ மாலை,40,light_physics,light_physics:கதிர்,light_generic:சோதி,சுழியாத அருட்கருணைப் பெருக்கே என்றுந் / தூண்டாத மணிவிளக்கின் சோதி யேவான் / ஒழியாது கதிர்பரப்புஞ் சுடரே அன்பர்க் / கோவாத இன்பருளும் ஒன்றே விண்ணோர் / விழியாலும் மொழியாலும் மனத்தி னாலும் / விழைதருமெய்த் தவத்தாலும் விளம்பும் எந்த / வழியாலும் கண்டுகொளற் கரிதாய்ச் சுத்த / மவுனவெளி யூடிருந்து வயங்கும் தேவே.,https://www.thiruarutpa.org/thirumurai/v/T160/tm/makaatheeva_maalai,M,,silver-unverified
1,T160,005. மகாதேவ மாலை,44,cosmos,cosmos:அண்ட,,அண்டமெலாம் கண்ணாகக் கொளினும் காண்டற் / கணுத்துணையும் கூடாவென் றனந்த வேதம் / விண்டலறி ஓலமிட்டுப் புலம்ப மோன / வெளிக்குள்வெளி யாய்நிறைந்து விளங்கும் ஒன்றே / கண்டவடி வாய்அகண்ட மயமாய் எங்கும் / கலந்துநின்ற பெருங்கருணைக் கடவு ளேஎம் / சண்டவினைத் தொடக்கறச்சின் மயத்தைக் காட்டும் / சற்குருவே சிவகுருவே சாந்தத் தேவே.,https://www.thiruarutpa.org/thirumurai/v/T160/tm/makaatheeva_maalai,A,mystic-cosmological statement (unverified),silver-unverified
1,T160,005. மகாதேவ மாலை,55,cosmos|atom_smallest,"cosmos:அண்டங்க,அண்ட ; atom_smallest:அணுவ",,பேராய அண்டங்கள் பலவும் பிண்ட / பேதங்கள் பற்பலவும் பிண்டாண் டத்தின் / வாராய பலபொருளும் கடலும் மண்ணும் / மலையுளவும் கடலுளவும் மணலும் வானும் / ஊராத வான்மீனும் அணுவும் மற்றை / உள்ளனவும் அளந்திடலாம் ஓகோ உன்னை / ஆராலும் அளப்பரிதென் றனந்த வேதம் / அறைந்திளைக்க அதிதூர மாகுந் தேவே.,https://www.thiruarutpa.org/thirumurai/v/T160/tm/makaatheeva_maalai,A,mystic-cosmological statement (unverified),silver-unverified
1,T160,005. மகாதேவ மாலை,62,atom_smallest,atom_smallest:அணுத்துணை,,பாயிரமா மறைஅனந்தம் அனந்தம் இன்னும் / பார்த்தளந்து காண்டும்எனப் பல்கான் மேவி / ஆயிரமா யிரமுகங்க ளாலும் பன்னாள் / அளந்தளந்தோர் அணுத்துணையும் அளவு காணா / தேயிரங்கி அழுதுசிவ சிவவென் றேங்கித் / திரும்பஅருட் பரவெளிவாழ் சிவமே ஈன்ற / தாயிரங்கி வளர்ப்பதுபோல் எம்போல் வாரைத் / தண்ணருளால் வளர்த்தென்றும் தாங்குந் தேவே.,https://www.thiruarutpa.org/thirumurai/v/T160/tm/makaatheeva_maalai,M,,silver-unverified
1,T160,005. மகாதேவ மாலை,63,cosmos,"cosmos:அண்டம்,அண்ட",,அந்தரமிங் கறிவோமற் றதனில் அண்டம் / அடுக்கடுக்காய் அமைந்தஉள வறிவோம் ஆங்கே / உந்துறும்பல் பிண்டநிலை அறிவோஞ் சீவன் / உற்றநிலை அறிவோமற் றனைத்து நாட்டும் / எந்தைநின தருள்விளையாட் டந்தோ அந்தோ / எள்ளளவும் அறிந்திலோம் என்னே என்று / முந்தனந்த மறைகளெலாம் வழுத்த நின்ற / முழுமுதலே அன்பர்குறை முடிக்கும் தேவே.,https://www.thiruarutpa.org/thirumurai/v/T160/tm/makaatheeva_maalai,A,layered/stacked universes,silver-unverified
1,T160,005. மகாதேவ மாலை,67,space_elements,space_elements:பெருவெளி,,பொதுவென்றும் பொதுவில்நடம் புரியா நின்ற / பூரணசிற் சிவமென்றும் போதா னந்த / மதுவென்றும் பிரமமென்றும் பரம மென்றும் / வகுக்கின்றோர் வகுத்திடுக அதுதான் என்றும் / இதுவென்றும் சுட்டவொணா ததனால் சும்மா / இருப்பதுவே துணிவெனக்கொண் டிருக்கின் றோரை / விதுவென்ற141 தண்ணளியால் கலந்து கொண்டு / விளங்குகின்ற பெருவெளியே விமலத் தேவே.,https://www.thiruarutpa.org/thirumurai/v/T160/tm/makaatheeva_maalai,M,,silver-unverified
1,T160,005. மகாதேவ மாலை,81,space_elements,space_elements:அருள்வெளி,,அருள்வெளியில் ஆனந்த வடிவி னால்நின் / றாடுகின்ற பெருவாழ்வே அரசே இந்த / மருள்வலையில் அகப்பட்ட மனத்தால் அந்தோ / மதிகலங்கி மெய்ந்நிலைக்கோர் வழிகா ணாதே / இருள்நெறியில் கோலிழந்த குருட்டூ மன்போல் / எண்ணாதெல் லாம்எண்ணி ஏங்கி ஏங்கி / உருள்சகடக் கால்போலுஞ் சுழலா நின்றேன் / உய்யும்வகை அறியேனிவ் வொதிய னேனே.,https://www.thiruarutpa.org/thirumurai/v/T160/tm/makaatheeva_maalai,M,,silver-unverified
1,T160,005. மகாதேவ மாலை,141,sun_moon_stars,sun_moon_stars:சந்திர,,விது - சந்திரன். ஈண்டு இரண்டன் உருபுவிரிக்க. தொ.வே.,https://www.thiruarutpa.org/thirumurai/v/T160/tm/makaatheeva_maalai,N,,silver-unverified
1,T161,006. திருவருண் முறையீடு,3,cosmos,cosmos:அண்ட,,தண்டாத சஞ்சலங் கொண்டேன் நிலையைஇத் தாரணியில் / கண்டார் இரங்குவர் கேட்டார் உருகுவர் கங்கைதிங்கள் / துண்டார் மலர்ச்சடை எந்தாய் இரங்கிலை தூய்மையிலா / அண்டார் பிழையும் பொறுப்போய் இதுநின் அருட்கழகே.,https://www.thiruarutpa.org/thirumurai/v/T161/tm/thiruvarun_muraiyiitu,N,,silver-unverified
1,T161,006. திருவருண் முறையீடு,11,space_elements,space_elements:வாயு,,தேன்சொல்லும் வாயுமை பாகாநின் தன்னைத் தெரிந்தடுத்தோர் / தான்சொல்லுங் குற்றங் குணமாகக் கொள்ளுந் தயாளுவென்றே / நான்சொல்வ தென்னைபொன் நாண்சொல்லும் வாணிதன் நாண்சொல்லும்அவ் / வான்சொல்லும் எம்மலை மான்சொல்லும் கைம்மலை மான்சொல்லுமே.,https://www.thiruarutpa.org/thirumurai/v/T161/tm/thiruvarun_muraiyiitu,N,,silver-unverified
1,T161,006. திருவருண் முறையீடு,18,atom_smallest,atom_smallest:அணுவ,,என்போன் மனிதரை ஏன்அடுப் பேன்எனக் கெய்ப்பில்வைப்பாம் / பொன்போல் விளங்கும் புரிசடை யான்றனைப் போயடுத்தேன் / துன்போர் அணுவும் பெறேன்இனி யான்என்று சொல்லிவந்தேன் / முன்போல் பராமுகஞ் செய்யேல் அருளுக முக்கணனே.,https://www.thiruarutpa.org/thirumurai/v/T161/tm/thiruvarun_muraiyiitu,M,,silver-unverified
1,T161,006. திருவருண் முறையீடு,31,space_elements,space_elements:வாயு,,ஏட்டாலுங் கேளயல் என்பாரை நான்சிரித் தென்னைவெட்டிப் / போட்டாலும் வேறிடம் கேளேன்என் நாணைப் புறம்விடுத்துக் / கேட்டாலும் என்னை உடையா னிடஞ்சென்று கேட்பனென்றே / நீட்டாலும் வாயுரைப் பாட்டாலுஞ் சொல்லி நிறுத்துவனே.,https://www.thiruarutpa.org/thirumurai/v/T161/tm/thiruvarun_muraiyiitu,N,,silver-unverified
1,T161,006. திருவருண் முறையீடு,51,cosmos,cosmos:அண்ட,,சிற்பர மேஎஞ் சிவமே திருவருள் சீர்மிகுந்த / கற்பக மேஉனைச் சார்ந்தோர்க் களிக்குநின் கைவழக்கம் / அற்பமன் றேபல அண்டங் களின்அடங் காததென்றே / நற்பர ஞானிகள் வாசகத் தால்கண்டு நாடினனே.,https://www.thiruarutpa.org/thirumurai/v/T161/tm/thiruvarun_muraiyiitu,M,,silver-unverified
1,T161,006. திருவருண் முறையீடு,72,cosmos,"cosmos:அண்டங்க,அண்ட",,அண்டங்கண் டானும் அளந்தானும் காண்டற் கரியவநின் / கண்டங்கண் டார்க்குஞ் சடைமேல் குறைந்த கலைமதியின் / துண்டங்கண் டார்க்கும் பயமுள தோஎனச் சூழ்ந்தடைந்தேன் / தொண்டன்கண் டாள்பல தெண்டன்கண் டாய்நின் துணையடிக்கே.,https://www.thiruarutpa.org/thirumurai/v/T161/tm/thiruvarun_muraiyiitu,M,,silver-unverified
1,T161,006. திருவருண் முறையீடு,100,space_elements,space_elements:காற்று,,காற்றுக்கு மேல்விட்ட பஞ்சாகி உள்ளம் கறங்கச்சென்றே / சோற்றுக்கு மேற்கதி இன்றென வேற்றகந் தோறும்உண்போர் / தூற்றுக்கு மேல்பெருந் தூறிலை ஆங்கென் துயரமெனும் / சேற்றுக்கு மேல்பெருஞ் சேறிலை காண்அருட் செவ்வண்ணனே.,https://www.thiruarutpa.org/thirumurai/v/T161/tm/thiruvarun_muraiyiitu,M,,silver-unverified
1,T161,006. திருவருண் முறையீடு,137,space_elements,space_elements:வாயு,,பொய்வந்த வாயும் புலைவந்த செய்கையும் புன்மையெல்லாம் / கைவந்த நெஞ்சமும் கண்டேன் இனிநற் கனிவுடன்யான் / மெய்வந்த வாயும் விதிவந்த செய்கையும் வீறன்பினால் / தைவந்த நெஞ்சமும் காண்பதென் றோசெஞ் சடைக்கனியே.,https://www.thiruarutpa.org/thirumurai/v/T161/tm/thiruvarun_muraiyiitu,N,,silver-unverified
1,T161,006. திருவருண் முறையீடு,158,sun_moon_stars,"sun_moon_stars:சூரிய,சந்திர",,கனல் - அக்கினி. இனன் - சூரியன். இந்து - சந்திரன். ச. மு. க.,https://www.thiruarutpa.org/thirumurai/v/T161/tm/thiruvarun_muraiyiitu,N,,silver-unverified
1,T127,007. வடிவுடை மாணிக்க மாலை,44,cosmos,cosmos:அண்ட,,அண்டாரை வென்றுல காண்டுமெய்ஞ் ஞானம் அடைந்துவிண்ணில் / பண்டாரை சூழ்மதி போலிருப் போர்கள்நின் பத்தர்பதம் / கண்டாரைக் கண்டவர் அன்றோ திருவொற்றிக் கண்ணுதல்சேர் / வண்டாரை வேலன்ன மானே வடிவுடை மாணிக்கமே.,https://www.thiruarutpa.org/thirumurai/v/T127/tm/vativutai_maanikka_maalai,N,,silver-unverified
1,T127,007. வடிவுடை மாணிக்க மாலை,50,cosmos,cosmos:அண்ட,,பன்னும்பல் வேறண்டம் எல்லாம்அவ் அண்டப் பரப்பினின்று / துன்னும் சராசரம் யாவையும் ஈன்றது சூழ்ந்தும்உன்னை / இன்னும் இளந்தை அழியாத கன்னிகை என்பதென்னே / மன்னும் சுகாநந்த வாழ்வே வடிவுடை மாணிக்கமே.,https://www.thiruarutpa.org/thirumurai/v/T127/tm/vativutai_maanikka_maalai,A,mystic-cosmological statement (unverified),silver-unverified
1,T150,008. இங்கித மாலை,76,light_physics,light_physics:கிரண,,நாலா ரணஞ்சூ ழொற்றியுளீர் நாகம் வாங்க லென்னென்றேன் / காலாங் கிரண்டிற் கட்டவென்றார் கலைத்தோல் வல்லீர் நீரென்றேன் / வேலார் விழிமாப் புலித்தோலும் வேழத் தோலும் வல்லேமென் / றேலா வமுத முகுக்கின்றா ரிதுதான் சேடி யென்னேடீ.,https://www.thiruarutpa.org/thirumurai/v/T150/tm/ingkitha_maalai,N,,silver-unverified
1,T150,008. இங்கித மாலை,135,light_physics,light_physics:கிரண,,காவா யொற்றிப் பதியுடையீர் கல்லா னைக்குக் கரும்பன்று / தேவாய் மதுரை யிடத்தளித்த சித்த ரலவோ நீரென்றேன் / பாவா யிருகல் லானைக்குப் பரிவிற் கரும்பிங் கிரண்டொருநீ / யீவா யிதுசித் தென்கின்றா ரிதுதான் சேடி யென்னேடீ.,https://www.thiruarutpa.org/thirumurai/v/T150/tm/ingkitha_maalai,N,,silver-unverified
2,T73,002. அருள் நாம விளக்கம்,10,sun_moon_stars,sun_moon_stars:நிலவு,,நிலவும் ஒண்மதி முகத்தியர்க் குழன்றாய் / நீச நெஞ்சர்தம் நெடுங்கடை தனிற்போய் / இலவு காத்தனை என்னைநின் மதியோ / எழில்கொள் ஒற்றியூர்க் கென்னுடன் போந்து / பலவும் ஆய்ந்துநன் குண்மையை உணர்ந்த / பத்தர் உள்ளகப் பதுமங்கள் தோறும் / உலவும் ஓம்சிவ சண்முக சிவஓம் / ஓம்சி வாயஎன் றுன்னுதி மனனே.,https://www.thiruarutpa.org/thirumurai/v/T73/tm/arul_n-aama_vilakkam,M,,silver-unverified
2,T75,004. நமச்சிவாய ஸங்கீர்த்தன லகிரி,2,cosmos,cosmos:அண்ட,light_generic:ஒளி,அட்ட மூர்த்தம தாகிய பொருளை / அண்டர் ஆதியோர் அறிகிலாத் திறத்தை / விட்ட வேட்கையர்க் கங்கையில் கனியை / வேத மூலத்தை வித்தக விளைவை / எட்ட ரும்பர மானந்த நிறைவை / எங்கும் ஆகிநின் றிலங்கிய ஒளியை / நட்டம் ஆடிய நடனநா யகத்தை / நமச்சி வாயத்தை நான்மற வேனே.,https://www.thiruarutpa.org/thirumurai/v/T75/tm/n-amassivaaya_sangkiirththana_lakiri,N,,silver-unverified
2,T75,004. நமச்சிவாய ஸங்கீர்த்தன லகிரி,6,cosmos,"cosmos:அண்டங்க,அண்ட",,திக்கு மாறினும் எழுகடல் புவிமேல் / சென்று மாறினும் சேண்விளங் கொளிகள் / உக்கு மாறினும் பெயல்இன்றி உலகில் / உணவு மாறினும் புவிகளோர் ஏழும் / மிக்கு மாறினும் அண்டங்கள் எல்லாம் / விழுந்து மாறினும் வேதங்கள் உணரா / நக்கன் எம்பிரான் அருள்திருப் பெயராம் / நமச்சி வாயத்தை நான்மற வேனே.,https://www.thiruarutpa.org/thirumurai/v/T75/tm/n-amassivaaya_sangkiirththana_lakiri,A,even if all universes collapse and dissolve,silver-unverified
2,T89,005. நற்றுணை விளக்கம்,5,sun_moon_stars,sun_moon_stars:கதிரவ,,ஓடு கின்றனன் கதிரவன் அவன்பின் / ஓடு கின்றன ஒவ்வொரு நாளாய் / வீடு கின்றன என்செய்வோம் இனிஅவ் / வெய்ய கூற்றுவன் வெகுண்டிடில் என்றே / வாடு கின்றனை அஞ்சலை நெஞ்சே / மார்க்கண் டேயர்தம் மாண்பறிந் திலையோ / நாடு கின்றவர் நாதன்தன் நாமம் / நமச்சி வாயம்காண் நாம்பெறும் துணையே.,https://www.thiruarutpa.org/thirumurai/v/T89/tm/n-arrunai_vilakkam,O,sun's daily course; each day follows and ends behind it,silver-unverified
2,T76,006. திருவருள் வழக்க விளக்கம்,5,sun_moon_stars,sun_moon_stars:கிரக,,நாட்டில் புகழ்பெற்ற நாவுக் கரசர்முன் நாள்பதிகப் / பாட்டிற் கிரக்கம்இல் லீர்எம் பிரான்எனப் பாடஅன்றே / ஆட்டிற் கிசைந்த மலர்வாழ்த்தி வேதம் அமைத்தமறைக் / காட்டில் கதவம் திறந்தன ரால்எம் கடவுளரே.,https://www.thiruarutpa.org/thirumurai/v/T76/tm/thiruvarul_vazakka_vilakkam,N,,silver-unverified
2,T67,019. அருள்விடை வேட்கை,8,sun_moon_stars,sun_moon_stars:நிலவு,,சுலவு காற்றனல் தூயமண் விண்புனல் / பலவு மாகும்ப டம்பக்க நாதரே / நிலவு தண்மதி நீள்முடி வைத்தநீர் / குலவும் என்றன்கு றைதவிர்க் கீர்கொலோ.,https://www.thiruarutpa.org/thirumurai/v/T67/tm/arulvitai_veetkai,A,mystic-cosmological statement (unverified),silver-unverified
2,T70,022. திருப்புகழ் விலாசம்,1,sun_moon_stars,sun_moon_stars:திங்கள்,,துங்க வெண்பொடி அணிந்துநின் கோயில் / தொழும்பு செய்துநின் துணைப்பதம் ஏத்திச் / செங்கண் மால்அயன் தேடியும் காணாச் / செல்வ நின்அருள் சேர்குவ தென்றோ / எங்கள் உள்ளுவந் தூறிய அமுதே / இன்ப மேஇமை யான்மகட் கரசே / திங்கள் தங்கிய சடையுடை மருந்தே / திகழும் ஒற்றியூர்ச் சிவபெரு மானே.,https://www.thiruarutpa.org/thirumurai/v/T70/tm/thiruppukaz_vilaasam,M,,silver-unverified
2,T71,024. தியாக வண்ணப் பதிகம்,4,light_physics,light_physics:கதிர்,,மன்னும் கதிர்வேல் மகனா ரோடும் மலையா ளொடும்தான் வதிகின்ற / துன்னும் கோலம் கண்டு களிப்பான் துதிக்கும் எமக்கொன் றருளானேல் / மின்னும் சூலப் படையான் விடையான் வெள்ளிமலையொன் றதுஉடையான் / பின்னும் சடையான் ஒற்றித் தியாகப் பெருமான் பிச்சைப் பெருமானே.,https://www.thiruarutpa.org/thirumurai/v/T71/tm/thiyaaka_vannap_pathikam,N,,silver-unverified
2,T187,033. எதிர்கொள் பத்து,8,cosmos,"cosmos:அண்டம்,அண்ட",,பெண்ணமர் பாகனைப் பேரரு ளோனைப் / பெரியவர்க் கெல்லாம்பெ ரியவன் தன்னைக் / கண்ணமர் நெற்றிக் கடவுள்பி ரானைக் / கண்ணனை ஆண்டமுக் கண்ணனை எங்கள் / பண்ணமர் பாடல்ப ரிசளித் தானைப் / பார்முதல் அண்டம்ப டைத்தளிப் பானை / எண்அம ராதஎ ழிலுடை யானை / இன்றைஇ ரவில்எ திர்ந்துகொள் வேனே.,https://www.thiruarutpa.org/thirumurai/v/T187/tm/ethirkol_paththu,M,,silver-unverified
2,T82,035. நெஞ்சறை கூவல்,2,cosmos,"cosmos:அண்டங்க,அண்ட",,கரிய மாலன்று கரியமா வாகிக் / கலங்க நின்றபொன் கழல்புனை பதத்தார் / பெரிய அண்டங்கள் யாவையும் படைத்தும் / பித்தர் என்னும்அப் பேர்தனை அகலார் / உரிய சீர்கொளும் ஒற்றியூர் அமர்ந்தார் / உம்பர் நாயகர் தம்புயம் புனைய / வரிய கன்றநன் மலர்கொடு தெரிந்து / மாலை சூட்டுதும் வருதிஎன் மனனே.,https://www.thiruarutpa.org/thirumurai/v/T82/tm/n-enjsarai_kuuval,M,,silver-unverified
2,T81,036. நெஞ்சைத் தேற்றல்,5,sun_moon_stars,sun_moon_stars:நிலவு,,இலவு காக்கின்ற கிள்ளைபோல் உழன்றாய் / என்னை நின்மதி ஏழைநீ நெஞ்சே / பலவு வாழைமாக் கனிகனிந் திழியும் / பணைகொள் ஒற்றியூர்க் கென்னுடன் வருதி / நிலவு வெண்மதிச் சடையுடை அழகர் / நிறைய மேனியில் நிகழ்ந்தநீற் றழகர் / குலவு கின்றனர் வேண்டிய எல்லாம் / கொடுப்பர் வாங்கிநான் கொடுப்பன்உன் தனக்கே.,https://www.thiruarutpa.org/thirumurai/v/T81/tm/n-enjsaith_theerral,M,,silver-unverified
2,T83,039. பற்றின் திறம் பகர்தல்,3,cosmos,cosmos:அண்ட,,அண்டனை எண்தோள் அத்தனை ஒற்றி அப்பனை ஐயனை நீல / கண்டனை அடியர் கருத்தனைப் பூத கணத்தனைக் கருதிநின் றேத்தா / மிண்டரைப் பின்றா வெளிற்றரைவலிய வேற்றரைச் சீற்றரைப் பாபக் / குண்டரை வஞ்சக் குடியரைக் கண்டால் கூசுவ கூசுவ விழியே.,https://www.thiruarutpa.org/thirumurai/v/T83/tm/parrin_thiram_pakarthal,N,,silver-unverified
2,T97,048. வழிமொழி விண்ணப்பம்,4,sun_moon_stars,sun_moon_stars:கிரக,light_generic:விளக்க,இரக்கம் என்பதென் னிடத்திலை எனநீ / இகழ்தி யேல்அஃதி யல்புமற் றடியேன் / பரக்க நின்அருட் கிரக்கமே அடைந்தேன் / பார்த்தி லாய்கொலோ பார்த்தனை எனில்நீ / கரப்ப துன்றனக் கழகன்று கண்டாய் / காள கண்டனே கங்கைநா யகனே / திரக்கண் நெற்றியாய் ஒற்றியாய்த் தில்லைத் / திருச்சிற் றம்பலம் திகழ்ஒளி விளக்கே.,https://www.thiruarutpa.org/thirumurai/v/T97/tm/vazimozi_vinnappam,N,,silver-unverified
2,T99,050. ஆற்றா விண்ணப்பம்,4,cosmos,cosmos:அண்ட,,உண்டநஞ் சின்னும் கண்டம்விட் டகலா துறைந்தது நாடொறும் அடியேன் / கண்டனன் கருணைக் கடல்எனும் குறிப்பைக் கண்டுகண் டுளமது நெகவே / விண்டனன் என்னைக் கைவிடில் சிவனே விடத்தினும் கொடியன்நான் அன்றோ / அண்டர்கட் கரசே அம்பலத் தமுதே அலைகின்றேன் அறிந்திருந் தனையே.,https://www.thiruarutpa.org/thirumurai/v/T99/tm/aarraa_vinnappam,N,,silver-unverified
2,T101,051. இரங்கல் விண்ணப்பம்,8,atom_smallest,atom_smallest:அணுவ,,ஞான மென்பதின் உறுபொருள் அறியேன் / ஞானி அல்லன்நான் ஆயினும் கடையேன் / ஆன போதிலும் எனக்குநின் அருள்ஓர் / அணுவில் பாதியே ஆயினும் அடைந்தால் / வான மேவிய அமரரும் அயனும் / மாலும் என்முனம் வலியிலர் அன்றே / ஊனம் நீக்கிநல் அருள்தரும் பொருளே / ஒற்றி மேவிய உலகுடை யோனே.,https://www.thiruarutpa.org/thirumurai/v/T101/tm/irangkal_vinnappam,M,,silver-unverified
2,T104,052. காதல் விண்ணப்பம்,6,atom_smallest,atom_smallest:அணுத்துணை,,ஞானம்என் பதிலோர் அணுத்துணை யேனும் நண்ணிலேன் புண்ணியம் அறியேன் / ஈனம்என் பதனுக் கிறைஎனல் ஆனேன் எவ்வணம் உய்குவ தறியேன் / வானநா டவரும் பெறற்கரு நினது மலரடித் தொழும்புசெய் வேனோ / கானவேட் டுருவாம் ஒருவனே ஒற்றிக் கடவுளே கருணையங் கடலே.,https://www.thiruarutpa.org/thirumurai/v/T104/tm/kaathal_vinnappam,M,,silver-unverified
2,T108,054. கொடி விண்ணப்பம்,4,atom_smallest,atom_smallest:அணுத்துணை,,கூலி என்பதோர் அணுத்துணை யேனும் / குறித்தி லேன்அது கொடுக்கினும் கொள்ளேன் / மாலி னோடயன் முதலியர்க் கேவல் / மறந்தும் செய்திடேன் மன்உயிர்ப் பயிர்க்கே / ஆலி அன்னதாம் தேவரீர் கடைக்கண் / அருளை வேண்டினேன் அடிமைகொள் கிற்பீர் / சூலி ஓர்புடை மகிழ்ஒற்றி உடையீர் / தூய மால்விடைத் துவசத்தி னீரே.,https://www.thiruarutpa.org/thirumurai/v/T108/tm/koti_vinnappam,M,,silver-unverified
2,T110,058. கொடைமட விண்ணப்பம்,9,cosmos,"cosmos:அண்டங்க,அண்ட",,புண்ணிய னேஎமைப் போல்வார்க்கும் இன்பப் பொருள்அளிக்கும் / திண்ணிய னேநற் சிவஞான நெஞ்சில் தெளிந்தஅருள் / அண்ணிய னேகங்கை ஆறமர் வேணியில் ஆர்ந்தமதிக் / கண்ணிய னேபற் பலவாகும் அண்டங்கள் கண்டவனே.,https://www.thiruarutpa.org/thirumurai/v/T110/tm/kotaimata_vinnappam,M,,silver-unverified
2,T193,083. கலி விண்ணப்பம்,3,atom_smallest,atom_smallest:அணுத்துணை,,எல்லாம் தெரிந்த இறைவாநின் தண்ணருள் எய்துகிலாப் / பொல்லாத பாவிப் புலையேன் பிழையைப் பொறுத்தருள்வாய் / கல்லா மனக்கடை யாலே கடைவைத்துக் கண்டதுதுன் / பல்லால் அணுத்துணை யும்அறி யேன்இன்பம் ஆவதுவே.,https://www.thiruarutpa.org/thirumurai/v/T193/tm/kali_vinnappam,M,,silver-unverified
2,T196,089. பொதுத் தனித் திருவெண்பா,2,sun_moon_stars,sun_moon_stars:திங்கள்,,சங்கரா முக்கட் சயம்புவே தாழ்சடைமேல் / பொங்கராத் திங்கள் பொலிந்தோனே - வெங்கரா / வாய்நின்று பிள்ளை வரப்பாடும் வன்தொண்டர்க் / காய்நின்று சந்துரைத்த தார்.,https://www.thiruarutpa.org/thirumurai/v/T196/tm/pothuth_thanith_thiruvenpaa,M,,silver-unverified
2,T198,090. திருக்குறிப்பு நாட்டம்,1,space_elements,space_elements:காற்று,,ஆற்றுக் கேபிறைக் கீற்றுக் கேசடை / ஆக்கிச் சேவடி தூக்கி ஆருயிர்ப் / பேற்றுக்கே நடிப்பாய் மணிமன்றில் பெருந்தகையே / சோற்றுக் கேஇதஞ் சொல்லிப் பேதையர் / சூழல் வாய்த்துயர் சூழ்ந்து மேற்றிசைக் / காற்றுக்கே கறங்காய்ச் சுழன்றேனைக் கருதுதியோ.,https://www.thiruarutpa.org/thirumurai/v/T198/tm/thirukkurippu_n-aattam,M,,silver-unverified
2,T199,091. தனித் திருப்புலம்பல்,1,sun_moon_stars,sun_moon_stars:திங்கள்,,திங்கள் விளங்கும் சடைத்தருவைத் தீம்பாற் சுவையைச் செந்தேனைச் / செங்கை மருவும் செழுங்கனியைச் சீரார் முக்கட் செங்கரும்பை / மங்கை மலையாள் மணந்தபெரு வாழ்வைப் பவள மலைதன்னை / எங்கள் பெருமான் தனைஅந்தோ என்னே எண்ணா திருந்தேனே.,https://www.thiruarutpa.org/thirumurai/v/T199/tm/thanith_thiruppulampal,M,,silver-unverified
2,T197,094. தனித் திருவிருத்தம்,51,sun_moon_stars,sun_moon_stars:கிரக,,உடுக்க வோஒரு கந்தைக்கு மேலிலை / உண்ண வோஉண வுக்கும் வழியிலை / படுக்க வோபழம் பாய்க்கும் கதியிலை / பாரில் நல்லவர் பால்சென்று பிச்சைதான் / எடுக்க வோதிடம் இல்லைஎன் பால்உனக் / கிரக்கம் என்பதும் இல்லை உயிரைத்தான் / விடுக்க வோமனம் இல்லைஎன் செய்குவேன் / வெண்பி றைச்சடை வித்தக வள்ளலே.,https://www.thiruarutpa.org/thirumurai/v/T197/tm/thanith_thiruviruththam,N,,silver-unverified
2,T209,104. வெண்ணிலா,21,atom_smallest,atom_smallest:அணுவ,,அணுவிலணு வாயிருந்தார் வெண்ணிலா வே - எங்கும் / ஆகிநின்ற வண்ணமென்ன வெண்ணிலா வே.,https://www.thiruarutpa.org/thirumurai/v/T209/tm/vennilaa,A,mystic-cosmological statement (unverified),silver-unverified
2,T209,104. வெண்ணிலா,22,cosmos,cosmos:அண்ட,,அண்டபகி ரண்டமெல்லாம் வெண்ணிலா வே - ஐயர் / ஆட்டமென்று சொல்வதென்ன வெண்ணிலா வே.,https://www.thiruarutpa.org/thirumurai/v/T209/tm/vennilaa,M,,silver-unverified
2,T215,107. நடேசர் கீர்த்தனை,7,cosmos,cosmos:அண்ட,light_generic:சோதி,ஆதியந்த நடுவில்லா ஆனந்த நாடருக்கு / அண்டருயிர் காத்தமணி கண்டசசி கண்டருக்குச் / சோதிமய மாய்விளங்குந் தூயவடி வாளருக்குத் / தொண்டர்குடி கெடுக்கவே துஜங்கட்டிக் கொண்டவர்க்கு தெண்ட,https://www.thiruarutpa.org/thirumurai/v/T215/tm/n-ateesar_kiirththanai,M,,silver-unverified
2,T221,112. வேட்கைக் கொத்து,4,atom_smallest,atom_smallest:அணுத்துணை,,தெருளமுதத் தனியோகர் சிந்தையிலும் ஞானச் / செல்வர்அறி விடத்தும்நடஞ் செய்யும்நட ராஜன் / அருளமுதம் அளிப்பன்என்றே அன்றுமணம் புணர்ந்தான் / அளித்தறியான் அணுத்துணையும் அனுபவித்தும் அறியேன் / மருளுடையான் அல்லன்ஒரு வஞ்சகனும் அல்லன் / மனம்இரக்கம் மிகஉடையான் வல்வினையேன் அளவில் / இருளுடையார் போலிருக்கும் இயல்பென்னை அவன்றன் / இயல்பறிந்தும் விடுவேனோ இனித்தான்என் தோழீ.,https://www.thiruarutpa.org/thirumurai/v/T221/tm/veetkaik_koththu,M,,silver-unverified
3,T129,001. திரு உலாப் பேறு,7,sun_moon_stars,sun_moon_stars:திங்கள்,,திங்கள் உலவும் பொழில்ஒற்றித் தியாகப் பெருமான் திருவீதி / அங்கண் களிக்கப் பவனிவந்தான் அதுபோய்க் கண்டேன் தாயரெலாம் / தங்கள் குலத்துக் கடாதென்றார் தம்மை விடுத்தேன் தனியாகி / எங்கண் அனையாய் என்னடிநான் இச்சை மயமாய் நின்றதுவே.,https://www.thiruarutpa.org/thirumurai/v/T129/tm/thiru_ulaap_peeru,M,,silver-unverified
3,T131,003. இரங்கன் மாலை,3,atom_smallest,atom_smallest:அணுவ,,தோடார் குழையார் ஒற்றியினார் தூயர்க் கலது சுகம்அருள / நாடார் அவர்க்கு மாலையிட்ட நாளே முதல்இந் நாள்அளவும் / சூடா மலர்போல் இருந்ததல்லால் சுகமோர் அணுவுந் துய்த்தறியேன் / கோடா ஒல்குங் கொடியேஎன் குறையை எவர்க்குக் கூறுவனே.,https://www.thiruarutpa.org/thirumurai/v/T131/tm/irangkan_maalai,M,,silver-unverified
3,T131,003. இரங்கன் மாலை,4,cosmos,cosmos:அண்ட,,அண்டர் எவர்க்கும் அறிவொண்ணார் அணியார் ஒற்றி யார்நீல / கண்டர் அவர்க்கு மாலையிட்ட கடனே அன்றி மற்றவரால் / பண்டம் அறியேன் பலன்அறியேன் பரிவோ டணையப் பார்த்தறியேன் / கொண்டன் மணக்குங் கோதாய்என் குறையை எவர்க்குக் கூறுவனே.,https://www.thiruarutpa.org/thirumurai/v/T131/tm/irangkan_maalai,N,,silver-unverified
3,T131,003. இரங்கன் மாலை,7,atom_smallest,atom_smallest:அணுவ,,ஒற்றி நகர்வாழ் உத்தமனார் உயர்மால் விடையார் உடையார்தாம் / பற்றி என்னை மாலையிட்ட பரிசே அன்றிப் பகைதெரிந்து / வெற்றி மதனன் வீறடங்க மேவி அணைந்தார் அல்லரடி / குற்றம் அணுவும் செய்தறியேன் குறையை எவர்க்குக் கூறுவனே.,https://www.thiruarutpa.org/thirumurai/v/T131/tm/irangkan_maalai,M,,silver-unverified
3,T132,004. திரு உலா வியப்பு,10,space_elements,space_elements:பூதங்கள்,,சூலப்படையார் பூதங்கள் சுற்றும் படையார் துதிப்பவர்தம் / சீலப் பதியார் திருஒற்றித் திகழுந் தியாகப் பெருமானார் / நீலக் களத்தார் திருப்பவனி நேர்ந்தார் என்றார் அதுகாண்பான் / சாலப் பசித்தார் போல்மனந்தான் தாவி அவர்முன் சென்றதுவே.,https://www.thiruarutpa.org/thirumurai/v/T132/tm/thiru_ulaa_viyappu,N,,silver-unverified
3,T138,010. புணரா விரகு பொருந்துறு வேட்கையின் இரங்கல்,30,sun_moon_stars,sun_moon_stars:திங்கள்,,சங்கக் குழையார் சடைமுடியார் சதுரர் மறையின் தலைநடிப்பார் / செங்கட் பணியார் திருஒற்றித் தேவர் இன்னும் சேர்ந்திலரே / மங்கைப் பருவம் மணமில்லா மலர்போல் ஒழிய வாடுகின்றேன் / திங்கள் முகத்தாய் என்னடிநான் செய்வ தொன்றும் தெரிந்திலனே.,https://www.thiruarutpa.org/thirumurai/v/T138/tm/punaraa_viraku_porunthuru_veetkaiyin_irangkal,M,,silver-unverified
3,T141,013. ஆற்றாக் காதலின் இரங்கல்,6,sun_moon_stars,sun_moon_stars:திங்கள்,,எங்கள் காழிக் கவுணியரை எழிலார் சிவிகை எற்றிவைத்தோர் / திங்கள் அணியும் செஞ்சடையார் தியாகர் திருவாழ் ஒற்றியினார் / அங்கள் அணிபூந் தார்ப்புயத்தில் அணைத்தார் அல்லர் எனைமடவார் / தங்கள் அலரோ தாழாதென் சகியே இனிநான் சகியேனே.,https://www.thiruarutpa.org/thirumurai/v/T141/tm/aarraak_kaathalin_irangkal,M,,silver-unverified
3,T146,018. ஆற்றா விரகம்,5,sun_moon_stars,sun_moon_stars:நிலவு,,சோமன் நிலவுந் தூய்ச்சடையார் சொல்லிற் கலந்த சுவையானார் / சேமம் நிலவுந் திருஒற்றித் தேவர் இன்னும் சேர்ந்திலர்நான் / தாமம் அருள்வீர் என்கினும்இத் தருணத் திசையா தென்பாரேல் / ஏம முலையாய் என்செய்வேன் என்னை மடவார் இகழாரோ.,https://www.thiruarutpa.org/thirumurai/v/T146/tm/aarraa_virakam,M,,silver-unverified
3,T146,018. ஆற்றா விரகம்,8,cosmos,cosmos:அண்ட,,அசையா தமர்ந்தும் அண்டமெலாம் அசையப் புலியூர் அம்பலத்தே / நசையா நடிக்கும் நாதர்ஒற்றி நாட்டார் இன்னும் நண்ணிலர்நான் / இசையால் சென்றிங் கென்னைஅணை வீர்என் றுரைப்பேன் எனில்அதற்கும் / இசையார் ஆகில் என்செய்கேன் என்னை மடவார் இகழாரோ.,https://www.thiruarutpa.org/thirumurai/v/T146/tm/aarraa_virakam,M,,silver-unverified
4,T224,001. அன்பு மாலை,14,atom_smallest,atom_smallest:அணுத்துணை,,பாடும்வகை அணுத்துணையும் பரிந்தறியாச் சிறிய / பருவத்தே அணிந்தணிந்தது பாடும்வகை புரிந்து / நாடும்வகை உடையோர்கள் நன்குமதித் திடவே / நல்லறிவு சிறிதளித்துப் புல்லறிவு போக்கி / நீடும்வகை சன்மார்க்க சுத்தசிவ நெறியில் / நிறுத்தினைஇச் சிறியேனை நின்அருள்என் என்பேன் / கூடும்வகை உடையரெலாங் குறிப்பெதிர்பார்க் கின்றார் / குற்றமெலாங் குணமாகக் கொண்டகுணக் குன்றே.,https://www.thiruarutpa.org/thirumurai/v/T224/tm/anpu_maalai,M,,silver-unverified
4,T225,002. அருட்பிரகாச மாலை,43,sun_moon_stars,sun_moon_stars:சூரிய,,சூரியசந் திரரெல்லாந் தோன்றாமை விளங்கும் / சுயஞ்சோதி யாகும்அடித் துணைவருந்த நடந்து / கூரியமெய் அறிவென்ப தொருசிறிதுங் குறியாக் / கொடியேன்நான் இருக்குமிடங் குறித்திரவில் நடந்து / காரியம்உண் டெனக்கூவிக் கதவுதிறப் பித்துக் / கையில் ஒன்றை அளித்தனைஉன் கருணையைஎன் என்பேன் / ஆரியர்தம் அளவுகடந் தப்பாலுங் கடந்த / ஆனந்த மன்றில்நடம் ஆடுகின்ற அரசே .,https://www.thiruarutpa.org/thirumurai/v/T225/tm/arutpirakaasa_maalai,A,self-luminous light that shines where sun and moon do not appear,silver-unverified
4,T225,002. அருட்பிரகாச மாலை,52,cosmos,cosmos:அண்ட,,அண்டவகை பிண்டவகை அனைத்தும்உதித் தொடுங்கும் / அணிமலர்ச்சே வடிவருத்தம் அடையநடந் தருளிக் / கண்டவருங் காணாத நடுஇரவு தனில்யான் / கருதுமிடத் தடைந்துகத வந்திறக்கப் புரிந்து / தொண்டனென் எனையும்அழைத் தென்கையில்ஒன் றளித்தாய் / துரையேநின் அருட்பெருமைத் தொண்மையைஎன் என்பேன் / உண்டவர்கள் உணுந்தோறும் உவட்டாத அமுதே / உயர்பொதுவில் இன்பநடம் உடையபரம் பொருளே.,https://www.thiruarutpa.org/thirumurai/v/T225/tm/arutpirakaasa_maalai,A,all cosmic and bodily kinds arise and dissolve,silver-unverified
4,T225,002. அருட்பிரகாச மாலை,93,cosmos,cosmos:புவனம்,,எழுத்தினொடு பதமாகி மந்திரமாய் புவனம் / எல்லாமாய்த் தத்துவமாய் இயம்புகலை யாகி / வழுத்துமிவைக் குள்ளாகிப் புறமாகி நடத்தும் / வழியாகி நடத்துவிக்கும் மன்னிறையு மாகி / அழுத்துறமிங் கிவையெல்லாம் அல்லனவாய் அப்பால் / ஆகியதற் கப்பாலும் ஆனபதம் வருந்த / இழைத்துநடந் திரவில்என்பால் அடைந்தொன்று கொடுத்தாய் / எம்பெருமான் நின்பெருமை என்னுரைப்பேன் வியந்தே.,https://www.thiruarutpa.org/thirumurai/v/T225/tm/arutpirakaasa_maalai,M,,silver-unverified
4,T226,003. பிரசாத மாலை,10,atom_smallest,atom_smallest:அணுத்துணை,,உன்னுதற்கும் உணர்வதற்கும் உவட்டாத வடிவம் / ஒன்றெடுத்து மெய்யன்பர் உவக்கஎழுந் தருளி / முன்னதற்கோர் அணுத்துணையுந் தரமில்லாச் சிறியேன் / முகநோக்கிச் செழுமணப்பூ முகமலர்ந்து கொடுத்தாய் / துன்னுதற்கிங் கரிதாம்நின் திருஉள்ளக் குறிப்பைத் / துணிந்தறியேன் என்னினும்ஓர் துணிவின்உவக் கின்றேன் / பொன்னுதற்குத் திலகமெனுஞ் சிவகாம வல்லிப் / பூவைஒரு புறங்களிப்பப் பொதுநடஞ்செய் பொருளே.,https://www.thiruarutpa.org/thirumurai/v/T226/tm/pirasaatha_maalai,M,,silver-unverified
4,T232,009. ஆளுடைய பிள்ளையார் அருண்மாலை,1,atom_smallest,atom_smallest:அணுத்துணை,,உலகியல் உணர்வோர் அணுத்துணை மேலும் உற்றிலாச் சிறியஓர் பருவத் / திலகிய எனக்குள் இருந்தருள் நெறியில் ஏற்றவுந் தரமிலா மையினான் / விலகுறங் காலத் தடிக்கடி ஏற விடுத்துப்பின் விலகுறா தளித்தாய் / திலகநன் காழி ஞானசம் பந்தத் தெள்ளமு தாஞ்சிவ குருவே.,https://www.thiruarutpa.org/thirumurai/v/T232/tm/aalutaiya_pillaiyaar_arunmaalai,M,,silver-unverified
4,T232,009. ஆளுடைய பிள்ளையார் அருண்மாலை,10,time_scale,time_scale:கற்பம்,,வருபகற் கற்பம் பலமுயன் றாலும் வரலருந் திறனெலாம் எனக்கே / ஒருபகற் பொழுதில் உறஅளித் தனைநின் உறுபெருங் கருணைஎன் உரைப்பேன் / பெருமண நல்லூர்த் திருமணங் காணப் பெற்றவர் தமையெலாம் ஞான / உருவடைந் தோங்கக் கருணைசெய் தளித்த உயர்தனிக் கவுணிய மணியே. / பன்னிருசீர்க் கழிநெடிலடி ஆசிரிய விருத்தம்,https://www.thiruarutpa.org/thirumurai/v/T232/tm/aalutaiya_pillaiyaar_arunmaalai,M,,silver-unverified
4,T232,009. ஆளுடைய பிள்ளையார் அருண்மாலை,189,atom_smallest,atom_smallest:அணுத்துணை,,உலகியல் உணர்வோர் அணுத்துணை யேனும் உற்றிலாச் சிறியஓர் பருவத்திலகிய எனக்குள் இருந்தருள் நெறியில் ஏற்றவுந் தரமிலா மையினான்விலகுறுங் காலத் தடிக்கடி ஏற விடுத்துப்பின் விலகுறா வண்ணம்அலகிலா உணர்ச்சி அளித்தனை உன்றன் அருட்கடற் பெருமைஎன் புகல்வேன்திலகநற் காழி ஞாநசம் பந்தத் தெள்ளமு தாஞ்சிவ குருவே.பெருமானின் கையெழுத்து மூலத்தில் இவ்விருத்தம் இவ்வாறு ஐந்து அடிகளுடன்காணப்பெறுவதாக ஆ.பா.கூறி இங்ஙனமே பதிப்பித்துள்ளார். தொ. வே.முதற்பதிப்பிலும் பின் பதிப்புகளிலும் `அலகிலா உணர்ச்சி அளித்தனை' என்னும்நான்காம் அடி இல்லை. `திலகநற்காழி' என்பதனை நான்காம் அடியாக அவர்கள் கொண்டனர். ஆசிரியவிருத்தம் நான்கடியின் மிக்கு வராது. பெருமானதுகையெழுத்து மூலங்களில் அடித்தல் திருத்தல்கள் உண்டு. பாடும் வேகத்தில் ஐந்தடியாக அமைந்த இதனைப் பெருமான் திருத்தியமைக்காதுவிட்டார்கள் போலும்.,https://www.thiruarutpa.org/thirumurai/v/T232/tm/aalutaiya_pillaiyaar_arunmaalai,M,,silver-unverified
4,T235,012. ஆளுடைய அடிகள் அருண்மாலை,2,space_elements,space_elements:பெருவெளி,,கருவெளிக்குட் புறனாகிக் கரணமெலாங் கடந்துநின்ற / பெருவெளிக்கு நெடுங்காலம் பித்தாகித் திரிகின்றோர் / குருவெளிக்கே நின்றுழலக் கோதறநீ கலந்தனி / உருவெளிக்கே மறைபுகழும் உயர்வாத வூர்மணியே.,https://www.thiruarutpa.org/thirumurai/v/T235/tm/aalutaiya_atikal_arunmaalai,M,,silver-unverified
5,T179,003. கணேசத் திருஅருள் மாலை,2,vibration_sound,vibration_sound:நாதம்,,சீத நாள்மலர்ச் செல்வனும் மாமலர்ச் செல்வி மார்பகச் செல்வனும் காண்கிலாப் / பாதம் நாடொறும் பற்றறப் பற்றுவோர் பாதம் நாடப் பரிந்தருள் பாலிப்பாய் / நாதம் நாடிய அந்தத்தில் ஓங்கும்மெய்ஞ் ஞான நாடக நாயக நான்கெனும் / வேதம் நாடிய மெய்பொரு ளேஅருள் விளங்கும் சித்தி விநாயக வள்ளலே.,https://www.thiruarutpa.org/thirumurai/v/T179/tm/kaneesath_thiruarul_maalai,M,,silver-unverified
5,T180,004. தனித் திருமாலை,1,sun_moon_stars,sun_moon_stars:திங்கள்,,திங்கள்அம் கொழுந்து வேய்ந்த செஞ்சடைக் கொழுந்தே போற்றி / மங்கைவல் லபைக்கு வாய்த்த மகிழ்நநின் மலர்த்தாள் போற்றி / ஐங்கர நால்வாய் முக்கண் அருட்சிவ களிறே போற்றி / கங்கையை மகிழும் செல்வக் கணேசநின் கழல்கள் போற்றி. / கலிவண்ணத் துறை,https://www.thiruarutpa.org/thirumurai/v/T180/tm/thanith_thirumaalai,M,,silver-unverified
5,T4,006. எண்ணப் பத்து,10,cosmos,cosmos:அண்ட,,கண்ட னேகவா னவர்தொழும் நின்திருக் கழல்இணை தனக்காசை / கொண்ட னேகமாய்த் தெண்டன்இட் டானந்தக் கூத்தினை உகந்தாடித் / தொண்ட னேனும்நின் அடியரில் செறிவனோ துயர்உழந் தலைவேனோ / அண்ட னேதிருத் தணிகைவாழ் அண்ணலே அணிகொள்வேல் கரத்தோனே,https://www.thiruarutpa.org/thirumurai/v/T4/tm/ennap_paththu,M,,silver-unverified
5,T7,009. ஜீவசாட்சி மாலை,23,cosmos,"cosmos:அண்டம்,அண்ட",,ஊர்ஆதி இகழ்மாயக் கயிற்றால் கட்டுண் / டோய்ந்தலறி மனம்குழைந்திங் குழலு கின்றேன் / பார்ஆதி அண்டம்எலாம் கணத்தில் காண்போய் / பாவியேன் முகவாட்டம் பார்த்தி லாயோ / சீர்ஆதி பகவன்அருட் செல்வ மேஎன் / சிந்தைமலர்ந் திடஊறுந் தேனே இன்பம் / சார்ஆதி மலைத்தணிகை மணியே ஜீவ / சாட்சியாய் நிறைந்தருளும் சகச வாழ்வே.,https://www.thiruarutpa.org/thirumurai/v/T7/tm/jiivasaatsi_maalai,M,,silver-unverified
5,T22,024. பணித்திறஞ் சாலாப் பாடிழிவு,2,atom_smallest,atom_smallest:அணுவ,,திரப்படுவேன் மையல்புரி மாய வாழ்வில் / தியங்குவேன் சிறிதேனும் தெளிவொன் றில்லேன் / மரப்படுவேன் சிதடருடன் திரிவேன் வீணே / மங்கையர்தம் கண்கள்எனும் வலைக்குள் வீழ்வேன் / கரப்பவர்க்கு முற்படுவேன் கருணை இல்லேன் / கண்அனையாய் நின்தணிகை மலையைக் காணேன் / இரப்பவர்க்கோர் அணுவளவும் ஈயேன் பேயேன் / ஏன்பிறந்தேன் புவிச்சுமையா இருக்கின் றேனே.,https://www.thiruarutpa.org/thirumurai/v/T22/tm/paniththiranj_saalaap_paatizivu,M,,silver-unverified
5,T27,029. நெஞ்சவலங் கூறல்,9,atom_smallest,atom_smallest:அணுவ,light_generic:ஒளி,மத்த நெஞ்சினேன் பித்தரில் திரிவேன் / மாதர் கண்களின் மயங்கிநின் றலைந்தேன் / பத்தி என்பதோர் அணுவும்உற் றில்லேன் / பாவி யேன்எந்தப் பரிசுகொண் டடைவேன் / பித்த நாயகன் அருள்திருப் பேறே / பிரமன் மாலுக்கும் பேசரும் பொருளே / தத்தை பாடுறும் பொழிற்செறி தணிகா / சலத்தின் மேவிய தற்பர ஒளியே.,https://www.thiruarutpa.org/thirumurai/v/T27/tm/n-enjsavalang_kuural,M,,silver-unverified
5,T29,031. திருவருள் விழைதல்,3,cosmos,cosmos:உலகங்கள்,,தேவ ரேமுதல் உலகங்கள் யாவையும் சிருட்டிஆ தியசெய்யும் / மூவ ரேஎதிர் வருகினும் மதித்திடேன் முருகநின் பெயர்சொல்வோர் / யாவ ரேனும்என் குடிமுழு தாண்டெனை அளித்தவர் அவரேகாண் / தாவ நாடொணாத் தணிகையம் பதியில்வாழ் சண்முகப் பெருமானே.,https://www.thiruarutpa.org/thirumurai/v/T29/tm/thiruvarul_vizaithal,M,,silver-unverified
5,T39,041. நாள்எண்ணி வருந்தல்,7,cosmos,cosmos:அண்ட,,தொண்ட னேன்இன்னும் எத்தனை நாள்செலும் துயர்க்கடல் விடுத்தேற / அண்ட னேஅண்டர்க் கருள்தரும் பரசிவன் அருளிய பெருவாழ்வே / கண்ட னேகர்வந் தனைசெய அசுரனைக் களைந்தருள் களைகண்ணே / விண்ட னேர்புகுஞ் சிகரிசூழ் தணிகையில் விளங்கிய வேலோனே.,https://www.thiruarutpa.org/thirumurai/v/T39/tm/n-aalenni_varunthal,N,,silver-unverified
5,T43,045. திருவருட் பேற்று விழைவு,1,light_physics,light_physics:கதிர்,,உலகம் பரவும் பரஞ்சோதி உருவாம் குருவே உம்பரிடைக் / கலகம் தருசூர்க் கிளைகளைந்த கதிர்வேல் அரசே கவின்தருசீர்த் / திலகம் திகழ்வாள் நுதற்பரையின் செல்வப் புதல்வா திறல்அதனால் / இலகும் கலப மயிற்பரிமேல் ஏறும் பரிசென் இயம்புகவே.,https://www.thiruarutpa.org/thirumurai/v/T43/tm/thiruvarut_peerru_vizaivu,N,,silver-unverified
5,T43,045. திருவருட் பேற்று விழைவு,2,light_physics,light_physics:கதிர்,,புகுவா னவர்தம் இடர்முழுதும் போக்கும் கதிர்வேல் புண்ணியனே / மிகுவான் முதலாம் பூதம்எலாம் விதித்தே நடத்தும் விளைவனைத்தும் / தகுவான் பொருளாம் உனதருளே என்றால் அடியேன் தனைஇங்கே / நகுவான் வருவித் திருள்நெறிக்கே நடத்தல் அழகோ நவிலாயே.,https://www.thiruarutpa.org/thirumurai/v/T43/tm/thiruvarut_peerru_vizaivu,M,,silver-unverified
5,T43,045. திருவருட் பேற்று விழைவு,6,light_physics,light_physics:கதிர்,,விளைப்பேன் பவமே அடிச்சிறியேன் வினையால் விளையும் வினைப்போகம் / திளைப்பேன் எனினும் கதிர்வடிவேல் தேவே என்னும் திருமொழியால் / இளைப்பேன் அலன்இங் கியம்புகிற்பேன் எனக்கென் குறையுண் டெமதூதன் / வளைப்பேன் எனவந் திடில்அவனை மடிப்பேன் கருணை வலத்தாலே.,https://www.thiruarutpa.org/thirumurai/v/T43/tm/thiruvarut_peerru_vizaivu,N,,silver-unverified
5,T44,046. செல்வச் சீர்த்தி மாலை,1,light_physics,light_physics:கதிரொளி,,அடியார்க் கெளியர் எனும்முக்கன் ஐயர் தமக்கும் உலகீன்ற / அம்மை தனக்கும் திருவாய்முத் தளித்துக் களிக்கும் அருமருந்தே / கடியார் கடப்ப மலர்மலர்ந்த கருணைப் பொருப்பே கற்பகமே / கண்ணுள் மணியே அன்பர்மனக் கமலம் விரிக்கும் கதிரொளியே / படியார் வளிவான் தீமுதல்ஐம் பகுதி யாய பரம்பொருளே / பகர்தற் கரிய மெய்ஞ்ஞானப் பாகே அசுரப் படைமுழுதும் / தடிவாய் என்னச் சுரர்வேண்டத் தடிந்த வேற்கைத் தனிமுதலே / தணிகா சலமாம் தலத்தமர்ந்த சைவ மணியே சண்முகனே.,https://www.thiruarutpa.org/thirumurai/v/T44/tm/selvas_siirththi_maalai,M,,silver-unverified
5,T44,046. செல்வச் சீர்த்தி மாலை,8,cosmos,cosmos:அண்ட,,மாலும் அயனும் உருத்திரனும் வானத் தவரும் மானிடரும் / மாவும் புள்ளும் ஊர்வனவும் மலையும் கடலும் மற்றவையும் / ஆலும் கதியும் சதகோடி அண்டப் பரப்புந் தானாக / அன்றோர் வடிவம் மேருவிற்கொண் டருளுந் தூய அற்புதமே / வேலும் மயிலும் கொண்டுருவாய் விளையாட் டியற்றும் வித்தகமே / வேதப் பொருளே மதிச்சடைசேர் விமலன் தனக்கோர் மெய்ப்பொருளே / சாலும் சுகுணத் திருமலையே தவத்தோர் புகழும் தற்பரனே / தணிகா சலமாம் தலத்தமர்ந்த சைவ மணியே சண்முகனே.,https://www.thiruarutpa.org/thirumurai/v/T44/tm/selvas_siirththi_maalai,A,mystic-cosmological statement (unverified),silver-unverified
5,T46,048. தேவ ஆசிரியம்,1,sun_moon_stars,sun_moon_stars:கதிரவ,,யாரை யுங்கடு விழியினால் மயக்குறும் ஏந்திழை அவர்வெந்நீர்த் / தாரை தன்னையும் விரும்பிவீழ்த் தாழ்ந்தஎன் தனக்கருள் உண்டேயோ / காரை முட்டிஅப் புறம்செலும் செஞ்சுடர்க் கதிரவன் இவர்ஆழித் / தேரை எட்டுறும் பொழில்செறி தணிகையில் தேவர்கள் தொழும்தேவே.,https://www.thiruarutpa.org/thirumurai/v/T46/tm/theeva_aasiriyam,A,mystic-cosmological statement (unverified),silver-unverified
5,T52,051. தனித் திருத்தொடை,8,sun_moon_stars,sun_moon_stars:நிலவு,,நீர்வேய்ந்த சடைமுடித்துத் தோலுடுத்து நீறணிந்து நிலவுங் கொன்றைத் / தார்வேய்ந்து விடங்கலந்த களங்காட்டி நுதலிடைஓர் தழற்கண் காட்டிப் / பேர்வேய்ந்த மணிமன்றில் ஆடுகின்ற பெரும்பித்தப் பெருமான் ஈன்ற / கூர்வேய்ந்த வேல்அணிதோள் குமாரகுரு வேபரம குருவே போற்றி.,https://www.thiruarutpa.org/thirumurai/v/T52/tm/thanith_thiruththotai,M,,silver-unverified
5,T1,052. தெய்வமணி மாலை,12,light_physics,light_physics:கதிர்,,பார்கொண்ட நடையில்வன் பசிகொண்டு வந்திரப் / பார்முகம் பார்த்திரங்கும் / பண்பும்நின் திருவடிக் கன்பும்நிறை ஆயுளும் / பதியும்நல் நிதியும்உணர்வும் / சீர்கொண்ட நிறையும்உட் பொறையும்மெய்ப் புகழும்நோய்த் / தீமைஒரு சற்றும்அணுகாத் / திறமும்மெய்த் திடமும்நல் இடமும்நின் அடியர்புகழ் / செப்புகின் றோர்அடைவர்காண் / கூர்கொண்ட நெட்டிலைக் கதிர்வேலும் மயிலும்ஒரு / þக்‘ழியங் கொடியும்விண்ணோர் / கோமான்தன் மகளும்ஒரு மாமான்தன் மகளும்மால் / கொண்டநின் கோலமறவேன் / தார்கொண்ட சென்னையில் கந்தகோட் டத்துள்வளர் / தலம்ஓங்கு கந்தவேளே / தண்முகத் துய்யமணி உண்முகச் சைவமணி / சண்முகத் தெய்வமணியே.,https://www.thiruarutpa.org/thirumurai/v/T1/tm/theyvamani_maalai,N,,silver-unverified
5,T1,052. தெய்வமணி மாலை,13,sun_moon_stars|time_scale,sun_moon_stars:சூரிய ; time_scale:கற்பம்,,வன்பெரு நெருப்பினைப் புன்புழுப் பற்றுமோ / வானைஒரு மான்தாவுமோ / வலியுள்ள புலியைஓர் எலிசீறு மோபெரிய / மலையைஓர் ஈச்சிறகினால் / துன்புற அசைக்குமோ வச்சிரத் து‘ண்ஒரு / துரும்பினால் துண்டமாமோ / சூரியனை இருள்வந்து சூழுமோ காற்றில்மழை / தோயுமோ இல்லைஅதுபோல் / அன்புடைய நின்அடியர் பொன்அடியை உன்னும்அவர் / அடிமலர் முடிக்கணிந்தோர்க் / கவலமுறு மோகாமம் வெகுளிஉறு மோமனத் / தற்பமும்வி கற்பம்உறுமோ / தன்புகழ்செய் சென்னையில் கந்தகோட் டத்துள்வளர் / தலம்ஓங்கு கந்தவேளே / தன்முகத் துய்யமணி உன்முகச் சைவமணி / சண்முகத் தெய்வமணியே.,https://www.thiruarutpa.org/thirumurai/v/T1/tm/theyvamani_maalai,O,darkness cannot engulf the sun (light vs dark),silver-unverified
5,T51,056. சண்முகர் வருகை,7,sun_moon_stars,sun_moon_stars:சூரிய,,சூரியன் தோன்றினன் தொண்டர்கள் சூழ்ந்தனர் / சூரசங் காரரே வாரும் / வீரசிங் காரரே வாரும் .,https://www.thiruarutpa.org/thirumurai/v/T51/tm/sanmukar_varukai,M,,silver-unverified
5,T148,058. அருண்மொழி மாலை,8,cosmos,cosmos:அண்ட,,விண்டு வணங்கு மொற்றியுளீர் மென்பூ விருந்தும் வன்பூவில் / வண்டு விழுந்த தென்றேனெம் மலர்க்கை வண்டும் விழுந்ததென்றார் / தொண்டர்க் கருள்வீர் நீரென்றேன் றோகாய் நாமே தொண்டரென்றார் / அண்டர்க் கரியா ரென்னடியவ் வையர் மொழிந்த வருண்மொழியே.,https://www.thiruarutpa.org/thirumurai/v/T148/tm/arunmozi_maalai,N,,silver-unverified
5,T148,058. அருண்மொழி மாலை,30,light_physics,light_physics:கிரண,,நாலா ரணஞ்சூ ழொற்றியுளீர் நாகம் வாங்கி யென்னென்றேன் / காலாங் கிரண்டிற் கட்டவென்றார் கலைத்தோல் வல்லீர் நீரென்றேன் / வேலார் விழிமாத் தோலோடு வியாளத் தோலு முண்டென்றார் / ஆலார் களத்த ரென்னடியவ் வையர் மொழிந்த வருண்மொழியே.,https://www.thiruarutpa.org/thirumurai/v/T148/tm/arunmozi_maalai,N,,silver-unverified
5,T163,065. வைத்தியநாதர் பதிகம்,11,atom_smallest,atom_smallest:அணுத்துணை,,மெய்யோர் தினைத்தனையும் அறிகிலார் பொய்க்கதை / விளம்பஎனில் இவ்வுலகிலோ / மேலுலகில் ஏறுகினும் அஞ்சாது மொழிவர்தெரு / மேவுமண் ணெனினும்உதவக் / கையோ மனத்தையும் விடுக்கஇசை யார்கள்கொலை / களவுகட் காமம்முதலாக் / கண்டதீ மைகள்அன்றி நன்மைஎன் பதனைஒரு / கனவிலும் கண்டறிகிலார் / ஐயோ முனிவர்தமை விதிப்படி படைத்தவிதி / அங்கைதாங் கங்கைஎன்னும் / ஆற்றில் குளிக்கினும் தீமூழ்கி எழினும்அவ் / வசுத்தநீங் காதுகண்டாய் / மையோர் அணுத்துணையும் மேவுறாத் தவசிகா / மணிஉலக நாதவள்ளல் / மகிழவரு வேளூரில் அன்பர்பவ ரோகமற / வளர்வைத் தியநாதனே.,https://www.thiruarutpa.org/thirumurai/v/T163/tm/vaiththiyan-aathar_pathikam,M,,silver-unverified
5,T173,071. திருவோத்தூர் சிவஞான தேசிகன் தோத்திரம்,2,sun_moon_stars,sun_moon_stars:நிலவு,,உதயநிறை மதிஅமுத உணவுபெற நிலவுசிவ / யோகநிலை அருளுமலையே,https://www.thiruarutpa.org/thirumurai/v/T173/tm/thiruvooththuur_sivanjaana_theesikan_thooththiram,M,,silver-unverified
5,T173,071. திருவோத்தூர் சிவஞான தேசிகன் தோத்திரம்,10,space_elements,space_elements:ஐம்பூத,,ஐம்பூதம் ஆதிநீ அல்லைஅத் தத்துவ / அதீதஅறி வென்றஒன்றே,https://www.thiruarutpa.org/thirumurai/v/T173/tm/thiruvooththuur_sivanjaana_theesikan_thooththiram,M,,silver-unverified
5,T176,074. சிங்கபுரிக் கந்தர் பதிகம்,3,sun_moon_stars,sun_moon_stars:திங்கள்,,உம்பர்துயர் கயிலைஅரற் கோதிடவே அப்பொழுதே உவந்து நாதன் / தம்பொருவில் முகமாறு கொண்டுநுதல் ஈன்றபொறி சரவ ணத்தில் / நம்புமவர் உயவிடுத்து வந்தருளும் நம்குகனே நலிவு தீர்ப்பாய் / திங்கள்தவழ் மதில்சூழும் சிங்கபுரி தனில்அமர்ந்த தெய்வக் குன்றே.,https://www.thiruarutpa.org/thirumurai/v/T176/tm/singkapurik_kanthar_pathikam,M,,silver-unverified
5,T207,079. நடராஜ அலங்காரம்,180,sun_moon_stars,"sun_moon_stars:சூரிய,சந்திர",,"பதவுரை : இரண்டேகாற்கு - இருவினை வழி செல்லாதவர்களுக்கு, ஐமுகம் - ஆசாரிய முகத்தினை, கொண்டனை - கொண்ட நீராயிருக்கின்றீர். என்னை - அடியாளை, உடையீர் - உடையவரே, அம்பலத்தீர் - திருவம்பலத்தில் நடிக்கின்றவரே, இரண்டேகாற்கு - சூரியகலை சந்திரகலையாகிய வாசியனுபவத்திற்கு, ஐ - அழகிய, முகந்தந்நீர் - முகத்தினைத் தந்தவரே, என்னை இது தானென்று - இஃது என்ன விஷயத்திற்கு என்று, உரைத்தேன் - செப்பினேன். அதற்கு அன்னார், இரண்டே கால், கை, முகங் கொண்டிருந்த நீயும் - இரண்டு காலும், இருகையும், முகமும் அடையப் பெற்றிரா நின்ற நீயும், எனைக் கண்டே - நம்மைத் தரிசித்த தக்ஷணம் நீ முன் உரைத்த வண்ணமே, இரண்டேகாற்கு - வாசிக்கு, ஐமுகங்கொண்டாய் - அழகிய முகத்தினை அனுபவ இடமாகக் கொண்டு விட்டனை என்கின்றனர் தோழி, இன்னார் நீடுழி வாழ்க எனத் தலைவி வாழ்த்தியதாகக் கொள்க.இரண்டேகாற்கை - தமிழில் எழுதினால் இரண்டு (உ), கால் (வ), கை : உவகை.இரண்டேகாற் கைமுகந் தந்தீர் என்றதற்கு, விநாயகருக்கு கை - துதிக்கையுடைய முகத்தினைத் தந்தீர் எனப் பொருள் கூறுவாரும் உளர். தலைவி தலைவருக்குள் நடந்த அலங்கார விவகாரத்துள் விநாயகரைப் பற்றிக் கூறுதல் அவ்வளவு விசேட மன்றெனக் கொள்க.",https://www.thiruarutpa.org/thirumurai/v/T207/tm/n-ataraaja_alangkaaram,N,,silver-unverified
6,T236,001. பரசிவ வணக்கம்,4,atom_smallest,atom_smallest:அணுவ,,அன்பெனும் பிடியுள் அகப்படும் மலையே / அன்பெனும் குடில்புகும் அரசே / அன்பெனும் வலைக்குட் படுபரம் பொருளே / அன்பெனும் கரத்தமர் அமுதே / அன்பெனும் கடத்துள் அடங்கிடும் கடலே / அன்பெனும் உயிர்ஒளிர் அறிவே / அன்பெனும் அணுவுள் ளமைந்தபே ரொளியே / அன்புரு வாம்பர சிவமே.,https://www.thiruarutpa.org/thirumurai/v/T236/tm/parasiva_vanakkam,A,mystic-cosmological statement (unverified),silver-unverified
6,T316,002. அருட்பெருஞ்ஜோதி அகவல்,14,space_elements,space_elements:அருள்வெளி,light_generic:ஜோதி,திருநிலைத் தனிவெளி சிவவெளி யெனுமோர் / அருள்வெளிப் பதிவள ரருட்பெருஞ் ஜோதி,https://www.thiruarutpa.org/thirumurai/v/T316/tm/arutperunjjoothi_akaval,A,mystic-cosmological statement (unverified),silver-unverified
6,T316,002. அருட்பெருஞ்ஜோதி அகவல்,45,time_scale,time_scale:கற்பம்,light_generic:ஜோதி,கற்பம் பலபல கழியினு மழிவுறா / அற்புதந் தருஞ்சபை யருட்பெருஞ் ஜோதி,https://www.thiruarutpa.org/thirumurai/v/T316/tm/arutperunjjoothi_akaval,M,,silver-unverified
6,T316,002. அருட்பெருஞ்ஜோதி அகவல்,113,cosmos,cosmos:அண்ட,light_generic:ஜோதி,எண்டர முடியா திலங்கிய பற்பல / அண்டமு நிறைந்தொளி ரருட்பெருஞ் ஜோதி,https://www.thiruarutpa.org/thirumurai/v/T316/tm/arutperunjjoothi_akaval,A,light filling countless universes,silver-unverified
6,T316,002. அருட்பெருஞ்ஜோதி அகவல்,137,light_physics,light_physics:கதிர்,light_generic:ஜோதி,கதிர்நல மென்னிரு கண்களிற் கொடுத்தே / அதிசய மியற்றெனு மருட்பெருஞ் ஜோதி,https://www.thiruarutpa.org/thirumurai/v/T316/tm/arutperunjjoothi_akaval,M,,silver-unverified
6,T316,002. அருட்பெருஞ்ஜோதி அகவல்,142,sun_moon_stars,"sun_moon_stars:சூரிய,சந்திர",light_generic:ஜோதி,சூரிய சந்திர ஜோதியுட் ஜோதியென் / றாரியர் புகழ்தரு மருட்பெருஞ் ஜோதி,https://www.thiruarutpa.org/thirumurai/v/T316/tm/arutperunjjoothi_akaval,A,mystic-cosmological statement (unverified),silver-unverified
6,T316,002. அருட்பெருஞ்ஜோதி அகவல்,172,space_elements,space_elements:காற்று,light_generic:ஜோதி,காற்றுறு காற்றாய்க் கானிலைக் காற்றாய் / ஆற்ற விளங்கு மருட்பெருஞ் ஜோதி,https://www.thiruarutpa.org/thirumurai/v/T316/tm/arutperunjjoothi_akaval,M,,silver-unverified
6,T316,002. அருட்பெருஞ்ஜோதி அகவல்,217,space_elements,space_elements:வாயு,light_generic:ஜோதி,தீயினில் வெண்மைத் திகழியல் பலவா / வாயுற வகுத்த வருட்பெருஞ் ஜோதி,https://www.thiruarutpa.org/thirumurai/v/T316/tm/arutperunjjoothi_akaval,A,mystic-cosmological statement (unverified),silver-unverified
6,T316,002. அருட்பெருஞ்ஜோதி அகவல்,273,space_elements,space_elements:காற்று,light_generic:ஜோதி,வானிடைக் காற்றும் காற்றிடை நெருப்பும் / ஆனற வகுத்த வருட்பெருஞ் ஜோதி,https://www.thiruarutpa.org/thirumurai/v/T316/tm/arutperunjjoothi_akaval,A,element order: space -> air -> fire,silver-unverified
6,T316,002. அருட்பெருஞ்ஜோதி அகவல்,285,space_elements,space_elements:பெருவெளி,light_generic:ஜோதி,பெருவெளி யதனைப் பெருஞ்சுக வெளியில் / அருளுற வகுத்த வருட்பெருஞ் ஜோதி,https://www.thiruarutpa.org/thirumurai/v/T316/tm/arutperunjjoothi_akaval,A,mystic-cosmological statement (unverified),silver-unverified
6,T316,002. அருட்பெருஞ்ஜோதி அகவல்,323,vibration_sound,vibration_sound:அதிர்,light_generic:ஜோதி,பதமதிற் பதமும் பதத்தினுட் பதமும் / அதிர்வற வகுத்த வருட்பெருஞ் ஜோதி,https://www.thiruarutpa.org/thirumurai/v/T316/tm/arutperunjjoothi_akaval,M,,silver-unverified
6,T316,002. அருட்பெருஞ்ஜோதி அகவல்,356,cosmos,cosmos:அண்ட,light_generic:ஜோதி,பெண்டிறல் புறத்து மாண்டிற லகத்தும் / அண்டுற வகுத்த வருட்பெருஞ் ஜோதி,https://www.thiruarutpa.org/thirumurai/v/T316/tm/arutperunjjoothi_akaval,N,,silver-unverified
6,T316,002. அருட்பெருஞ்ஜோதி அகவல்,374,cosmos,cosmos:அண்ட,light_generic:ஜோதி,அண்டப் புறப்புற வமுதம் பொழிந்துயிர் / அண்டுறக் காத்தரு ளருட்பெருஞ் ஜோதி,https://www.thiruarutpa.org/thirumurai/v/T316/tm/arutperunjjoothi_akaval,M,,silver-unverified
6,T316,002. அருட்பெருஞ்ஜோதி அகவல்,392,cosmos,cosmos:அண்ட,light_generic:ஜோதி,அண்டத் துரிசையு மகிலத் துரிசையும் / அண்டற வடக்கு மருட்பெருஞ் ஜோதி,https://www.thiruarutpa.org/thirumurai/v/T316/tm/arutperunjjoothi_akaval,M,,silver-unverified
6,T316,002. அருட்பெருஞ்ஜோதி அகவல்,393,cosmos,cosmos:அண்ட,light_generic:ஜோதி,பிண்டத் துரிசையும் பேருயிர்த் துரிசையும் / அண்டற வடக்கு மருட்பெருஞ் ஜோதி,https://www.thiruarutpa.org/thirumurai/v/T316/tm/arutperunjjoothi_akaval,M,,silver-unverified
6,T316,002. அருட்பெருஞ்ஜோதி அகவல்,469,sun_moon_stars,sun_moon_stars:சந்திர,,தந்திர பதமே சந்திர பதமே / மந்திர பதமே மந்தண பதமே,https://www.thiruarutpa.org/thirumurai/v/T316/tm/arutperunjjoothi_akaval,N,,silver-unverified
6,T316,002. அருட்பெருஞ்ஜோதி அகவல்,618,cosmos,cosmos:அண்ட,light_generic:விளக்க,அண்ட சராசர மனைத்தையும் பிறவையும் / எண்டற விளக்கு மென்றனிச் சித்தே,https://www.thiruarutpa.org/thirumurai/v/T316/tm/arutperunjjoothi_akaval,M,,silver-unverified
6,T316,002. அருட்பெருஞ்ஜோதி அகவல்,646,cosmos,cosmos:அண்ட,,அண்டமு மதன்மே லண்டமு மவற்றுள / பண்டமுங் காட்டிய பரம்பர மணியே,https://www.thiruarutpa.org/thirumurai/v/T316/tm/arutperunjjoothi_akaval,A,universe above universe (nested cosmoses),silver-unverified
6,T316,002. அருட்பெருஞ்ஜோதி அகவல்,651,cosmos,cosmos:அண்ட,,அண்டகோ டிகளெலா மரைக்கணத் தேகிக் / கண்டுகொண் டிடவொளிர் கலைநிறை மணியே,https://www.thiruarutpa.org/thirumurai/v/T316/tm/arutperunjjoothi_akaval,A,traversing crores of universes in half a moment,silver-unverified
6,T316,002. அருட்பெருஞ்ஜோதி அகவல்,657,time_scale,time_scale:கற்பம்,,கற்பம் பலபல கழியினு மழியாப் / பொற்புற வளித்த புனிதமந் திரமே,https://www.thiruarutpa.org/thirumurai/v/T316/tm/arutperunjjoothi_akaval,M,,silver-unverified
6,T316,002. அருட்பெருஞ்ஜோதி அகவல்,752,light_physics,light_physics:கதிரொளி,light_generic:விளக்க,கருவெளி யனைத்துங் கதிரொளி விளங்கிட / உருவெளி நடுவே யொளிர்தரு விளக்கே,https://www.thiruarutpa.org/thirumurai/v/T316/tm/arutperunjjoothi_akaval,A,light (kadir-oli) pervading all of space,silver-unverified
6,T237,004. பதி விளக்கம்,1,cosmos,cosmos:அண்ட,,அகரநிலை விளங்குசத்தர் அனைவருக்கும் அவர்பால் / அமர்ந்தசத்தி மாரவர்கள் அனைவருக்கும் அவரால் / பகரவரும் அண்டவகை அனைத்தினுக்கும் பிண்டப் / பகுதிகள்அங் கனைத்தினுக்கும் பதங்கள்அனைத் தினுக்கும் / இகரமுறும் உயிர்எவைக்கும் கருவிகள்அங் கெவைக்கும் / எப்பொருட்கும் அனுபவங்கள் எவைக்கும்முத்தி எவைக்கும் / சிகரமுதல் சித்திவகை எவைக்கும்ஒளி வழங்கும் / திருச்சிற்றம் பலந்தனிலே தெய்வமொன்றே கண்டீர்.,https://www.thiruarutpa.org/thirumurai/v/T237/tm/pathi_vilakkam,M,,silver-unverified
6,T237,004. பதி விளக்கம்,5,atom_smallest,atom_smallest:அணுவ,,எல்லாந்தான் உடையதுவாய் எல்லாம்வல் லதுவாய் / எல்லாந்தான் ஆனதுவாய் எல்லாந்தான் அலதாய்ச் / சொல்லாலும் பொருளாலும் தோன்றும்அறி வாலும் / துணிந்தளக்க முடியாதாய்த் துரியவெளி கடந்த / வல்லாளர் அனுபவத்தே அதுஅதுவாய் அவரும் / மதித்திடுங்கால் அரியதுவாய்ப் பெரியதுவாய் அணுவும் / செல்லாத நிலைகளினும் செல்லுவதாய் விளங்கும் / திருச்சிற்றம் பலந்தனிலே தெய்வமொன்றே கண்டீர்.,https://www.thiruarutpa.org/thirumurai/v/T237/tm/pathi_vilakkam,A,the small/large: present where even an atom cannot go,silver-unverified
6,T237,004. பதி விளக்கம்,7,cosmos,"cosmos:அண்டம்,அண்ட,பிண்டம்",,அண்டம்எலாம் பிண்டம்எலாம் உயிர்கள்எலாம் பொருள்கள் / ஆனஎலாம் இடங்கள்எலாம் நீக்கமற நிறைந்தே / கொண்டஎலாங் கொண்டஎலாம் கொண்டுகொண்டு மேலும் / கொள்வதற்கே இடங்கொடுத்துக் கொண்டுசலிப் பின்றிக் / கண்டமெலாங் கடந்துநின்றே அகண்டமதாய் அதுவும் / கடந்தவெளி யாய்அதுவும் கடந்ததனி வெளியாம் / ஒண்தகுசிற் றம்பலத்தே எல்லாம்வல் லவராய் / ஓங்குகின்ற தனிக்கடவுள் ஒருவருண்டே கண்டீர்.,https://www.thiruarutpa.org/thirumurai/v/T237/tm/pathi_vilakkam,M,,silver-unverified
6,T297,005. சிவபதி விளக்கம்,9,atom_smallest,atom_smallest:அணுவ,light_generic:ஒளி,அதுவளர் அணுவே அணுவளர் அதுவே அதுவணு வளர்தரும் உறவே / விதுவளர் ஒளியே ஒளிவளர் விதுவே விதுஒளி வளர்தரு செயலே / மதுவளர் சுவையே சுவைவளர் மதுவே மதுவுறு சுவைவளர் இயலே / பொதுவளர் வெளியே வெளிவளர் பொதுவே பொதுவெளி வளர்சிவ பதியே.,https://www.thiruarutpa.org/thirumurai/v/T297/tm/sivapathi_vilakkam,A,mystic-cosmological statement (unverified),silver-unverified
6,T238,006. ஆற்றாமை,4,atom_smallest,atom_smallest:அணுவ,,நிலத்திலும்பணத்தும் நீள்விழிமடவார் நெருக்கிலும்பெருக்கிய நினைப்பேன் / புலத்திலும் புரைசேர் பொறியிலும் மனத்தைப் போக்கிவீண் போதுபோக் குறுவேன் / நலத்தில்ஓர் அணுவும் நண்ணிலேன் கடைய நாயினுங் கடையனேன் நவையேன் / குலத்திலும் கொடியேன் அம்பலக் கூத்தன் குறிப்பினுக் கென்கட வேனே.,https://www.thiruarutpa.org/thirumurai/v/T238/tm/aarraamai,M,,silver-unverified
6,T244,012. அவா அறுத்தல்,13,cosmos,cosmos:அண்ட,,உண்டியே விழைந்தேன் எனினும்என் தன்னை உடையவா அடியனேன் உனையே / அண்டியே இருந்தேன் இருக்கின்றேன் இருப்பேன் அப்பநின் ஆணைநின் தனக்கே / தொண்டுறா தவர்கைச் சோற்றினை விரும்பேன் தூயனே துணைநினை அல்லால் / கண்டிலேன் என்னைக் காப்பதுன் கடன்காண் கைவிடேல் கைவிடேல் எந்தாய்.,https://www.thiruarutpa.org/thirumurai/v/T244/tm/avaa_aruththal,N,,silver-unverified
6,T248,020. பிள்ளைப் பெரு விண்ணப்பம்,61,vibration_sound,vibration_sound:அதிர்,,பிதிர்ந்தமண் உடம்பை மறைத்திட வலியார் பின்முன்நோக் காதுமேல் நோக்கி / அதிர்ந்திட நடந்த போதெலாம் பயந்தேன் அவர்புகன் றிட்டதீ மொழிகள் / பொதிந்திரு செவியில் புகுந்தொறும் பயந்தேன் புண்ணியா நின்துதி எனும்ஓர் / முதிர்ந்ததீங் கனியைக் கண்டிலேன் வேர்த்து முறிந்தகாய் கண்டுளம் தளர்ந்தேன்.,https://www.thiruarutpa.org/thirumurai/v/T248/tm/pillaip_peru_vinnappam,N,,silver-unverified
6,T248,020. பிள்ளைப் பெரு விண்ணப்பம்,86,space_elements,space_elements:பெருவெளி,,சிறந்ததத் துவங்கள் அனைத்துமாய் அலவாய்த் திகழ்ஒளி யாய்ஒளி எல்லாம் / பிறங்கிய வெளியாய் வெளிஎலாம் விளங்கும் பெருவெளி யாய்அதற் கப்பால் / நிறைந்தசிற் சபையில் அருளர சியற்றும் நீதிநல் தந்தையே இனிமேல் / பிறந்திடேன் இறவேன் நின்னைவிட் டகலேன் பிள்ளைநான் வாடுதல் அழகோ.,https://www.thiruarutpa.org/thirumurai/v/T248/tm/pillaip_peru_vinnappam,A,nested light/space hierarchy beyond ordinary space,silver-unverified
6,T291,021. சுத்த சன்மார்க்க வேண்டுகோள்,6,cosmos,cosmos:அண்ட,,அடிகேள்நான் வேண்டுதல்கேட் டருள்புரிதல் வேண்டும் / அண்டமெலாம் பிண்டமெலாம் கண்டுகொளல் வேண்டும் / துடிசேர்எவ் வுலகமும்எத் தேவரும்எவ் வுயிரும் / சுத்தசிவ சன்மார்க்கம் பெற்றிடுதல் வேண்டும் / படிவானும் படைத்தல்முதல் ஐந்தொழிலும் ஞானம் / படைத்தல்முதல் ஐந்தொழிலும் நான்புரிதல் வேண்டும் / ஒடியாத திருவடிவில் எந்தாயும் நானும் / ஒன்றாகி எஞ்ஞான்றும் ஓங்குதல்வேண் டுவனே.,https://www.thiruarutpa.org/thirumurai/v/T291/tm/suththa_sanmaarkka_veentukool,M,,silver-unverified
6,T291,021. சுத்த சன்மார்க்க வேண்டுகோள்,10,atom_smallest,atom_smallest:அணுத்துணை,,அருளாநான் வேண்டுதல்கேட் டருள்புரிதல் வேண்டும் / அணுத்துணையும் சினங்காமம் அடையாமை வேண்டும் / மருளாய உலகமெலாம் மருள்நீங்கி ஞான / மன்றிடத்தே வள்ளல்உனை வாழ்த்தியிடல் வேண்டும் / இருளாமை உறல்வேண்டும் எனைஅடுத்தார் சுகம்வாய்ந் / திடல்வேண்டும் எவ்வுயிரும் இன்படைதல் வேண்டும் / பொருளாம்ஓர் திருவடிவில் உடையாயும் நானும் / புணர்ந்துகலந் தொன்றாகிப் பொருந்துதல்வேண் டுவனே.,https://www.thiruarutpa.org/thirumurai/v/T291/tm/suththa_sanmaarkka_veentukool,M,,silver-unverified
6,T290,022. ஆன்ம தரிசனம்,6,atom_smallest,atom_smallest:அணுத்துணை,,திலகவாள் நுதலார் தமைக்கன விடத்தும் / சிறிதும்நான் விழைந்திலேன் இந்த / உலகவாழ் வதில்ஓர் அணுத்துணை எனினும் / உவப்பிலேன் உலகுறு மாயைக் / கலகவா தனைதீர் காலம்என் றுறுமோ / கடவுளே எனத்துயர்ந் திருந்தேன் / அலகிலாத் திறலோய் நீஅறிந் ததுநான் / அடிக்கடி உரைப்பதென் நினக்கே.,https://www.thiruarutpa.org/thirumurai/v/T290/tm/aanma_tharisanam,M,,silver-unverified
6,T268,023. சிவ தரிசனம்,1,space_elements,space_elements:பெருவெளி,light_generic:ஒளி,திருஉடையாய் சிற்சபைவாழ் சிவபதியே எல்லாம் / செய்யவல்ல தனித்தலைமைச் சித்தசிகா மணியே / உருஉடைஎன் உயிர்க்குயிராய் ஒளிர்கின்ற ஒளியே / உன்னுதொறும் என்னுளத்தே ஊறுகின்ற அமுதே / அருஉடைய பெருவெளியாய் அதுவிளங்கு வெளியாய் / அப்பாலு மாய்நிறைந்த அருட்பெருஞ்சோ தியனே / மருஉடையாள் சிவகாம வல்லிமண வாளா / வந்தருள்க அருட்சோதி தந்தருள்க விரைந்தே.,https://www.thiruarutpa.org/thirumurai/v/T268/tm/siva_tharisanam,M,,silver-unverified
6,T330,034. இறை எளிமையை வியத்தல்,5,atom_smallest,atom_smallest:அணுத்துணை,,பாயிரமா மறைகளெலாம் பாடுகின்ற பாட்டுன் / பாட்டேஎன் றறிந்துகொண்டேன் பரம்பொருள்உன் பெருமை / ஆயிரம்ஆ யிரங்கோடி நாஉடையோர் எனினும் / அணுத்துணையும் புகல்அரிதேல் அந்தோஇச் சிறியேன் / வாய்இரங்கா வகைபுகலத் துணிந்தேன்என் னுடைய / மனத்தாசை ஒருகடலோ எழுகடலில் பெரிதே / சேய்இரங்கா முனம்எடுத்தே அணைத்திடுந்தாய் அனையாய் / திருச்சிற்றம் பலம்விளங்கும் சிவஞான குருவே.,https://www.thiruarutpa.org/thirumurai/v/T330/tm/irai_elimaiyai_viyaththal,M,,silver-unverified
6,T292,037. அருள்விளக்க மாலை,9,cosmos|space_elements,cosmos:அண்ட ; space_elements:பெருவெளி,,அண்டவள வெவ்வளவோ அவ்வளவும் அவற்றில் / அமைந்தசரா சரஅளவெவ் வளவோஅவ் வளவும் / கண்டதுவாய் ஆங்கவைகள் தனித்தனியே அகத்தும் / காண்புறத்தும் அகப்புறத்தும் புறப்புறத்தும் விளங்க / விண்டகுபே ரருட்சோதிப் பெருவெளிக்கு நடுவே / விளங்கிஒரு பெருங்கருணைக் கொடிநாட்டி அருளாம் / தண்டகும்ஓர் தனிச்செங்கோல் நடத்திமன்றில் நடிக்கும் / தனிஅரசே என்மாலை தாளில்அணிந் தருளே.,https://www.thiruarutpa.org/thirumurai/v/T292/tm/arulvilakka_maalai,A,mystic-cosmological statement (unverified),silver-unverified
6,T292,037. அருள்விளக்க மாலை,11,cosmos,cosmos:அண்ட,,நாட்டியதோர் சுத்தபரா சத்திஅண்டம் முதலா / ஞானசத்தி அண்டமது கடையாக இவற்றுள் / ஈட்டியபற் பலசத்தி சத்தர்அண்டப் பகுதி / எத்தனையோ கோடிகளும் தன்நிழற்கீழ் விளங்கச் / சூட்டியபொன் முடிஇலங்கச் சமரசமெய்ஞ் ஞானச் / சுத்தசிவ சன்மார்க்கப் பெருநிலையில் அமர்ந்தே / நீட்டியபே ரருட்சோதித் தனிச்செங்கோல் நடத்தும் / நீதிநடத் தரசேஎன் நெடுஞ்சொல்அணிந் தருளே.,https://www.thiruarutpa.org/thirumurai/v/T292/tm/arulvilakka_maalai,A,hierarchy of universes,silver-unverified
6,T292,037. அருள்விளக்க மாலை,20,space_elements,space_elements:பெருவெளி,,உருவெளியே உருவெளிக்குள் உற்றவெளி உருவே / உருநடுவும் வெளிநடுவும் ஒன்றான ஒன்றே / பெருவெளியே பெருவெளியில் பெருஞ்சோதி மயமே / பெருஞ்சோதி மயநடுவே பிறங்குதனிப் பொருளே / மருஒழியா மலர்அகத்தே வயங்குஒளி மணியே / மந்திரமே தந்திரமே மதிப்பரிய மருந்தே / திருஒழியா தோங்குமணி மன்றில்நடத் தரசே / சிறுமொழிஎன் றிகழாதே சேர்த்துமகிழ்ந் தருளே.,https://www.thiruarutpa.org/thirumurai/v/T292/tm/arulvilakka_maalai,A,mystic-cosmological statement (unverified),silver-unverified
6,T292,037. அருள்விளக்க மாலை,25,cosmos,cosmos:அண்ட,"light_generic:ஜோதி,விளக்க",அறையாத மிகுபெருங்காற் றடித்தாலும் சிறிதும் / அசையாதே அவியாதே அண்டபகி ரண்டத் / துறையாவும் பிண்டவகைத் துறைமுழுதும் விளங்கத் / தூண்டாதே விளங்குகின்ற ஜோதிமணி விளக்கே / மறையாதே குறையாதே களங்கமும் இல்லாதே / மயக்காதே பனிக்காதே வயங்குகின்ற மதியே / இறையாய்எவ் வுயிரகத்தும் அகப்புறத்தும் புறத்தும் / இலங்குநடத் தரசேஎன் இசையும்அணிந் தருளே.,https://www.thiruarutpa.org/thirumurai/v/T292/tm/arulvilakka_maalai,M,,silver-unverified
6,T292,037. அருள்விளக்க மாலை,28,cosmos|space_elements|light_physics,cosmos:உலகங்கள் ; space_elements:ஐம்பூத ; light_physics:கதிர்,,ஐம்பூத பரங்கள்முதல் நான்கும்அவற் றுள்ளே / அடுத்திடுநந் நான்கும்அவை அகம்புறமேல் நடுக்கீழ் / கம்பூத பக்கமுதல் எல்லாந்தன் மயமாய்க் / காணும்அவற் றப்புறமும் கலந்ததனிக் கனலே / செம்பூத உலகங்கள் பூதாண்ட வகைகள் / செழித்திடநற் கதிர்பரப்பித் திகழ்கின்ற சுடரே / வெம்பூதத் தடைதவிர்ந்தார் ஏத்தமணி மன்றில் / விளங்கும்நடத் தரசேஎன் விளம்பும்அணிந் தருளே.,https://www.thiruarutpa.org/thirumurai/v/T292/tm/arulvilakka_maalai,A,radiating light sustains the worlds/universes,silver-unverified
6,T292,037. அருள்விளக்க மாலை,30,cosmos,"cosmos:அண்டம்,அண்ட","light_generic:ஒளி,சுடர்",பகுதிபர முதல்நான்கும் அவற்றுறுநந் நான்கும் / பரவிஎலாம் தன்மயமாம் படிநிறைந்து விளங்கித் / தகுதிபெறும் அப்பகுதிக் கப்புறமும் சென்றே / தனிஒளிச்செங் கோல்நடத்தித் தழைக்கின்ற ஒளியே / மிகுதிபெறு பகுதிஉல கம்பகுதி அண்டம் / விளங்கஅருட் சுடர்பரப்பி விளங்குகின்ற சுடரே / தொகுதிபெறு கடவுளர்கள் ஏத்தமன்றில் நடிக்கும் / துரியநடத் தரசேஎன் சொல்லும்அணிந் தருளே.,https://www.thiruarutpa.org/thirumurai/v/T292/tm/arulvilakka_maalai,A,mystic-cosmological statement (unverified),silver-unverified
6,T292,037. அருள்விளக்க மாலை,31,cosmos,"cosmos:அண்டம்,அண்ட,புவனங்க","light_generic:ஒளி,விளக்க",மாமாயைப் பரமாதி நான்கும்அவற் றுள்ளே / வயங்கியநந் நான்குந்தன் மயத்தாலே விளக்கி / ஆமாறம் மாமாயைக் கப்புறத்தும் நிறைந்தே / அறிவொன்றே வடிவாகி விளங்குகின்ற ஒளியே / தாமாயா புவனங்கள் மாமாயை அண்டம் / தழைத்துவிளங் கிடக்கதிர்செய் தனித்தபெருஞ் சுடரே / தேமாலும் பிரமனும்நின் றேத்தமன்றில் நடிக்கும் / தெய்வநடத் தரசேஎன் சிறுமொழிஏற் றருளே.,https://www.thiruarutpa.org/thirumurai/v/T292/tm/arulvilakka_maalai,A,mystic-cosmological statement (unverified),silver-unverified
6,T292,037. அருள்விளக்க மாலை,34,cosmos|light_physics,"cosmos:அண்டம்,அண்ட ; light_physics:கதிர்",light_generic:ஒளி,நாட்டியஓங் காரம்ஐந்தில் பரமுதல்ஓர் நான்கும் / நந்நான்கு மாறிடத்தும் நயந்துநிறைந் தருளி / ஈட்டியசெம் பொருள்நிலையோ டிலக்கியமும் விளங்க / இனிதுநின்று விளங்குகின்ற இன்பமய ஒளியே / கூட்டியஓங் காரஉல கோங்கார அண்டம் / குடிவிளங்கக் கதிர்பரப்பிக் குலவுபெருஞ் சுடரே / பாட்டியல்கொண் டன்பரெலாம் போற்றமன்றில் நடிக்கும் / பரமநடத் தரசேஎன் பாட்டும்அணிந் தருளே.,https://www.thiruarutpa.org/thirumurai/v/T292/tm/arulvilakka_maalai,A,mystic-cosmological statement (unverified),silver-unverified
6,T292,037. அருள்விளக்க மாலை,35,cosmos|light_physics,"cosmos:அண்டம்,அண்ட ; light_physics:கதிர்",light_generic:ஒளி,மன்னுகின்ற அபரசத்திப் பரமாதி அவற்றுள் / வகுத்தநிலை யாதிஎலாம் வயங்கவயின் எல்லாம் / பன்னுகின்ற பற்பலவாம் விசித்திரசித் திரங்கள் / பரவிவிளங் கிடவிளங்கிப் பதிந்தருளும் ஒளியே / துன்அபர சத்திஉல கபரசத்தி அண்டம் / சுகம்பெறவே கதிர்பரப்பித் துலங்குகின்ற சுடரே / உன்னும்அன்பர் உளங்களிக்கத் திருச்சிற்றம் பலத்தே / ஓங்கும்நடத் தரசேஎன் உரையும்அணிந் தருளே.,https://www.thiruarutpa.org/thirumurai/v/T292/tm/arulvilakka_maalai,A,mystic-cosmological statement (unverified),silver-unverified
6,T292,037. அருள்விளக்க மாலை,38,vibration_sound,vibration_sound:நாதம்,light_generic:சுடர்,வாய்ந்தபர நாதம்ஐந்தில் பரமுதலும் அவற்றுள் / மன்னுநிலை யாதிகளும் வயங்கியிட நிறைந்தே / ஆய்ந்தபர சிவவெளியில் வெளிஉருவாய் எல்லாம் / ஆகியதன் இயல்விளக்கி அலர்ந்திடும்பே ரொளியே / தோய்ந்தபர நாதஉல கண்டமெலாம் விளங்கச் / சுடர்பரப்பி விளங்குகின்ற தூயதனிச் சுடரே / வேய்ந்தமணி மன்றிடத்தே நடம்புரியும் அரசே / விளம்புறும்என் சொன்மாலை விளங்கஅணிந் தருளே.,https://www.thiruarutpa.org/thirumurai/v/T292/tm/arulvilakka_maalai,M,,silver-unverified
6,T292,037. அருள்விளக்க மாலை,80,cosmos,cosmos:அண்ட,,அண்டவகை எவ்வளவோ அவ்வளவும் அவற்றில் / அமைந்தஉயிர் எவ்வளவோ அவ்வளவும் அவைகள் / கண்டபொருள் எவ்வளவோ அவ்வளவும் அவற்றில் / கலந்தகலப் பெவ்வளவோ அவ்வளவும் நிறைந்தே / விண்தகும்ஓர் நாதவெளி சுத்தவெளி மோன / வெளிஞான வெளிமுதலாம் வெளிகளெலாம் நிரம்பிக் / கொண்டதுவாய் விளங்குகின்ற சுத்தசிவ மயமே / குலவுநடத் தரசேஎன் குற்றமும்கொண் டருளே.,https://www.thiruarutpa.org/thirumurai/v/T292/tm/arulvilakka_maalai,A,mystic-cosmological statement (unverified),silver-unverified
6,T292,037. அருள்விளக்க மாலை,81,atom_smallest,atom_smallest:அணுவ,light_generic:ஒளி,சத்தியநான் முகர்அனந்தர் நாரணர்மற் றுளவாம் / தலைவர்அவர் அவருலகில் சார்ந்தவர்கள் பிறர்கள் / இத்திசைஅத் திசையாக இசைக்கும்அண்டப் பகுதி / எத்தனையோ கோடிகளில் இருக்கும்உயிர்த் திரள்கள் / அத்தனைபேர் உண்டாலும் அணுவளவும் குறையா / தருள்வெளியில் ஒளிவடிவாய் ஆனந்த மயமாய்ச் / சுத்தசிவ அனுபவமாய் விளங்கியதெள் ளமுதே / துயநடத் தரசேஎன் சொல்லும்அணிந் தருளே.,https://www.thiruarutpa.org/thirumurai/v/T292/tm/arulvilakka_maalai,A,mystic-cosmological statement (unverified),silver-unverified
6,T292,037. அருள்விளக்க மாலை,95,space_elements|light_physics,space_elements:பெருவெளி ; light_physics:கதிர்,light_generic:விளக்க,கணக்குவழக் கதுகடந்த பெருவெளிக்கு நடுவே / கதிர்பரப்பி விளங்குகின்ற கண்நிறைந்த சுடரே / இணக்கமுறும் அன்பர்கள்தம் இதயவெளி முழுதும் / இனிதுவிளங் குறநடுவே இலங்கும்ஒளி விளக்கே / மணக்குநறு மணமேசின் மயமாய்என் உளத்தே / வயங்குதனிப் பொருளேஎன் வாழ்வேஎன் மருந்தே / பிணக்கறியாப் பெருந்தவர்கள் சூழமணி மன்றில் / பெருநடஞ்செய் அரசேஎன் பிதற்றும்அணிந் தருளே.,https://www.thiruarutpa.org/thirumurai/v/T292/tm/arulvilakka_maalai,A,mystic-cosmological statement (unverified),silver-unverified
6,T292,037. அருள்விளக்க மாலை,96,light_physics,light_physics:கதிர்,light_generic:ஒளி,அடிச்சிறியேன் அச்சமெலாம் ஒருகணத்தே நீக்கி / அருளமுதம் மிகஅளித்தோர் அணியும்எனக் கணிந்து / கடிக்கமலத் தயன்முதலோர் கண்டுமிக வியப்பக் / கதிர்முடியும் சூட்டிஎனைக் களித்தாண்ட பதியே / வடித்தமறை முடிவயங்கு மாமணிப்பொற் சுடரே / மனம்வாக்குக் கடந்தபெரு வான்நடுவாம் ஒளியே / படித்தலத்தார் வான்தலத்தார் பரவியிடப் பொதுவில் / பரிந்தநடத் தரசேஎன் பாட்டும்அணிந் தருளே.,https://www.thiruarutpa.org/thirumurai/v/T292/tm/arulvilakka_maalai,M,,silver-unverified
6,T283,038. வரம்பில் வியப்பு,6,atom_smallest,atom_smallest:அணுவ,"light_generic:ஒளி,ஜோதி",படைத்திடல் முதல்ஐந் தொழில்புரிந் திலங்கும் / பரம்பர ஒளிஎலாம் அணுவில் / கிடைத்திடக் கீழ்மேல் நடுஎனக் காட்டாக் / கிளர்ஒளி யாய்ஒளிக் கெல்லாம் / அடைத்தகா ரணமாய்க் காரணங் கடந்த / அருட்பெருஞ் ஜோதியாம் ஒருவன் / கடைத்தனிச் சிறியேன் உளம்புகுந் தமர்ந்தான் / கடவுளைத் தடுப்பவர் யாரே.,https://www.thiruarutpa.org/thirumurai/v/T283/tm/varampil_viyappu,A,all radiance contained in an atom; no up/down/centre (dimensionless),silver-unverified
6,T283,038. வரம்பில் வியப்பு,7,cosmos|atom_smallest,cosmos:அண்ட ; atom_smallest:அணுவ,,அளவெலாங் கடந்த பெருந்தலை அண்ட / அடுக்கெலாம் அம்மஓர் அணுவின் / பிளவில்ஓர் கோடிக் கூற்றில்ஒன் றாகப் / பேசநின் றோங்கிய பெரியோன் / களவெலாந் தவிர்த்தென் கருத்தெலாம் நிரப்பிக் / கருணையா ரமுதளித் துளமாம் / வளவிலே புகுந்து வளர்கின்றான் அந்தோ / வள்ளலைத் தடுப்பவர் யாரே.,https://www.thiruarutpa.org/thirumurai/v/T283/tm/varampil_viyappu,A,all layered universes fit in one-crore-th of a fraction of an atom,silver-unverified
6,T283,038. வரம்பில் வியப்பு,8,cosmos|atom_smallest,cosmos:அண்ட ; atom_smallest:அணுத்துணை,,உள்ளவாம் அண்ட கோடி கோடிகளில் / உளவுயிர் முழுவதும் ஒருங்கே / கொள்ளைகொண் டிடினும் அணுத்துணை எனினும் / குறைபடாப் பெருங்கொடைத் தலைவன் / கள்ளநெஞ் சகத்தேன் பிழைஎலாம் பொறுத்துக் / கருத்தெலாம் இனிதுதந் தருளித் / தள்ளரும் திறத்தென் உள்ளகம் புகுந்தான் / தந்தையைத் தடுப்பவர் யாரே.,https://www.thiruarutpa.org/thirumurai/v/T283/tm/varampil_viyappu,A,beings of crores of universes,silver-unverified
6,T282,039. திருவடிப் புகழ்ச்சி,6,space_elements,space_elements:அருள்வெளி,,உருவினதாய் அருவினதாய் உருஅருவாய் உணர்வாய் / உள்ளதுவாய் ஒருதன்மை உடையபெரும் பதியாய் / மருவியவே தாந்தமுதல் வகுத்திடுங்க லாந்த / வரைஅதன்மேல் அருள்வெளியில் வயங்கியமே டையிலே / திருவுறவே அமர்ந்தருளும் திருவடிகள் பெயர்த்தே / சிறியேன்கண் அடைந்தருளித் திருவனைத்தும் கொடுத்தாய் / குருவேஎன் அரசேஈ தமையாதோ அடியேன் / குடிசையிலும் கோணாதே குலவிநுழைந் தனையே.,https://www.thiruarutpa.org/thirumurai/v/T282/tm/thiruvatip_pukazssi,M,,silver-unverified
6,T282,039. திருவடிப் புகழ்ச்சி,9,space_elements,space_elements:பெருவெளி,,பற்றியபற் றனைத்தினையும் பற்றறவிட் டறிவாம் / பான்மைஒன்றே வடிவாகிப் பழுத்தபெரி யவரும் / உற்றறிதற்273 கரியஒரு பெருவெளிமேல் வெளியில் / ஓங்குமணி மேடைஅமர்ந் தோங்கியசே வடிகள் / பெற்றறியப் பெயர்த்துவந்தென் கருத்தனைத்துங் கொடுத்தே / பிறவாமல் இறவாமல் பிறங்கவைத்தாய்274 அரசே / கொற்றமுளேன் தனக்கிதுதான் போதாதோ கொடியேன் / குடிசையிலும் கோணாதே குலவிநுழைந் தனையே.,https://www.thiruarutpa.org/thirumurai/v/T282/tm/thiruvatip_pukazssi,M,,silver-unverified
6,T280,040. கண்கொளாக் காட்சி,7,vibration_sound,vibration_sound:அதிர்,light_generic:ஒளி,புயலானை மழையானை அதிர்ப்பி னானைப் / போற்றியமின் ஒளியானைப் புனித ஞானச் / செயலானைச் செயலெல்லாந் திகழ்வித் தானைத் / திருச்சிற்றம் பலத்தானைத் தெளியார் உள்ளே / அயலானை உறவானை அன்பு ளானை / அறிந்தாரை அறிந்தானை அறிவால் அன்றி / இயலானை எழிலானைப் பொழிலா னானை / எம்மானைக் கண்டுகளித் திருக்கின் றேனே.,https://www.thiruarutpa.org/thirumurai/v/T280/tm/kankolaak_kaatsi,M,,silver-unverified
6,T279,041. காட்சிக் களிப்பு,5,cosmos|atom_smallest,cosmos:அண்ட ; atom_smallest:அணுவ,,அகத்தானைப் புறத்தானை அணுவா னானை / அணுவினுக்குள் அணுவானை அதனுள் ளானை / மகத்தானை மகத்தினும்ஓர் மகத்தா னானை / மாமகத்தாய் இருந்தானை வயங்கா நின்ற / சகத்தானை அண்டமெலாம் தானா னானைத் / தனிஅருளாம் பெருங்கருணைத் தாயா னானை / இகத்தானைப் பரத்தானைப் பொதுவில் ஆடும் / எம்மானைக் கண்டுகளித் திருக்கின் றேனே.,https://www.thiruarutpa.org/thirumurai/v/T279/tm/kaatsik_kalippu,M,,silver-unverified
6,T281,043. இறை திருக்காட்சி,22,cosmos|atom_smallest,cosmos:அண்ட ; atom_smallest:அணுத்துணை,,அடிநடு முடியோர் அணுத்துணை யேனும் / அறிந்திடப் படாதமெய் அறிவைப் / படிமுதல் அண்டப் பரப்பெலாங் கடந்த / பதியிலே விளங்குமெய்ப் பதியைக் / கடியஎன் மனனாங் கல்லையும் கனியிற் / கடைக்கணித் தருளிய கருணைக் / கொடிவளர் இடத்துப் பெருந்தயா நிதியைக் / கோயிலில் கண்டுகொண் டேனே.,https://www.thiruarutpa.org/thirumurai/v/T281/tm/irai_thirukkaatsi,M,,silver-unverified
6,T278,044. திருவடி நிலை,1,cosmos|atom_smallest,cosmos:அண்ட ; atom_smallest:அணுவ,,உலகுபல் கோடி கோடிகள் இடங்கொள் / உவப்பிலா அண்டத்தின் பகுதி / அலகுகாண் பரிய பெரியகூட் டத்த / அவைஎலாம் புறத்திறைச் சார்பில் / விலகுறா அணுவில் கோடியுள் ஒருகூற் / றிருந்தென விருந்தன மிடைந்தே / இலகுபொற் பொதுவில் நடம்புரி தருணத் / தென்பர்வான் திருவடி நிலையே.,https://www.thiruarutpa.org/thirumurai/v/T278/tm/thiruvati_n-ilai,A,mystic-cosmological statement (unverified),silver-unverified
6,T276,046. அருட்ஜோதி நிலை,9,space_elements,space_elements:பெருவெளி,light_generic:ஒளி,எவ்வகைத்தாந் தவஞ்செயினும் எய்தரிதாந் தெய்வம் / எனக்கெளிதிற் கிடைத்தென்மனம் இடங்கொண்ட தெய்வம் / அவ்வகைத்தாந் தெய்வம்அதற் கப்பாலாந் தெய்வம் / அப்பாலும் பெருவெளிக்கே அப்பாலாந் தெய்வம் / ஒவ்வகத்தே ஒளியாகி ஓங்குகின்ற தெய்வம் / ஒன்றான தெய்வம்மிக நன்றான தெய்வம் / செவ்வகைத்தென் றறிஞரெலாஞ் சேர்பெரிய தெய்வம் / சிற்சபையில் விளங்குகின்ற தெய்வமதே தெய்வம்.,https://www.thiruarutpa.org/thirumurai/v/T276/tm/arutjoothi_n-ilai,M,,silver-unverified
6,T276,046. அருட்ஜோதி நிலை,10,space_elements,space_elements:அருள்வெளி,,சத்தியமாந் தனித்தெய்வம் தடையறியாத் தெய்வம் / சத்திகளால்எல் லாம்விளங்கத் தானோங்கும் தெய்வம் / நித்தியதன் மயமாகி நின்றதெய்வம் எல்லா / நிலைகளுந்தன் அருள்வெளியில் நிலைக்கவைத்த தெய்வம் / பத்திவலைப் படுகின்ற தெய்வம்எனக் கெல்லாப் / பரிசுமளித் தழியாத பதத்தில்வைத்த தெய்வம் / சித்திஎலாந் தருதெய்வம் சித்தாந்தத் தெய்வம் / சிற்சபையில் விளங்குகின்ற தெய்வமதே தெய்வம்.,https://www.thiruarutpa.org/thirumurai/v/T276/tm/arutjoothi_n-ilai,M,,silver-unverified
6,T277,047. பேரானந்தப் பெருநிலை,2,space_elements,space_elements:அருள்வெளி,light_generic:ஒளி,திருவளர் திருச்சிற் றம்பலத் தாடும் / தெய்வமே மெய்ப்பொருட் சிவமே / உருவளர் ஒளியே ஒளியினுள் ஒளியே / ஓங்கும்என் உயிர்ப்பெருந் துணையே / ஒருதனித் தலைமை அருள்வெளி நடுவே / உவந்தர சளிக்கின்ற அரசே / பருவரல் நீக்கி இனித்திட எனக்கே / பழுத்தபே ரானந்தப் பழமே.,https://www.thiruarutpa.org/thirumurai/v/T277/tm/peeraananthap_perun-ilai,M,,silver-unverified
6,T277,047. பேரானந்தப் பெருநிலை,6,light_physics,light_physics:கதிர்,light_generic:விளக்க,மேல்வளர் திருச்சிற் றம்பலத் தோங்கும் / மெய்யறி வானந்த விளக்கே / கால்வளர் கனலே கனல்வளர் கதிரே / கதிர்நடு வளர்கின்ற கலையே / ஆலுறும் உபசாந் தப்பர வெளிக்கப் / பால்அர சாள்கின்ற அரசே / பாலுறும் உளத்தே இனித்திட எனக்கே / பழுத்தபே ரானந்தப் பழமே.,https://www.thiruarutpa.org/thirumurai/v/T277/tm/peeraananthap_perun-ilai,M,,silver-unverified
6,T277,047. பேரானந்தப் பெருநிலை,7,cosmos,cosmos:அண்ட,,இசைவளர் திருச்சிற் றம்பலத் தோங்கும் / இன்பமே என்னுடை அன்பே / திசைவளர் அண்ட கோடிகள் அனைத்தும் / திகழுறத் திகழ்கின்ற சிவமே / மிசையுறு மௌன வெளிகடந் ததன்மேல் / வெளிஅர சாள்கின்ற பதியே / பசையுறும் உளத்தே இனித்திட எனக்கே / பழுத்தபே ரானந்தப் பழமே.,https://www.thiruarutpa.org/thirumurai/v/T277/tm/peeraananthap_perun-ilai,M,,silver-unverified
6,T318,056. இறை இன்பக் குழைவு,1,space_elements,space_elements:ஐம்பூத,light_generic:ஒளி,கருணை ததும்பிப் பொதுநோக்கும் கண்ணிற் கிடைத்த கண்ணேஓர் / கனியில் கனிந்தன் புருவான கருத்தில் கிடைத்த கருத்தேமெய் / அருள்நன் னிலையில்318 அதுஅதுவாய் அறிவிற் கிடைத்த அறிவேஎன் / அகத்தும் புறத்தும் ஒளிநிறைவித் தமர்ந்த குருவே ஐம்பூத / வருண முதலா அவைகடந்த வரைப்பாய் விளங்கு மணிமன்றில் / வயங்கு சுடரே எல்லாஞ்செய் வல்ல குருவே என்னுளத்தே / தருண நடஞ்செய் அரசேஎன் தாயே என்னைத் தந்தாயே / தனித்த தலைமைப் பதியேஇத் தருணம் வாய்த்த தருணமதே.,https://www.thiruarutpa.org/thirumurai/v/T318/tm/irai_inpak_kuzaivu,M,,silver-unverified
6,T261,059. வேண்டுகோள்,9,atom_smallest,atom_smallest:அணுவ,light_generic:சோதி,பங்கமோர் அணுவும் பற்றிடா அறிவால் பற்றிய பெற்றியார் உளத்தே / தங்குமோர் சோதித்தனி ப்பெருங் கருணைத் தரந்திகழ் சத்தியத் தலைவா / துங்கமுற் றழியா நிலைதரும் இயற்கைத் தொன்மையாம் சுத்தசன் மார்க்கச் / சங்கநின் றேத்தும் சத்திய ஞான சபையவா அபயவாழ் வருளே.,https://www.thiruarutpa.org/thirumurai/v/T261/tm/veentukool,M,,silver-unverified
6,T251,062. ஆற்ற மாட்டாமை,3,light_physics,light_physics:கதிர்,,கண்ணார் அமுதக் கடலேஎன் கண்ணே கண்ணுட் கருமணியே / தண்ணார் மதியே கதிர்பரப்பித் தழைத்த சுடரே தனிக்கனலே / எண்ணா டரிய பெரியஅண்டம் எல்லாம் நிறைந்த அருட்சோதி / அண்ணா அரசே இனிச்சிறிதும் ஆற்ற மாட்டேன் கண்டாயே.,https://www.thiruarutpa.org/thirumurai/v/T251/tm/aarra_maattaamai,M,,silver-unverified
6,T341,063. திருப்பள்ளி எழுச்சி,2,light_physics,light_physics:கதிர்,light_generic:சோதி,துற்குண மாயைபோய்த் தொலைந்தது ஞானம் / தோன்றிடப் பொன்னொளி தோற்றிய கதிர்தான் / சிற்குண வரைமிசை உதயஞ்செய் ததுமா / சித்திகள் அடிப்பணி செய்திடச் சூழ்ந்த / நற்குணச் சன்மார்க்க சங்கத்தார் எல்லாம் / நண்ணினர் தோத்திரம் பண்ணிநிற் கின்றார் / எற்குண வளித்தஎன் அருட்பெருஞ் சோதி / என்னம்மை யேபள்ளி எழுந்தருள் வாயே.,https://www.thiruarutpa.org/thirumurai/v/T341/tm/thiruppalli_ezussi,M,,silver-unverified
6,T342,064. திரு உந்தியார்,3,sun_moon_stars,sun_moon_stars:சூரிய,,தூக்கம் தொலைந்தது சூரியன் தோன்றினன் / ஏக்கம் தவிர்ந்தேன்என்று உந்தீபற / இன்னமுது உண்டேன்என்று உந்தீபற.,https://www.thiruarutpa.org/thirumurai/v/T342/tm/thiru_unthiyaar,M,,silver-unverified
6,T342,064. திரு உந்தியார்,5,vibration_sound,vibration_sound:நாதம்,,ஞானம் உதித்தது நாதம் ஒலித்தது / தீனந் தவிர்ந்ததென்று உந்தீபற / சிற்சபை கண்டேன்என்று உந்தீபற.,https://www.thiruarutpa.org/thirumurai/v/T342/tm/thiru_unthiyaar,M,,silver-unverified
6,T339,065. அடைக்கலம் புகுதல்,2,space_elements,space_elements:பெருவெளி,,திரைசேர் மறைப்பைத் தீர்த்தெனக்கே தெரியா வெல்லாந் தெரிவித்துப் / பரைசேர் ஞானப் பெருவெளியில் பழுத்த கொழுத்த பழந்தந்தே / கரைசேர் இன்பக் காட்சிஎலாம் காட்டிக் கொடுத்தே எனையாண்ட / அரைசே ஐயா அம்மாஎன் அப்பா யான்உன் அடைக்கலமே.,https://www.thiruarutpa.org/thirumurai/v/T339/tm/ataikkalam_pukuthal,M,,silver-unverified
6,T372,080. திருவடிப் பெருமை,13,space_elements,space_elements:ஐம்பூத,,சுத்தமுற்ற ஐம்பூத வெளிகரண வெளிமேல் / துலங்குவெளி துரியவெளி சுகவெளியே முதலாம் / இத்தகைய வெளிகளுள்ளே எவ்வெளியோ நடனம் / இயற்றுவெளி என்கின்றார் என்றால்அவ் வெளியில் / நித்தபரி பூரணமாய் ஆனந்த மயமாய் / நிருத்தமிடும் எம்பெருமான் நிபுணநட ராயர் / சித்துருவாம் திருவடியின் உண்மைவண்ணம் அறிந்து / செப்புவதார் என்வசமோ செப்பாய்என் தோழி.,https://www.thiruarutpa.org/thirumurai/v/T372/tm/thiruvatip_perumai,A,"layered 'spaces': element-space, instrument-space, higher spaces",silver-unverified
6,T372,080. திருவடிப் பெருமை,14,space_elements,space_elements:காற்று,,காற்றுருவோ கனல்உருவோ கடவுள்உரு என்பார் / காற்றுருவும் கனல்உருவும் கண்டுரைப்பீர் என்றால் / வேற்றுருவே புகல்வர்அதை வேறொன்றால் மறுத்தால் / விழித்துவிழித் தெம்போல்வார் மிகவும்மருள் கின்றார் / தோற்றும்அந்தத் தத்துவமும் தோற்றாத்தத் துவமும் / துரிசாக அவைகடந்த சுகசொருபம் ஆகி / மாற்றமனம் உணர்வுசெல்லாத் தலத்தாடும் பெருமான் / வடிவுரைக்க வல்லவரார் வழுத்தாய்என் தோழி.,https://www.thiruarutpa.org/thirumurai/v/T372/tm/thiruvatip_perumai,M,,silver-unverified
6,T372,080. திருவடிப் பெருமை,21,vibration_sound,vibration_sound:நாதம்,,நான்முகர்கள் மிகப்பெரியர் ஆங்கவரில் பெரியர் / நாரணர்கள் மற்றவரின்361 நாடின்மிகப் பெரியர் / வான்முகத்த உருத்திரர்கள் மற்றவரில் பெரியர் / மயேச்சுரர்கள் சதாசிவர்கள் மற்றவரில் பெரியர் / மீன்முகத்த விந்ததனில் பெரிததனில் நாதம் / மிகப்பெரிது பரைஅதனில் மிகப்பெரியள் அவளின் / ஆன்முகத்தில் பரம்பரந்தான் பெரிததனில் பெரிதாய் / ஆடுகின்ற சேவடியார் அறிவார்காண் தோழி.,https://www.thiruarutpa.org/thirumurai/v/T372/tm/thiruvatip_perumai,M,,silver-unverified
6,T372,080. திருவடிப் பெருமை,23,space_elements,space_elements:ஐம்பூத,,மண்ணாதி ஐம்பூத வகைஇரண்டின் ஒன்று / வடிவுவண்ணம் இயற்கைஒரு வாலணுச்சத் தியலாய்க் / கண்ணென்னும் உணர்ச்சிசெலாக் காட்சியவாய்க் நிற்பக் / கருதும்அவைக் குட்புறங்கீழ் மேற்பக்கம் நடுவில் / நண்ணிஒரு மூன்றைந்து நாலொடுமூன் றெட்டாய் / நவமாகி மூலத்தின் நவின்றசத்திக் கெல்லாம் / அண்ணுறும்ஓர் ஆதார சத்திகொடுத் தாடும் / அடிப்பெருமை யார்அறிவார் அவர்அறிவார் தோழி.,https://www.thiruarutpa.org/thirumurai/v/T372/tm/thiruvatip_perumai,A,elements arise from a subtle atomic power (vaal-anu),silver-unverified
6,T372,080. திருவடிப் பெருமை,24,atom_smallest,atom_smallest:அணுவ,light_generic:ஒளி,மண்பூத முதற்சத்தி வால்அணுவில் அணுவாய் / மதித்தஅதன் உள்ஒளியாய் அவ்வொளிக்குள் ஒளியாய் / எண்பூதத் தவ்வொளிக்குள் இலங்குவெளி யாய்அவ் / வியல்வெளிக்குள் ஒருவெளியாய் இருந்தவெளி362 நடுவே / பண்பூத நடம்புரியும் பதப்பெருமை எவரும் / பகுத்துணர முடியாதேல் பதமலர்என் தலைமேல் / நண்பூற வைத்தருளும் நடராஜப் பெருமான் / நல்லசெயல் வல்லபம்ஆர் சொல்லுவர்காண் தோழி.,https://www.thiruarutpa.org/thirumurai/v/T372/tm/thiruvatip_perumai,A,"atom-within-atom, light within light",silver-unverified
6,T372,080. திருவடிப் பெருமை,35,space_elements,space_elements:அருள்வெளி,,ஓங்கியஐம் பூஇவைக்குள் ஒன்றின்ஒன்று திண்மை / உற்றனமற் றதுஅதுவும் பற்றுவன பற்றத் / தாங்கியமா சத்திகளின் பெருங்கூட்டம் கலையாத் / தன்மைபுரிந் தாங்காங்குத் தனித்தனிநின் றிலங்கித் / தேங்கியபோ தவைகலையச் செய்கைபல புரிந்து / திகழ்ஒளியாய் அருள்வெளியாய்த் திறவில்ஒளி364 வெளியில் / பாங்குறநேர் விளங்குகின்ற திருவடியின் பெருமை / பகுத்துரைத்து வல்லவரார் பகராய்என் தோழி.,https://www.thiruarutpa.org/thirumurai/v/T372/tm/thiruvatip_perumai,M,,silver-unverified
6,T375,081. தோழிக் குரிமை கிளத்தல்,8,cosmos,cosmos:அண்ட,light_generic:ஒளி,ஒளிஒன்றே அண்டபகி ரண்டமெலாம் விளங்கி / ஓங்குகின்ற தனிஅண்ட பகிரண்டங் களிலும் / வெளிநின்ற சராசரத்தும் அகத்தினொடு புறத்தும் / விளம்பும்அகப் புறத்தினொடு புறப்புறத்தும் நிறைந்தே / உளிநின்ற இருள்நீக்கி இலங்குகின்ற தன்மை / உலகறியும் நீஅறியா தன்றுகண்டாய் தோழி / தளிநின்ற ஒளிமயமே வேறிலைஎல் லாமும் / தான்எனவே தாகமங்கள் சாற்றுதல்சத் தியமே.,https://www.thiruarutpa.org/thirumurai/v/T375/tm/thoozik_kurimai_kilaththal,A,single light pervades all universes,silver-unverified
6,T333,087. கைம்மாறின்மை,17,light_physics,light_physics:கதிர்,,பெண்ணுக் கிசைந்தே பலமுகத்தில் பேய்போல் சுழன்ற பேதைமனத் / தெண்ணுக் கிசைந்து துயர்க்கடலாழ்ந் திருந்தேன் தன்னை எடுத்தருளி / விண்ணுக் கிசைந்த கதிர்போல்என் விவேகத் திசைந்து மேலும்என்தன் / கண்ணுக் கிசைந்தோய் நின்தனக்குக் கைம்மா றேது கொடுப்பேனே.,https://www.thiruarutpa.org/thirumurai/v/T333/tm/kaimmaarinmai,M,,silver-unverified
6,T362,092. இன்பத்திறன்,8,space_elements,space_elements:பெருவெளி,light_generic:ஒளி,ஒளியாகி உள்ஒளியாய் உள்ஒளிக்குள் ஒளியாய் / ஒளிஒளியின் ஒளியாய்அவ் ஒளிக்குளும்ஓர் ஒளியாய் / வெளியாகி வெளிவெளியாய் வெளியிடைமேல் வெளியாய் / மேல்வெளிமேல் பெருவெளியாய்ப் பெருவெளிக்கோர் வெளியாய் / அளியாகி அதுஆகி அதுவும்அல்லா தாகி / அப்பாலாய் அப்பாலும் அல்லதுவாய் நிறைவாம் / தளியாகி எல்லாமாய் விளங்குகின்ற ஞான / சபைத்தலைவா நின்இயலைச் சாற்றுவதெவ் வணமே.,https://www.thiruarutpa.org/thirumurai/v/T362/tm/inpaththiran,A,nested spaces: space of spaces beyond spaces,silver-unverified
6,T272,094. அழிவுறா அருள்வடிவப் பேறு,8,light_physics,light_physics:கதிர்,,தீட்டு கின்றசிற் றம்பலந் தன்னிலே திகழ்கின்ற பெருவாழ்வே / காட்டு கின்றதோர் கதிர்நடு விளங்கிய கடவுளே அடியேன்நான் / நீட்டி நின்றதோர் விண்ணப்பம் திருச்செவி நிறைத்தருள் புரிந்தாயே / பூட்டும் இவ்வுடல் எற்றையும் அழிவுறாப் பொன்வடி வாமாறே.,https://www.thiruarutpa.org/thirumurai/v/T272/tm/azivuraa_arulvativap_peeru,M,,silver-unverified
6,T272,094. அழிவுறா அருள்வடிவப் பேறு,9,light_physics,light_physics:கதிர்,,தடையி லாதசிற் றம்பலந் தன்னிலே தழைக்கின்ற பெருவாழ்வே / கடையி லாப்பெருங் கதிர்நடு விளங்கும்ஓர் கடவுளே அடியேன்நான் / இடைவு றாதுசெய் விண்ணப்பம் திருச்செவிக் கேற்றருள் புரிந்தாயே / புடையின் இவ்வுடல் எற்றையும் அழிவுறாப் பொன்வடி வாமாறே.,https://www.thiruarutpa.org/thirumurai/v/T272/tm/azivuraa_arulvativap_peeru,M,,silver-unverified
6,T273,095. பேரருள் வாய்மையை வியத்தல்,7,cosmos,cosmos:அண்ட,light_generic:சோதி,ஆக்கல்ஒன் றோதொழில் ஐந்தையும் தந்திந்த அண்டபிண்ட / வீக்கம்எல் லாம்சென்றுன் இச்சையின் வண்ணம் விளங்குகநீ / ஏக்கமு றேல்என் றுரைத்தருட் சோதியும் ஈந்தெனக்கே / ஊக்கமெ லாம்உற உட்கலந் தான்என் உடையவனே.,https://www.thiruarutpa.org/thirumurai/v/T273/tm/peerarul_vaaymaiyai_viyaththal,M,,silver-unverified
6,T257,097. நடராஜபதி மாலை,1,cosmos,cosmos:அண்ட,light_generic:சோதி,அருள்நிலை விளங்குசிற் றம்பலம்எ னுஞ்சிவ / சுகாதீத வெளிநடுவிலே / அண்டபகி ரண்டகோ டிகளும் சராசரம் / அனைத்தும்அவை ஆக்கல்முதலாம் / பொருள்நிலைச் சத்தரொடு சத்திகள் அனந்தமும் / பொற்பொடுவி ளங்கிஓங்கப் / புறப்புறம் அகப்புறம் புறம்அகம் இவற்றின்மேல் / பூரணா காரமாகித் / தெருள்நிலைச் சச்சிதா னந்தகிர ணாதிகள் / சிறப்பமுதல் அந்தம்இன்றித் / திகழ்கின்ற மெய்ஞ்ஞான சித்திஅனு பவநிலை / தெளிந்திட வயங்குசுடரே / சுருள்நிலைக் குழலம்மை ஆனந்த வல்லிசிவ / சுந்தரிக் கினியதுணையே / சுத்தசிவ சன்மார்க்க நிதியே அருட்பெருஞ் / சோதிநட ராஜபதியே.,https://www.thiruarutpa.org/thirumurai/v/T257/tm/n-ataraajapathi_maalai,A,mystic-cosmological statement (unverified),silver-unverified
6,T257,097. நடராஜபதி மாலை,5,cosmos,cosmos:அண்ட,light_generic:சோதி,எண்ணிலா அண்டபகி ரண்டத்தின் முதலிலே / இடையிலே கடையிலேமேல் / ஏற்றத்தி லேஅவையுள் ஊற்றத்தி லேதிரண் / டெய்துவடி வந்தன்னிலே / கண்ணுறா அருவிலே உருவிலே குருவிலே / கருவிலே தன்மைதனிலே / கலையாதி நிலையிலே சத்திசத் தாகிக் / கலந்தோங்கு கின்றபொருளே / தெண்ணிலாக் காந்தமணி மேடைவாய்க் கோடைவாய்ச் / சேர்ந்தனு பவித்தசுகமே / சித்தெலாஞ் செயவல்ல தெய்வமே என்மனத் / திருமாளி கைத்தீபமே / துண்ணுறாச் சாந்தசிவ ஞானிகள் உளத்தே / சுதந்தரித் தொளிசெய்ஒளியே / சுத்தசிவ சன்மார்க்க நிதியே அருட்பெருஞ் / சோதிநட ராஜபதியே.,https://www.thiruarutpa.org/thirumurai/v/T257/tm/n-ataraajapathi_maalai,M,,silver-unverified
6,T257,097. நடராஜபதி மாலை,9,space_elements,space_elements:காற்று,light_generic:சோதி,அறைகின்ற காற்றிலே காற்றுப்பி லேகாற்றின் / ஆதிநடு அந்தத்திலே / ஆனபல பலகோடி சத்திகளின் உருவாகி / ஆடும்அதன் ஆட்டத்திலே / உறைகின்ற நிறைவிலே ஊக்கத்தி லேகாற்றின் / உற்றபல பெற்றிதனிலே / ஓங்கிஅவை தாங்கிமிகு பாங்கினுறு சத்தர்கட் / குபகரித் தருளும்ஒளியே / குறைகின்ற மதிநின்று கூசஓர் ஆயிரம் / கோடிகிர ணங்கள்வீசிக் / குலஅமுத மயமாகி எவ்வுயி ரிடத்தும் / குலாவும்ஒரு தண்மதியமே / துறைநின்று பொறைஒன்று தூயர்அறி வாற்கண்ட / சொருபமே துரியபதமே / சுத்தசிவ சன்மார்க்க நிதியே அருட்பெருஞ் / சோதிநட ராஜபதியே.,https://www.thiruarutpa.org/thirumurai/v/T257/tm/n-ataraajapathi_maalai,M,,silver-unverified
6,T257,097. நடராஜபதி மாலை,13,cosmos,cosmos:அண்ட,light_generic:சோதி,அண்டஒரு மைப்பகுதி இருமையாம் பகுதிமேல் / ஆங்காரி யப்பகுதியே / ஆதிபல பகுதிகள் அனந்தகோ டிகளின்நடு / அடியினொடு முடியும்அவையில் / கண்டபல வண்ணமுத லானஅக நிலையும் / கணித்தபுற நிலையும்மேன்மேல் / கண்டதிக ரிக்கின்ற கூட்டமும் விளங்கக் / கலந்துநிறை கின்றஒளியே / கொண்டபல கோலமே குணமே குணங்கொண்ட / குறியே குறிக்கஒண்ணாக் / குருதுரிய மேசுத்த சிவதுரிய மேஎலாம் / கொண்டதனி ஞானவெளியே / தொண்டர்இத யத்திலே கண்டென இனிக்கின்ற / சுகயோக அனுபோகமே / சுத்தசிவ சன்மார்க்க நிதியே அருட்பெருஞ் / சோதிநட ராஜபதியே.,https://www.thiruarutpa.org/thirumurai/v/T257/tm/n-ataraajapathi_maalai,A,cosmic evolution: unity -> duality -> ego categories (tattva cosmogony),silver-unverified
6,T257,097. நடராஜபதி மாலை,15,atom_smallest,atom_smallest:அணுவ,light_generic:ஒளி,உற்றியலும் அணுவாதி மலைஅந்த மானஉடல் / உற்றகரு வாகிமுதலாய் / உயிராய் உயிர்க்குள்உறும் உயிராகி உணர்வாகி / உணர்வுள்உணர் வாகிஉணர்வுள் / பற்றியலும் ஒளியாகி ஒளியின்ஒளி யாகிஅம் / பரமாய்ச் சிதம்பரமுமாய்ப் / பண்புறுசி தம்பரப் பொற்சபையு மாய்அதன் / பாங்கோங்கு சிற்சபையுமாய்த் / தெற்றியலும் அச்சபையின் நடுவில்நடம் இடுகின்ற / சிவமாய் விளங்குபொருளே / சித்தெலாம் செய்எனத் திருவாக் களித்தெனைத் / தேற்றிஅருள் செய்தகுருவே / மற்றியலும் ஆகிஎனை வாழ்வித்த மெய்ஞ்ஞான / வாழ்வேஎன் வாழ்வின்வரமே / மணிமன்றில் நடுநின்ற ஒருதெய்வ மேஎலாம் / வல்லநட ராஜபதியே.,https://www.thiruarutpa.org/thirumurai/v/T257/tm/n-ataraajapathi_maalai,M,,silver-unverified
6,T257,097. நடராஜபதி மாலை,16,space_elements,space_elements:அருள்வெளி,"light_generic:சோதி,விளக்க",எவ்வுலகும் எவ்வுயிரும் எப்பொருளும் உடையதாய் / எல்லாஞ்செய் வல்லதாகி / இயற்கையே உண்மையாய் இயற்கையே அறிவாய் / இயற்கையே இன்பமாகி / அவ்வையின் அனாதியே பாசமில தாய்ச்சுத்த / அருளாகி அருள்வெளியிலே / அருள்நெறி விளங்கவே அருள்நடம் செய்தருள் / அருட்பெருஞ் சோதியாகிக் / கவ்வைஅறு தனிமுதற் கடவுளாய் ஓங்குமெய்க் / காட்சியே கருணைநிறைவே / கண்ணேஎன் அன்பிற் கலந்தெனை வளர்க்கின்ற / கதியே கனிந்தகனியே / வெவ்வினை தவிர்த்தொரு விளக்கேற்றி என்னுளே / வீற்றிருந் தருளும்அரசே / மெய்ஞ்ஞான நிலைநின்ற விஞ்ஞான கலர்உளே / மேவுநட ராஜபதியே.,https://www.thiruarutpa.org/thirumurai/v/T257/tm/n-ataraajapathi_maalai,M,,silver-unverified
6,T257,097. நடராஜபதி மாலை,18,cosmos|space_elements,"cosmos:அண்டங்க,அண்ட ; space_elements:அருள்வெளி",,ஒருபிரமன் அண்டங்கள் அடிமுடிப் பெருமையே / உன்னமுடி யாஅவற்றின் / ஓராயி ரங்கோடி மால்அண்டம் அரன்அண்டம் / உற்றகோ டாகோடியே / திருகலறு பலகோடி ஈசன்அண் டம்சதா / சிவஅண்டம் எண்ணிறந்த / திகழ்கின்ற மற்றைப் பெருஞ்சத்தி சத்தர்தம் / சீரண்டம் என்புகலுவேன் / உறுவும்இவ் வண்டங்கள் அத்தனையும் அருள்வெளியில் / உறுசிறு அணுக்களாக / ஊடசைய அவ்வெளியின் நடுநின்று நடனமிடும் / ஒருபெருங் கருணைஅரசே / மருவிஎனை ஆட்கொண்டு மகனாக்கி அழியா / வரந்தந்த மெய்த்தந்தையே / மணிமன்றின் நடுநின்ற ஒருதெய்வ மேஎலாம் / வல்லநட ராஜபதியே.,https://www.thiruarutpa.org/thirumurai/v/T257/tm/n-ataraajapathi_maalai,A,mystic-cosmological statement (unverified),silver-unverified
6,T257,097. நடராஜபதி மாலை,20,space_elements|vibration_sound,space_elements:பெருவெளி ; vibration_sound:நாதம்,,பாராதி பூதமொடு பொறிபுலன் கரணமும் / பகுதியும் காலம்முதலாப் / பகர்கின்ற கருவியும் அவைக்குமேல் உறுசுத்த / பரமாதி நாதம்வரையும் / சீராய பரவிந்து பரநாத முந்தனது / திகழங்கம் என்றுரைப்பத் / திருவருட் பெருவெளியில் ஆனந்த நடனமிடு / தெய்வமே என்றும்அழியா / ஊராதி தந்தெனை வளர்க்கின்ற அன்னையே / உயர்தந்தை யேஎன்உள்ளே / உற்றதுணை யேஎன்றன் உறவேஎன் அன்பே / உவப்பேஎன் னுடையஉயிரே / ஆராலும் அறியாத உயர்நிலையில் எனைவைத்த / அரசே அருட்சோதியே / அகரநிலை முழுதுமாய் அப்பாலு மாகிநிறை / அமுதநட ராஜபதியே.,https://www.thiruarutpa.org/thirumurai/v/T257/tm/n-ataraajapathi_maalai,M,,silver-unverified
6,T257,097. நடராஜபதி மாலை,22,cosmos,cosmos:அண்ட,,ஊழிதோ றூழிபல அண்டபகிர் அண்டத் / துயிர்க்கெலாம் தரினும்அந்தோ / ஒருசிறிதும் உலவாத நிறைவாகி அடியேற் / குவப்பொடு கிடைத்தநிதியே / வாழிநீ டூழியென வாய்மலர்ந் தழியா / வரந்தந்த வள்ளலேஎன் / மதியினிறை மதியே வயங்குமதி அமுதமே / மதிஅமுதின் உற்றசுகமே / ஏழினோ டேழுலகில் உள்ளவர்கள் எல்லாம்இ / தென்னைஎன் றதிசயிப்ப / இரவுபகல் இல்லாத பெருநிலையில் ஏற்றிஎனை / இன்புறச் செய்தகுருவே / ஆழியோ டணிஅளித் துயிரெலாம் காத்துவிளை / யாடென் றுரைத்தஅரசே / அகரநிலை முழுதுமாய் அப்பாலு மாகிஒளிர் / அபயநட ராஜபதியே.,https://www.thiruarutpa.org/thirumurai/v/T257/tm/n-ataraajapathi_maalai,A,mystic-cosmological statement (unverified),silver-unverified
6,T258,098. சற்குருமணி மாலை,17,space_elements|sun_moon_stars,"space_elements:பெருவெளி ; sun_moon_stars:சூரிய,சந்திர",light_generic:ஒளி,சந்திர சூரியர் ஒளிபெற விளங்கும் / தனிஅருட் பெருவெளித் தலத்தெழுஞ் சுடரே / வந்திர விடைஎனக் கருளமு தளித்தே / வாழ்கஎன் றருளிய வாழ்முதற் பொருளே / மந்திர மேஎனை வளர்க்கின்ற மருந்தே / மாநிலத் திடைஎனை வருவித்த பதியே / தந்திரம் யாவையும் உடையமெய்ப் பொருளே / தனிநட ராஜஎன் சற்குரு மணியே.,https://www.thiruarutpa.org/thirumurai/v/T258/tm/sarkurumani_maalai,A,the light from which sun and moon draw their light,silver-unverified
6,T337,099. தத்துவ வெற்றி,14,atom_smallest,atom_smallest:அணுத்துணை,light_generic:ஜோதி,பெருமாயை என்னும்ஒரு பெண்பிள்ளை நீதான் / பெற்றவுடம் பிதுசாகாச் சுத்தவுடம் பாக்கி / ஒருஞானத் திருவமுதுண் டோங்குகின்றேன் இனிநின் / உபகரிப்போர் அணுத்துணையும் உளத்திடைநான் விரும்பேன் / அருளாய ஜோதிஎனக் குபகரிக்கின் றதுநீ / அறியாயோ என்னளவில் அமைகஅயல் அமர்க / தெருளாய உலகிடைஎன் சரிதமுணர்ந் திலையோ / சிற்சபைஎன் அப்பனுக்குச் சிறந்தபிள்ளை நானே.,https://www.thiruarutpa.org/thirumurai/v/T337/tm/thaththuva_verri,M,,silver-unverified
6,T337,099. தத்துவ வெற்றி,19,light_physics,light_physics:கதிர்,,பசிஎனும்ஓர் பெரும்பாவிப் பயலேதுன் பெனும்ஓர் / படுபாவிப் பயலேஆ பத்தெனும்பொய்ப் பயலே / வசியவத்தைக் கடைப்பயலே தடைப்பயலே இடராம் / வன்பயலே நீவீர்எலாம் என்புடைநில் லாதீர் / நசியஉமக் குளம்உளதோ இக்கணத்தே நீவீர் / நடந்துவிரைந் தோடுமினோ நாடறியா வனத்தே / கசியுமனத் தெனைஅறியீர் சிற்சபையில் விளங்கும் / கடவுள்மகிழ்ந் தளித்ததனிக் கதிர்ப்பிள்ளை நானே.,https://www.thiruarutpa.org/thirumurai/v/T337/tm/thaththuva_verri,M,,silver-unverified
6,T338,100. பேறடைவு,3,cosmos,cosmos:அண்ட,,அன்புடை மகனே மெய்யருள் திருவை / அண்டர்கள் வியப்புற நினக்கே / இன்புடை உரிமை மணம்புரி விப்பாம் / இரண்டரைக் கடிகையில் விரைந்தே / துன்புடை யவைகள் முழுவதும் தவிர்ந்தே / தூய்மைசேர் நன்மணக் கோலம் / பொன்புடை விளங்கப் புனைந்துகொள் என்றார் / பொதுநடம் புரிகின்றார் தாமே.,https://www.thiruarutpa.org/thirumurai/v/T338/tm/peerataivu,M,,silver-unverified
6,T366,101. உய்வகை கூறல்,4,vibration_sound,vibration_sound:நாதம்,,நாதம் சொல்கின்ற திருச்சிற்றம் பலத்திலே நடிக்கும் / பாதம் சொல்கின்ற பத்தரே நித்தர்என் றறிமின் / வேதம் சொல்கின்ற பரிசிது மெய்ம்மையான் பக்க / வாதஞ் சொல்கிலேன் நடுநின்று சொல்கின்றேன் மதித்தே.,https://www.thiruarutpa.org/thirumurai/v/T366/tm/uyvakai_kuural,M,,silver-unverified
6,T364,106. சுத்த சிவநிலை,28,cosmos,"cosmos:அண்டங்க,அண்ட",,எவ்வுலகும் அண்டங்கள் எத்தனையும் நான்காண / இவ்வுலகில் எந்தை எனக்களித்தான் - எவ்வுயிரும் / சன்மார்க்க சங்கம் தனைஅடையச் செய்வித்தே / என்மார்க்கம் காண்பேன் இனி.,https://www.thiruarutpa.org/thirumurai/v/T364/tm/suththa_sivan-ilai,M,,silver-unverified
6,T365,109. உலகப்பேறு,1,cosmos,cosmos:உலகங்கள்,light_generic:சோதி,இன்பால் உலகங்கள் யாவும் விளங்கின / துன்பால் இறந்தவர் துன்பற்றுத் தோன்றினர் / அன்பால் அடியவர் ஆடினர் பாடினர் / என்பால் அருட்பெருஞ் சோதியார் எய்தவே.,https://www.thiruarutpa.org/thirumurai/v/T365/tm/ulakappeeru,M,,silver-unverified
6,T365,109. உலகப்பேறு,6,cosmos,cosmos:அண்ட,light_generic:சோதி,அண்டமும் அகிலமும் அருளர சாட்சியைக் / கொண்டன ஓங்கின குறைஎலாம் தீர்ந்தன / பண்டங்கள் பலித்தன பரிந்தென துள்ளத்தில் / எண்டகும் அருட்பெருஞ் சோதியார் எய்தவே.,https://www.thiruarutpa.org/thirumurai/v/T365/tm/ulakappeeru,M,,silver-unverified
6,T360,110. தனித் திருஅலங்கல்,6,cosmos,cosmos:அண்ட,,அண்டஅப் பாபகி ரண்டஅப் பாநஞ் சணிந்தமணி / கண்டஅப் பாமுற்றும் கண்டஅப் பாசிவ காமிஎனும் / ஒண்தவப் பாவையைக் கொண்டஅப் பாசடை ஓங்குபிறைத் / துண்டஅப் பாமறை விண்டஅப் பாஎனைச் சூழ்ந்தருளே.,https://www.thiruarutpa.org/thirumurai/v/T360/tm/thanith_thirualangkal,M,,silver-unverified
6,T360,110. தனித் திருஅலங்கல்,19,space_elements,space_elements:காற்று,,போற்று கின்றஎன் புன்மை யாவையும் / பொறுத்த நின்பெரும் பொறுமை போற்றிஎன் / ஆற்று வேன்உனக் கறிகி லேன்எனக் / கறிவு தந்தபே ரறிவ போற்றிவான் / காற்று நீடழல் ஆதி ஐந்துநான் / காணக் காட்டிய கருத்த போற்றிவன் / கூற்று தைத்துநீத் தழிவி லாஉருக் / கொள்ள வைத்தநின் கொள்கை போற்றியே. / பாடமும் படிப்பும் / எண்சீர்க் கழிநெடிலடி ஆசிரிய விருத்தம்,https://www.thiruarutpa.org/thirumurai/v/T360/tm/thanith_thirualangkal,M,,silver-unverified
6,T360,110. தனித் திருஅலங்கல்,42,vibration_sound,vibration_sound:நாதம்,,நாதரருட் பெருஞ்சோதி நாயகர்என் தனையே / நயந்துகொண்ட தனித்தலைவர் ஞானசபா பதியார் / வாதநடம் புரிகருணை மாநிதியார் வரதர் / வள்ளல்எலாம் வல்லவர்மா நல்லவர்என் இடத்தே / காதலுடன் வருகின்றார் என்றுபர நாதம் / களிப்புறவே தொனிக்கின்ற தந்தரதுந் துபிதான் / ஏதமற முழங்குகின்ற தென்றுசொல்லிக் கொண்டே / எழுகின்றாள் தொழுகின்றாள் என்னுடைய மகளே. / அறுசீர்க் கழிநெடிலடி ஆசிரிய விருத்தம்,https://www.thiruarutpa.org/thirumurai/v/T360/tm/thanith_thirualangkal,M,,silver-unverified
6,T360,110. தனித் திருஅலங்கல்,49,sun_moon_stars,sun_moon_stars:திங்கள்,,அங்கே உன்றன் அன்பர்கள் எல்லாம் அமர்கின்றார் / இங்கே நீதான் என்னள வின்னும் இரங்காயேல் / எங்கே போகேன் யாரொடு நோகேன் எதுசெய்கேன் / செங்கேழ் வேணித் திங்கள் அணிந்தருள் சிவனேயோ.,https://www.thiruarutpa.org/thirumurai/v/T360/tm/thanith_thirualangkal,M,,silver-unverified
6,T360,110. தனித் திருஅலங்கல்,57,sun_moon_stars,sun_moon_stars:சந்திர,,மந்திரம் அறியேன் மற்றை மணிமருந் தறியேன் வேறு / தந்திரம் அறியேன் எந்தத் தகவுகொண் டடைவேன் எந்தாய் / இந்திரன் முதலாம் தேவர் இறைஞ்சப்பொன் மன்றில் வேணிச் / சந்திரன் ஆட இன்பத் தனிநடம் புரியும் தேவே.,https://www.thiruarutpa.org/thirumurai/v/T360/tm/thanith_thirualangkal,M,,silver-unverified
6,T360,110. தனித் திருஅலங்கல்,78,atom_smallest,atom_smallest:அணுவ,,மாதோர் புடைவைத்த மாமருந் தேமணி யேஎன் மட்டில் / யாதோ திருவுளம் யானறி யேன்இதற் கென்னசெய்வேன் / போதோ கழிகின்ற தந்தோநின் தன்னைப் பொருந்துகின்ற / சூதோர் அணுவும் தெரியேன்நின் பாதத் துணைதுணையே. / தரவு கொச்சகக் கலிப்பா,https://www.thiruarutpa.org/thirumurai/v/T360/tm/thanith_thirualangkal,M,,silver-unverified
6,T360,110. தனித் திருஅலங்கல்,85,space_elements,space_elements:அருள்வெளி,light_generic:சோதி,கலைவளர் முடிய தென்னைஆட் கொண்ட / கருணையங் கண்ணது ஞான / நிலைவளர் பொருள துலகெலாம் போற்ற / நின்றது நிறைபெருஞ் சோதி / மலைவளர் கின்றது அருள்வெளி நடுவே / வயங்குவ தின்பமே மயமாய்த் / தலைவளர் திருச்சிற் றம்பலந் தனிலே / தனித்தெனக் கினித்ததோர் கனியே.,https://www.thiruarutpa.org/thirumurai/v/T360/tm/thanith_thirualangkal,M,,silver-unverified
6,T360,110. தனித் திருஅலங்கல்,92,space_elements,space_elements:வாயு,,கிழக்குவெளுத் ததுகருணை அருட்சோதி உதயம் / கிடைத்ததென துளக்கமலம் கிளர்ந்ததென தகத்தே / சழக்குவெளுத் ததுசாதி ஆச்சிரமா சாரம் / சமயமதா சாரம்எனச் சண்டையிட்ட கலக / வழக்குவெளுத் ததுபலவாம் பொய்ந்நூல்கற் றவர்தம் / மனம்வெளுத்து வாய்வெளுத்து வாயுறவா தித்த / முழுக்குவெளுத் ததுசிவமே பொருள்எனும்சன் மார்க்க / முழுநெறியில் பரநாத முரசுமுழங் கியதே. / நிலைமண்டில ஆசிரியப்பா,https://www.thiruarutpa.org/thirumurai/v/T360/tm/thanith_thirualangkal,N,,silver-unverified
6,T360,110. தனித் திருஅலங்கல்,113,atom_smallest,atom_smallest:அணுத்துணை,,நாட்பாரில் அன்பரெலாம் நல்குகஎன் றேத்திநிற்ப / ஆட்பாரில் அன்போர் அணுத்துணையும் இல்லேற்கே / நீட்பாய் அருளமுதம் நீகொடுத்தாய் நின்னை இங்கே / கேட்பார் இலைஎன்று கீழ்மேல தாக்கினையே.,https://www.thiruarutpa.org/thirumurai/v/T360/tm/thanith_thirualangkal,M,,silver-unverified
6,T301,111. நெஞ்சொடு கிளத்தல்,6,space_elements,space_elements:வாயு,,கையுள் அமுதத்தை வாயுள் அமுதாக்கப் / பையுள்292 உனக்கென்னை யோ - நெஞ்சே / பையுள் உனக்கென்னை யோ.,https://www.thiruarutpa.org/thirumurai/v/T301/tm/n-enjsotu_kilaththal,N,,silver-unverified
6,T347,112. மெய்யருள் வியப்பு,11,atom_smallest,atom_smallest:அணுவ,,உன்பே ரருளை நினைக்குந் தோறும் உடம்பு பொடிக்கு தே / உண்டு பசிதீர்ந் தாற்போல் காதல் மிகவும் தடிக்கு தே / அன்பே அமையும் என்ற பெரியர் வார்த்தை போயிற் றே / அன்போர் அணுவும் இல்லா எனக்கிங் கருளல் ஆயிற் றே. / எனக்கும் உனக்கும்,https://www.thiruarutpa.org/thirumurai/v/T347/tm/meyyarul_viyappu,M,,silver-unverified
6,T347,112. மெய்யருள் வியப்பு,23,cosmos,cosmos:அண்ட,light_generic:சோதி,அண்டத் தகத்தும் புறத்தும் உன்றன் ஆணை செல்லு தே / அவனே எல்லாம் வல்லான் என்று மறைகள் சொல்லு தே / பிண்டத் தகத்தும் புறத்தும் நிறைந்த பெரிய சோதி யே / பேயேன் அளவில் விளங்கு கின்ற தென்ன நீதி யே. / எனக்கும் உனக்கும்,https://www.thiruarutpa.org/thirumurai/v/T347/tm/meyyarul_viyappu,M,,silver-unverified
6,T347,112. மெய்யருள் வியப்பு,32,cosmos,cosmos:அண்ட,,அண்டப் பரப்பின் திறங்கள் அனைத்தும்அறிய வேண்டி யே / ஆசைப் பட்ட தறிந்து தெரித்தாய் அறிவைத் தூண்டி யே / பிண்டத் துயிர்கள் பொருத்தும் வகையும்பிண்டம் தன்னை யே / பிரியும் வகையும் பிரியா வகையும்தெரித்தாய் பின்னை யே. / எனக்கும் உனக்கும்,https://www.thiruarutpa.org/thirumurai/v/T347/tm/meyyarul_viyappu,M,,silver-unverified
6,T347,112. மெய்யருள் வியப்பு,39,time_scale,time_scale:கற்பம்,,எனக்கும் நின்னைப் போல நுதற்கண் ஈந்துமதனை யே / எரிப்பித் தாய்பின் எழுப்பிக் கொடுத்தாய் அருவ மதனை யே / சினக்குங் கூற்றை உதைப்பித் தொழித்துச் சிதைவு மாற்றி யே / தேவர் கற்பம் பலவும் காணச் செய்தாய் போற்றி யே. / எனக்கும் உனக்கும்,https://www.thiruarutpa.org/thirumurai/v/T347/tm/meyyarul_viyappu,M,,silver-unverified
6,T347,112. மெய்யருள் வியப்பு,53,cosmos|atom_smallest,cosmos:அண்ட ; atom_smallest:அணுவ,,சமயத் தெய்வம் பலவும் சிறிய துரும்ப தென்ன வே / சாற்றப் புகினும் சாலார்அருளின் பெருமை உன்ன வே / அமையும் அண்டப் பகுதி பலவும் அணுவின் பொடியி லே / அனந்தத் தொன்றென் றுரைத்துஞ் சாலா நின்பொன் னடியி லே. / எனக்கும் உனக்கும்,https://www.thiruarutpa.org/thirumurai/v/T347/tm/meyyarul_viyappu,A,many universes within the dust of an atom,silver-unverified
6,T347,112. மெய்யருள் வியப்பு,94,cosmos,cosmos:அண்ட,,அண்ட கோடி அனைத்தும் காணும் கண்கள் எய்தி யே / அறிந்தேன் அங்கைக் கனிபோல் அவற்றில் உள்ள செய்தி யே / பிண்ட கோடி முழுதும்காணப் பெற்று நின்னை யே / பேசிப் பேசி வியக்கின் றேன்இப் பிறவி தன்னை யே. / எனக்கும் உனக்கும்,https://www.thiruarutpa.org/thirumurai/v/T347/tm/meyyarul_viyappu,M,,silver-unverified
6,T305,113. அம்பலவாணர் வருகை,5,cosmos|atom_smallest,"cosmos:அண்டங்க,அண்ட ; atom_smallest:அணுவ",,அண்டங்கள் எல்லாம் அணுவில் அடக்கும் / அரும்பெருஞ் சித்தரே வாரீர் / அற்புத ரேஇங்கு வாரீர். வாரீர்,https://www.thiruarutpa.org/thirumurai/v/T305/tm/ampalavaanar_varukai,A,all universes contained in an atom,silver-unverified
6,T305,113. அம்பலவாணர் வருகை,10,cosmos,cosmos:அண்ட,,அண்டர்க் கரும்பதந் தொண்டர்க் கெளிதில் / அளித்திட வல்லீரே வாரீர் / களித்தென்னை ஆண்டீரே வாரீர். வாரீர்,https://www.thiruarutpa.org/thirumurai/v/T305/tm/ampalavaanar_varukai,N,,silver-unverified
6,T305,113. அம்பலவாணர் வருகை,94,space_elements,space_elements:பெருவெளி,,ஓங்கும்பிண் டாண்டங்கள் தாங்கும் பெருவெளி / ஓங்கு நடேசரே வாரீர் / பாங்குசெய் வீர்இங்கு வாரீர். வாரீர்,https://www.thiruarutpa.org/thirumurai/v/T305/tm/ampalavaanar_varukai,M,,silver-unverified
6,T306,115. அம்பலவாணர் ஆடவருகை,8,cosmos,cosmos:அண்ட,,அண்டமெலாம் கண்டவரே ஆடவா ரீர் / அகண்டபரி பூரணரே ஆடவா ரீர் / பண்டமெலாம் படைத்தவரே ஆடவா ரீர் / பற்றொடுவீ டில்லவரே ஆடவா ரீர் / கொண்டெனைவந் தாண்டவரே ஆடவா ரீர் / கூத்தாட வல்லவரே ஆடவா ரீர் / எண்தகுபொற் சபையுடையீர் ஆடவா ரீர் / என்னுடைய நாயகரே ஆடவா ரீர். ஆடவா ரீர்,https://www.thiruarutpa.org/thirumurai/v/T306/tm/ampalavaanar_aatavarukai,M,,silver-unverified
6,T314,118. சிவசிவ ஜோதி,15,space_elements,space_elements:பெருவெளி,light_generic:ஜோதி,ஆறந்தத் தேநிறை ஜோதி - அவைக் / கப்புறத் தப்பாலும் ஆகிய ஜோதி / வீறும் பெருவெளி ஜோதி - மேலும் / வெட்ட வெளியில் விளங்கிய ஜோதி. சிவசிவ,https://www.thiruarutpa.org/thirumurai/v/T314/tm/sivasiva_joothi,M,,silver-unverified
6,T314,118. சிவசிவ ஜோதி,16,cosmos,cosmos:அண்ட,light_generic:ஜோதி,பேரருட் ஜோதியுள் ஜோதி - அண்ட / பிண்டங்கள் எல்லாம் பிறங்கிய ஜோதி / வாரமுற் றோங்கிய ஜோதி - மன / வாக்குக் கெட்டாததோர் மாமணி316 ஜோதி. சிவசிவ,https://www.thiruarutpa.org/thirumurai/v/T314/tm/sivasiva_joothi,A,mystic-cosmological statement (unverified),silver-unverified
6,T314,118. சிவசிவ ஜோதி,22,space_elements,space_elements:பெருவெளி,"light_generic:ஜோதி,விளக்க",தம்பத்தில் ஏற்றிய ஜோதி - அப்பால் / சார்மணி மேடைமேல் தான்வைத்த ஜோதி / விம்பப் பெருவெளி ஜோதி - அங்கே / வீதியும் வீடும் விளக்கிய ஜோதி. சிவசிவ,https://www.thiruarutpa.org/thirumurai/v/T314/tm/sivasiva_joothi,M,,silver-unverified
6,T308,123. வருவார் அழைத்துவாடி,3,space_elements,space_elements:பெருவெளி,,சிந்தை களிக்கக்கண்டு சிவானந்த மதுவுண்டு / தெளிந்தோர்எல் லாரும்தொண்டு செய்யப் பவுரிகொண்டு / இந்த வெளியில்நட மிடத்துணிந் தீரேஅங்கே / இதைவிடப் பெருவெளி இருக்குதென் றால்இங்கே வருவார்,https://www.thiruarutpa.org/thirumurai/v/T308/tm/varuvaar_azaiththuvaati,A,a still greater space exists beyond this one,silver-unverified
6,T303,125. ஆடிய பாதம்,12,cosmos,cosmos:அண்ட,,ஆருயிர்க் காதாரம் ஆகிய பாதம் / அண்ட பிண்டங்கள் அளிக்கின்ற பாதம் / சாருயிர்க் கின்பம் தருகின்ற பாதம் / சத்திய ஞான தயாநிதி பாதம். ஆடிய,https://www.thiruarutpa.org/thirumurai/v/T303/tm/aatiya_paatham,M,,silver-unverified
6,T345,129. அக்கச்சி,334,vibration_sound,vibration_sound:நாதம்,,மயில் - விந்து. குயில் - நாதம்.,https://www.thiruarutpa.org/thirumurai/v/T345/tm/akkassi,N,,silver-unverified
6,T348,134. அம்பலத்தரசே,79,sun_moon_stars,sun_moon_stars:சூரிய,,வரகே சாந்த மகோதய காரிய / பரபா சாந்த சுகோதய சூரிய.,https://www.thiruarutpa.org/thirumurai/v/T348/tm/ampalaththarasee,N,,silver-unverified
6,T350,135. போகம் சுகபோகம்,13,cosmos,cosmos:அண்ட,,தொண்டர்கண்டு கண்டுமொண்டு கொண்டுள்உண்ட இன்பனே / அண்டர்அண்டம் உண்டவிண்டு தொண்டுமண்டும் அன்பனே.,https://www.thiruarutpa.org/thirumurai/v/T350/tm/pookam_sukapookam,N,,silver-unverified
6,T349,138. தங்குறுவம்பு,17,sun_moon_stars,sun_moon_stars:சந்திர,,சந்திர தரசிர சுந்தர சுரவர / தந்திர நவபத மந்திர புரநட / சங்கர சிவசிவ சங்கர சிவசிவ / சங்கர சிவசிவ சங்கர சிவசிவ.,https://www.thiruarutpa.org/thirumurai/v/T349/tm/thangkuruvampu,M,,silver-unverified
6,T352,143. பசியாத அமுதே,11,light_physics,light_physics:கதிர்,,கலைநிறை மதியே மதிநிறை அமுதே / கதிநிறை கதிரே கதிர்நிறை சுடரே / சிலைநிறை நிலையே நிலைநிறை சிவமே / திருநட மணியே திருநட மணியே.,https://www.thiruarutpa.org/thirumurai/v/T352/tm/pasiyaatha_amuthee,M,,silver-unverified
6,T351,144. நீடிய வேதம்,3,vibration_sound,vibration_sound:நாதம்,,ஏன்றிய சூதம் தோன்றிய பாதம் / ஈன்றிய நாதம் ஆன்றிய பாதம் / ஓன்றிய பூதம் ஞான்றிய பாதம் / ஊன்றிய பாதம் ஊன்றிய பாதம்.,https://www.thiruarutpa.org/thirumurai/v/T351/tm/n-iitiya_veetham,M,,silver-unverified
6,T377,147. அனுபவ மாலை,7,cosmos,cosmos:அண்ட,,பொதுநடஞ்செய் துரைமுகத்தே தளதளஎன் றொளிரும் / புன்னகையே ஒருகோடிப் பொன்பெறும்என் றுரைப்பார் / இதுவரையோ பலகோடி என்னினும்ஓர் அளவோ / எண்இறந்த அண்டவகை எத்தனைகோ டிகளும் / சதுமறைசொல் அண்டவகை தனித்தனியே நடத்தும் / சத்தர்களும் சத்திகளும் சற்றேனும் பெறுமோ / துதிபெறும்அத் திருவாளர் புன்னகையை நினைக்குந் / தோறும்மனம் ஊறுகின்ற சுகஅமுதம் பெறுமே.,https://www.thiruarutpa.org/thirumurai/v/T377/tm/anupava_maalai,A,mystic-cosmological statement (unverified),silver-unverified
6,T377,147. அனுபவ மாலை,21,light_physics,light_physics:கதிர்,,பதிவரும்ஓர் தருணம்இது தருணம்இது தோழீ / பராக்கடையேல் மணிமாடப் பக்கமெலாம் புனைக / அதிகநலம் பெறுபளிக்கு மணிமேடை நடுவே / அணையைஅலங் கரித்திடநான் புகுகின்றேன் விரைந்தே / கதிதருவார் நல்வரவு சத்தியம்சத் தியம்நீ / களிப்பினொடு மணிவிளக்கால் கதிர்பரவ நிரைத்தே / புதியநவ மணிகுயின்ற ஆசனங்கள் இடுக / புண்ணியனார் நல்வரவை எண்ணிஎண்ணி இனிதே.,https://www.thiruarutpa.org/thirumurai/v/T377/tm/anupava_maalai,M,,silver-unverified
6,T377,147. அனுபவ மாலை,26,cosmos,cosmos:அண்ட,,தந்தைஎன்றாய் மகன்என்றாய் மணவாளன் என்றாய் / தகுமோஇங் கிதுஎன்ன வினவுதியோ மடவாய் / சிந்தைசெய்து காணடிநீ சிற்சபையில் நடிக்கும் / திருவாளர் எனைப்புணர்ந்த திருக்கணவர் அவர்தம் / அந்தநடு முதலில்லா அரும்பெருஞ்சோ தியதே / அண்டசரா சரங்கள்எலாம் கண்டதுவே றிலையே / எந்தவகை பொய்புகல்வேன் மற்றையர்போல் அம்மா / வீறுமவர்369 திருமேனி நானும்என அறியே.,https://www.thiruarutpa.org/thirumurai/v/T377/tm/anupava_maalai,M,,silver-unverified
6,T377,147. அனுபவ மாலை,27,cosmos,cosmos:அண்ட,,எல்லாமுஞ் செயவல்ல தனித்தலைவர் பொதுவில் / இருந்துநடம் புரிகின்ற அரும்பெருஞ்சோ தியினார் / நல்லாய்நல் நாட்டார்கள் எல்லாரும் அறிய / நண்ணிஎனை மணம்புரிந்தார் புண்ணியனார் அதனால் / இல்லாமை எனக்கில்லை எல்லார்க்கும் தருவேன் / என்னுடைய பெருஞ்செல்வம் என்புகல்வேன் அம்மா / செல்லாத அண்டமட்டோ அப்புறத்தப் பாலும் / சிவஞானப் பெருஞ்செல்வம் சிறப்பதுகண் டறியே.,https://www.thiruarutpa.org/thirumurai/v/T377/tm/anupava_maalai,M,,silver-unverified
6,T377,147. அனுபவ மாலை,28,cosmos,cosmos:அண்ட,,வான்கண்ட பிரமர்களும் நாரணரும் பிறரும் / மாதவம்பன் னாட்புரிந்து வருந்துகின்றார் அந்தோ / நான்கண்ட காட்சியவர் கண்டிலரே உலகில் / நான்ஒருபெண் செய்ததவம் எத்தவமோ அறியேன் / கோன்கண்ட குடிக்கொன்றும் குறைவிலையேல் அண்ட / கோடிஎலாம் தனிப்பெருஞ்செங் கோல்நடத்தும் இறைவர் / தான்கண்ட குடியானேன் குறைகளெலாம் தவிர்ந்தேன் / தனித்தவள மாடமிசை இனித்திருக் கின்றேனே.,https://www.thiruarutpa.org/thirumurai/v/T377/tm/anupava_maalai,M,,silver-unverified
6,T377,147. அனுபவ மாலை,45,cosmos,cosmos:அண்ட,,கூசுகின்ற தென்னடிநான் அம்பலத்தே நடிக்கும் / கூத்தாடிக் கணவருக்கே மாலையிட்டாய் எனவே / ஏசுகின்றார் ஆரடியோ அண்டபகி ரண்டத் / திருக்கின்ற சத்தர்களும் சத்திகளும் பிறரும் / பேசுகின்ற வார்த்தைஎலாம் வள்ளல்அருட் கூத்தின் / பெருமையலால் வேறொன்றும் பேசுகின்ற திலையே / வீசுகின்ற பெருஞ்சோதித் திருக்கூத்தின் திறமே / வேதமுடன் ஆகமங்கள் விளம்புகின்ற தன்றே.,https://www.thiruarutpa.org/thirumurai/v/T377/tm/anupava_maalai,M,,silver-unverified
6,T377,147. அனுபவ மாலை,47,cosmos,cosmos:அண்ட,light_generic:விளக்க,கொடிஇடைப்பெண் பேதாய்நீ அம்பலத்தே நடிக்கும் / கூத்தாடி என்றெனது கொழுநர்தமைக் குறித்தாய் / படிஇடத்தே வான்இடத்தே பாதலத்தே அண்ட / பகிரண்ட கோடியிலே பதிவிளக்கம் எல்லாம் / அடிமலர்கொண் டையர்செய்யும் திருக்கூத்தின் விளக்கம் / ஆகும்இது சத்தியம்என் றருமறைஆ கமங்கள் / கெடியுறவே பறையடித்துத் திரிகின்ற அவற்றைக் / கேட்டறிந்து கொள்வாய்நின் வாட்டமெலாம் தவிர்ந்தே.,https://www.thiruarutpa.org/thirumurai/v/T377/tm/anupava_maalai,M,,silver-unverified
6,T377,147. அனுபவ மாலை,54,cosmos,cosmos:அண்ட,"light_generic:ஒளி,தீபம்",ஈற்றறியேன் இருந்திருந்திங் கதிசயிப்ப தென்நீ / என்கின்றாய் நீஎனைவிட் டேகுதொறும் நான்தான் / காற்றறியாத் தீபம்போல் இருந்திடும்அத் தருணம் / கண்டபரி சென்புகல்வேன் அண்டபகி ரண்டம் / தோற்றறியாப் பெருஞ்சோதி மலைபரநா தத்தே / தோன்றியதாங் கதன்நடுவே தோன்றியதொன் றதுதான் / மாற்றறியாப் பொன்ஒளியோ அவ்வொளிக்குள் ஆடும் / வள்ளல்அருள் ஒளியோஈ ததிசயிக்கும் வகையே.,https://www.thiruarutpa.org/thirumurai/v/T377/tm/anupava_maalai,M,,silver-unverified
6,T377,147. அனுபவ மாலை,80,cosmos,cosmos:அண்ட,,நாடுகின்ற பலகோடி அண்டபகி ரண்ட / நாட்டார்கள் யாவரும்அந் நாட்டாண்மை வேண்டி / நீடுகின்ற தேவர்என்றும் மூர்த்திகள்தாம் என்றும் / நித்தியர்கள் என்றும்அங்கே நிலைத்ததெலாம் மன்றில் / ஆடுகின்ற திருவடிக்கே தங்கள்தங்கள் தரத்துக் / கானவகை சொல்மாலை அணிந்ததனால் அன்றோ / பாடுகின்ற என்னுடைய பாட்டெல்லாம் பொன்னம் / பலப்பாட்டே திருச்சிற்றம் பலப்பாட்டே தோழி.,https://www.thiruarutpa.org/thirumurai/v/T377/tm/anupava_maalai,M,,silver-unverified
